{"level":"info","ts":"2025-08-21T23:55:23.590+0800","caller":"app/app.go:284","msg":"Starting application","name":"apiserver","version":"{\"gitVersion\":\"v0.0.0-master+$Format:%h$\",\"gitCommit\":\"$Format:%H$\",\"gitTreeState\":\"\",\"buildDate\":\"1970-01-01T00:00:00Z\",\"goVersion\":\"go1.25.0\",\"compiler\":\"gc\",\"platform\":\"darwin/arm64\"}"}
{"level":"info","ts":"2025-08-21T23:55:23.590+0800","caller":"app/app.go:285","msg":"Golang settings","GOGC":"","GOMAXPROCS":"","GOTRACEBACK":""}
{"level":"debug","ts":"2025-08-21T23:55:23.590+0800","caller":"app/config.go:76","func":"github.com/costa92/go-protoc/v2/pkg/app.PrintConfig","msg":"CFG: log.caller-encoder=short","type":"zap"}
{"level":"debug","ts":"2025-08-21T23:55:23.590+0800","caller":"app/config.go:76","func":"github.com/costa92/go-protoc/v2/pkg/app.PrintConfig","msg":"CFG: jaeger.agent-port=6831","type":"zap"}
{"level":"debug","ts":"2025-08-21T23:55:23.590+0800","caller":"app/config.go:76","func":"github.com/costa92/go-protoc/v2/pkg/app.PrintConfig","msg":"CFG: pool-monitor.redis.enabled=true","type":"zap"}
{"level":"debug","ts":"2025-08-21T23:55:23.590+0800","caller":"app/config.go:76","func":"github.com/costa92/go-protoc/v2/pkg/app.PrintConfig","msg":"CFG: sentry.enabled=false","type":"zap"}
{"level":"debug","ts":"2025-08-21T23:55:23.590+0800","caller":"app/config.go:76","func":"github.com/costa92/go-protoc/v2/pkg/app.PrintConfig","msg":"CFG: log.stacktrace-key=stacktrace","type":"zap"}
{"level":"debug","ts":"2025-08-21T23:55:23.590+0800","caller":"app/config.go:76","func":"github.com/costa92/go-protoc/v2/pkg/app.PrintConfig","msg":"CFG: log.disable-function-at-info=true","type":"zap"}
{"level":"debug","ts":"2025-08-21T23:55:23.590+0800","caller":"app/config.go:76","func":"github.com/costa92/go-protoc/v2/pkg/app.PrintConfig","msg":"CFG: sentry.send-default-pii=false","type":"zap"}
{"level":"debug","ts":"2025-08-21T23:55:23.590+0800","caller":"app/config.go:76","func":"github.com/costa92/go-protoc/v2/pkg/app.PrintConfig","msg":"CFG: sentry.server-name=","type":"zap"}
{"level":"debug","ts":"2025-08-21T23:55:23.590+0800","caller":"app/config.go:76","func":"github.com/costa92/go-protoc/v2/pkg/app.PrintConfig","msg":"CFG: log.otlp.resource_attributes.service.namespace=go-protoc","type":"zap"}
{"level":"debug","ts":"2025-08-21T23:55:23.590+0800","caller":"app/config.go:76","func":"github.com/costa92/go-protoc/v2/pkg/app.PrintConfig","msg":"CFG: log.time-encoder=iso8601","type":"zap"}
{"level":"debug","ts":"2025-08-21T23:55:23.590+0800","caller":"app/config.go:76","func":"github.com/costa92/go-protoc/v2/pkg/app.PrintConfig","msg":"CFG: sentry.max-breadcrumbs=100","type":"zap"}
{"level":"debug","ts":"2025-08-21T23:55:23.590+0800","caller":"app/config.go:76","func":"github.com/costa92/go-protoc/v2/pkg/app.PrintConfig","msg":"CFG: sentry.flush-timeout=5s","type":"zap"}
{"level":"debug","ts":"2025-08-21T23:55:23.590+0800","caller":"app/config.go:76","func":"github.com/costa92/go-protoc/v2/pkg/app.PrintConfig","msg":"CFG: sentry.attach-stacktrace=true","type":"zap"}
{"level":"debug","ts":"2025-08-21T23:55:23.590+0800","caller":"app/config.go:76","func":"github.com/costa92/go-protoc/v2/pkg/app.PrintConfig","msg":"CFG: jaeger.reporter-log-spans=true","type":"zap"}
{"level":"debug","ts":"2025-08-21T23:55:23.590+0800","caller":"app/config.go:76","func":"github.com/costa92/go-protoc/v2/pkg/app.PrintConfig","msg":"CFG: log.output-paths=[stdout logs/apiserver/app.log]","type":"zap"}
{"level":"debug","ts":"2025-08-21T23:55:23.590+0800","caller":"app/config.go:76","func":"github.com/costa92/go-protoc/v2/pkg/app.PrintConfig","msg":"CFG: grpc.addr=0.0.0.0:9090","type":"zap"}
{"level":"debug","ts":"2025-08-21T23:55:23.590+0800","caller":"app/config.go:76","func":"github.com/costa92/go-protoc/v2/pkg/app.PrintConfig","msg":"CFG: redis.pool-timeout=4s","type":"zap"}
{"level":"debug","ts":"2025-08-21T23:55:23.590+0800","caller":"app/config.go:76","func":"github.com/costa92/go-protoc/v2/pkg/app.PrintConfig","msg":"CFG: log.victoria-logs.endpoint=http://127.0.0.1:9428","type":"zap"}
{"level":"debug","ts":"2025-08-21T23:55:23.590+0800","caller":"app/config.go:76","func":"github.com/costa92/go-protoc/v2/pkg/app.PrintConfig","msg":"CFG: config=configs/apiserver.yaml","type":"zap"}
{"level":"debug","ts":"2025-08-21T23:55:23.590+0800","caller":"app/config.go:76","func":"github.com/costa92/go-protoc/v2/pkg/app.PrintConfig","msg":"CFG: sentry.profiles-sample-rate=0.1","type":"zap"}
{"level":"debug","ts":"2025-08-21T23:55:23.590+0800","caller":"app/config.go:76","func":"github.com/costa92/go-protoc/v2/pkg/app.PrintConfig","msg":"CFG: log.encoding=json","type":"zap"}
{"level":"debug","ts":"2025-08-21T23:55:23.590+0800","caller":"app/config.go:76","func":"github.com/costa92/go-protoc/v2/pkg/app.PrintConfig","msg":"CFG: log.victoria-logs.enabled=false","type":"zap"}
{"level":"debug","ts":"2025-08-21T23:55:23.590+0800","caller":"app/config.go:76","func":"github.com/costa92/go-protoc/v2/pkg/app.PrintConfig","msg":"CFG: log.otlp.export_timeout=30s","type":"zap"}
{"level":"debug","ts":"2025-08-21T23:55:23.590+0800","caller":"app/config.go:76","func":"github.com/costa92/go-protoc/v2/pkg/app.PrintConfig","msg":"CFG: log.encoder-config.level-encoder=lowercase","type":"zap"}
{"level":"debug","ts":"2025-08-21T23:55:23.590+0800","caller":"app/config.go:76","func":"github.com/costa92/go-protoc/v2/pkg/app.PrintConfig","msg":"CFG: log.encoder-config.caller-encoder=short","type":"zap"}
{"level":"debug","ts":"2025-08-21T23:55:23.590+0800","caller":"app/config.go:76","func":"github.com/costa92/go-protoc/v2/pkg/app.PrintConfig","msg":"CFG: feature-gates=","type":"zap"}
{"level":"debug","ts":"2025-08-21T23:55:23.590+0800","caller":"app/config.go:76","func":"github.com/costa92/go-protoc/v2/pkg/app.PrintConfig","msg":"CFG: redis.database=0","type":"zap"}
{"level":"debug","ts":"2025-08-21T23:55:23.590+0800","caller":"app/config.go:76","func":"github.com/costa92/go-protoc/v2/pkg/app.PrintConfig","msg":"CFG: redis.enable-trace=true","type":"zap"}
{"level":"debug","ts":"2025-08-21T23:55:23.590+0800","caller":"app/config.go:76","func":"github.com/costa92/go-protoc/v2/pkg/app.PrintConfig","msg":"CFG: log.encoder-config.level-key=level","type":"zap"}
{"level":"debug","ts":"2025-08-21T23:55:23.590+0800","caller":"app/config.go:76","func":"github.com/costa92/go-protoc/v2/pkg/app.PrintConfig","msg":"CFG: log.enable-color=false","type":"zap"}
{"level":"debug","ts":"2025-08-21T23:55:23.590+0800","caller":"app/config.go:76","func":"github.com/costa92/go-protoc/v2/pkg/app.PrintConfig","msg":"CFG: log.dynamic=false","type":"zap"}
{"level":"debug","ts":"2025-08-21T23:55:23.590+0800","caller":"app/config.go:76","func":"github.com/costa92/go-protoc/v2/pkg/app.PrintConfig","msg":"CFG: log.otlp.insecure=true","type":"zap"}
{"level":"debug","ts":"2025-08-21T23:55:23.590+0800","caller":"app/config.go:76","func":"github.com/costa92/go-protoc/v2/pkg/app.PrintConfig","msg":"CFG: log.initial-fields.version=v2.0.0","type":"zap"}
{"level":"debug","ts":"2025-08-21T23:55:23.590+0800","caller":"app/config.go:76","func":"github.com/costa92/go-protoc/v2/pkg/app.PrintConfig","msg":"CFG: sentry.release=","type":"zap"}
{"level":"debug","ts":"2025-08-21T23:55:23.590+0800","caller":"app/config.go:76","func":"github.com/costa92/go-protoc/v2/pkg/app.PrintConfig","msg":"CFG: jwt.signing-method=HS512","type":"zap"}
{"level":"debug","ts":"2025-08-21T23:55:23.590+0800","caller":"app/config.go:76","func":"github.com/costa92/go-protoc/v2/pkg/app.PrintConfig","msg":"CFG: redis.read-timeout=3s","type":"zap"}
{"level":"debug","ts":"2025-08-21T23:55:23.590+0800","caller":"app/config.go:76","func":"github.com/costa92/go-protoc/v2/pkg/app.PrintConfig","msg":"CFG: log.disable-stacktrace=false","type":"zap"}
{"level":"debug","ts":"2025-08-21T23:55:23.590+0800","caller":"app/config.go:76","func":"github.com/costa92/go-protoc/v2/pkg/app.PrintConfig","msg":"CFG: mysql.max-connection-life-time=10s","type":"zap"}
{"level":"debug","ts":"2025-08-21T23:55:23.590+0800","caller":"app/config.go:76","func":"github.com/costa92/go-protoc/v2/pkg/app.PrintConfig","msg":"CFG: jwt.max-refresh=2h","type":"zap"}
{"level":"debug","ts":"2025-08-21T23:55:23.590+0800","caller":"app/config.go:76","func":"github.com/costa92/go-protoc/v2/pkg/app.PrintConfig","msg":"CFG: sentry.debug=false","type":"zap"}
{"level":"debug","ts":"2025-08-21T23:55:23.590+0800","caller":"app/config.go:76","func":"github.com/costa92/go-protoc/v2/pkg/app.PrintConfig","msg":"CFG: help=false","type":"zap"}
{"level":"debug","ts":"2025-08-21T23:55:23.590+0800","caller":"app/config.go:76","func":"github.com/costa92/go-protoc/v2/pkg/app.PrintConfig","msg":"CFG: http.network=tcp","type":"zap"}
{"level":"debug","ts":"2025-08-21T23:55:23.590+0800","caller":"app/config.go:76","func":"github.com/costa92/go-protoc/v2/pkg/app.PrintConfig","msg":"CFG: log.victoria-logs.version=v2.0.0","type":"zap"}
{"level":"debug","ts":"2025-08-21T23:55:23.590+0800","caller":"app/config.go:76","func":"github.com/costa92/go-protoc/v2/pkg/app.PrintConfig","msg":"CFG: redis.password=","type":"zap"}
{"level":"debug","ts":"2025-08-21T23:55:23.590+0800","caller":"app/config.go:76","func":"github.com/costa92/go-protoc/v2/pkg/app.PrintConfig","msg":"CFG: jaeger.service-name=apiserver","type":"zap"}
{"level":"debug","ts":"2025-08-21T23:55:23.590+0800","caller":"app/config.go:76","func":"github.com/costa92/go-protoc/v2/pkg/app.PrintConfig","msg":"CFG: log.development=false","type":"zap"}
{"level":"debug","ts":"2025-08-21T23:55:23.590+0800","caller":"app/config.go:76","func":"github.com/costa92/go-protoc/v2/pkg/app.PrintConfig","msg":"CFG: jaeger.sampler-type=const","type":"zap"}
{"level":"debug","ts":"2025-08-21T23:55:23.591+0800","caller":"app/config.go:76","func":"github.com/costa92/go-protoc/v2/pkg/app.PrintConfig","msg":"CFG: pool-monitor.enabled=true","type":"zap"}
{"level":"debug","ts":"2025-08-21T23:55:23.591+0800","caller":"app/config.go:76","func":"github.com/costa92/go-protoc/v2/pkg/app.PrintConfig","msg":"CFG: sentry.enable-profiling=false","type":"zap"}
{"level":"debug","ts":"2025-08-21T23:55:23.591+0800","caller":"app/config.go:76","func":"github.com/costa92/go-protoc/v2/pkg/app.PrintConfig","msg":"CFG: redis.pool-size=10","type":"zap"}
{"level":"debug","ts":"2025-08-21T23:55:23.591+0800","caller":"app/config.go:76","func":"github.com/costa92/go-protoc/v2/pkg/app.PrintConfig","msg":"CFG: log.victoria-logs.service=apiserver","type":"zap"}
{"level":"debug","ts":"2025-08-21T23:55:23.591+0800","caller":"app/config.go:76","func":"github.com/costa92/go-protoc/v2/pkg/app.PrintConfig","msg":"CFG: log.otlp.batch_size=100","type":"zap"}
{"level":"debug","ts":"2025-08-21T23:55:23.591+0800","caller":"app/config.go:76","func":"github.com/costa92/go-protoc/v2/pkg/app.PrintConfig","msg":"CFG: log.otlp.endpoint=127.0.0.1:4327","type":"zap"}
{"level":"debug","ts":"2025-08-21T23:55:23.591+0800","caller":"app/config.go:76","func":"github.com/costa92/go-protoc/v2/pkg/app.PrintConfig","msg":"CFG: v=0","type":"zap"}
{"level":"debug","ts":"2025-08-21T23:55:23.591+0800","caller":"app/config.go:76","func":"github.com/costa92/go-protoc/v2/pkg/app.PrintConfig","msg":"CFG: mysql.max-idle-connections=100","type":"zap"}
{"level":"debug","ts":"2025-08-21T23:55:23.591+0800","caller":"app/config.go:76","func":"github.com/costa92/go-protoc/v2/pkg/app.PrintConfig","msg":"CFG: version=false","type":"zap"}
{"level":"debug","ts":"2025-08-21T23:55:23.591+0800","caller":"app/config.go:76","func":"github.com/costa92/go-protoc/v2/pkg/app.PrintConfig","msg":"CFG: log.max-backups=5","type":"zap"}
{"level":"debug","ts":"2025-08-21T23:55:23.591+0800","caller":"app/config.go:76","func":"github.com/costa92/go-protoc/v2/pkg/app.PrintConfig","msg":"CFG: log.victoria-logs.batch-size=100","type":"zap"}
{"level":"debug","ts":"2025-08-21T23:55:23.591+0800","caller":"app/config.go:76","func":"github.com/costa92/go-protoc/v2/pkg/app.PrintConfig","msg":"CFG: redis.max-retries=3","type":"zap"}
{"level":"debug","ts":"2025-08-21T23:55:23.591+0800","caller":"app/config.go:76","func":"github.com/costa92/go-protoc/v2/pkg/app.PrintConfig","msg":"CFG: log.victoria-logs.flush-interval=5","type":"zap"}
{"level":"debug","ts":"2025-08-21T23:55:23.591+0800","caller":"app/config.go:76","func":"github.com/costa92/go-protoc/v2/pkg/app.PrintConfig","msg":"CFG: log.otlp.resource_attributes.service.name=apiserver","type":"zap"}
{"level":"debug","ts":"2025-08-21T23:55:23.591+0800","caller":"app/config.go:76","func":"github.com/costa92/go-protoc/v2/pkg/app.PrintConfig","msg":"CFG: redis.username=","type":"zap"}
{"level":"debug","ts":"2025-08-21T23:55:23.591+0800","caller":"app/config.go:76","func":"github.com/costa92/go-protoc/v2/pkg/app.PrintConfig","msg":"CFG: sentry.traces-sample-rate=0.1","type":"zap"}
{"level":"debug","ts":"2025-08-21T23:55:23.591+0800","caller":"app/config.go:76","func":"github.com/costa92/go-protoc/v2/pkg/app.PrintConfig","msg":"CFG: sentry.environment=development","type":"zap"}
{"level":"debug","ts":"2025-08-21T23:55:23.591+0800","caller":"app/config.go:76","func":"github.com/costa92/go-protoc/v2/pkg/app.PrintConfig","msg":"CFG: jaeger.server=127.0.0.1:6831","type":"zap"}
{"level":"debug","ts":"2025-08-21T23:55:23.591+0800","caller":"app/config.go:76","func":"github.com/costa92/go-protoc/v2/pkg/app.PrintConfig","msg":"CFG: log.max-size=100","type":"zap"}
{"level":"debug","ts":"2025-08-21T23:55:23.591+0800","caller":"app/config.go:76","func":"github.com/costa92/go-protoc/v2/pkg/app.PrintConfig","msg":"CFG: pool-monitor.database.enabled=true","type":"zap"}
{"level":"debug","ts":"2025-08-21T23:55:23.591+0800","caller":"app/config.go:76","func":"github.com/costa92/go-protoc/v2/pkg/app.PrintConfig","msg":"CFG: jwt.key=onex(#)666","type":"zap"}
{"level":"debug","ts":"2025-08-21T23:55:23.591+0800","caller":"app/config.go:76","func":"github.com/costa92/go-protoc/v2/pkg/app.PrintConfig","msg":"CFG: jaeger.sampler-param=1","type":"zap"}
{"level":"debug","ts":"2025-08-21T23:55:23.591+0800","caller":"app/config.go:76","func":"github.com/costa92/go-protoc/v2/pkg/app.PrintConfig","msg":"CFG: log.function-key=func","type":"zap"}
{"level":"debug","ts":"2025-08-21T23:55:23.591+0800","caller":"app/config.go:76","func":"github.com/costa92/go-protoc/v2/pkg/app.PrintConfig","msg":"CFG: log.level-key=level","type":"zap"}
{"level":"debug","ts":"2025-08-21T23:55:23.591+0800","caller":"app/config.go:76","func":"github.com/costa92/go-protoc/v2/pkg/app.PrintConfig","msg":"CFG: log.level-encoder=lowercase","type":"zap"}
{"level":"debug","ts":"2025-08-21T23:55:23.591+0800","caller":"app/config.go:76","func":"github.com/costa92/go-protoc/v2/pkg/app.PrintConfig","msg":"CFG: jwt.expired=2h","type":"zap"}
{"level":"debug","ts":"2025-08-21T23:55:23.591+0800","caller":"app/config.go:76","func":"github.com/costa92/go-protoc/v2/pkg/app.PrintConfig","msg":"CFG: mysql.host=127.0.0.1","type":"zap"}
{"level":"debug","ts":"2025-08-21T23:55:23.591+0800","caller":"app/config.go:76","func":"github.com/costa92/go-protoc/v2/pkg/app.PrintConfig","msg":"CFG: sentry.ignore-errors=[]","type":"zap"}
{"level":"debug","ts":"2025-08-21T23:55:23.591+0800","caller":"app/config.go:76","func":"github.com/costa92/go-protoc/v2/pkg/app.PrintConfig","msg":"CFG: log.otlp.resource_attributes.deployment.environment=development","type":"zap"}
{"level":"debug","ts":"2025-08-21T23:55:23.591+0800","caller":"app/config.go:76","func":"github.com/costa92/go-protoc/v2/pkg/app.PrintConfig","msg":"CFG: pool-monitor.collect-interval=30s","type":"zap"}
{"level":"debug","ts":"2025-08-21T23:55:23.591+0800","caller":"app/config.go:76","func":"github.com/costa92/go-protoc/v2/pkg/app.PrintConfig","msg":"CFG: log.caller-key=caller","type":"zap"}
{"level":"debug","ts":"2025-08-21T23:55:23.591+0800","caller":"app/config.go:76","func":"github.com/costa92/go-protoc/v2/pkg/app.PrintConfig","msg":"CFG: log.otlp.resource_attributes.service.version=v2.0.0","type":"zap"}
{"level":"debug","ts":"2025-08-21T23:55:23.591+0800","caller":"app/config.go:76","func":"github.com/costa92/go-protoc/v2/pkg/app.PrintConfig","msg":"CFG: log.otlp.timeout=10s","type":"zap"}
{"level":"debug","ts":"2025-08-21T23:55:23.591+0800","caller":"app/config.go:76","func":"github.com/costa92/go-protoc/v2/pkg/app.PrintConfig","msg":"CFG: log.encoder-config.stacktrace-key=stacktrace","type":"zap"}
{"level":"debug","ts":"2025-08-21T23:55:23.591+0800","caller":"app/config.go:76","func":"github.com/costa92/go-protoc/v2/pkg/app.PrintConfig","msg":"CFG: log.encoder-config.caller-key=caller","type":"zap"}
{"level":"debug","ts":"2025-08-21T23:55:23.591+0800","caller":"app/config.go:76","func":"github.com/costa92/go-protoc/v2/pkg/app.PrintConfig","msg":"CFG: log.max-age=7","type":"zap"}
{"level":"debug","ts":"2025-08-21T23:55:23.591+0800","caller":"app/config.go:76","func":"github.com/costa92/go-protoc/v2/pkg/app.PrintConfig","msg":"CFG: grpc.timeout=10s","type":"zap"}
{"level":"debug","ts":"2025-08-21T23:55:23.591+0800","caller":"app/config.go:76","func":"github.com/costa92/go-protoc/v2/pkg/app.PrintConfig","msg":"CFG: log.type=zap","type":"zap"}
{"level":"debug","ts":"2025-08-21T23:55:23.591+0800","caller":"app/config.go:76","func":"github.com/costa92/go-protoc/v2/pkg/app.PrintConfig","msg":"CFG: log.encoder-config.time-key=ts","type":"zap"}
{"level":"debug","ts":"2025-08-21T23:55:23.591+0800","caller":"app/config.go:76","func":"github.com/costa92/go-protoc/v2/pkg/app.PrintConfig","msg":"CFG: log.encoder-config.time-encoder=iso8601","type":"zap"}
{"level":"debug","ts":"2025-08-21T23:55:23.591+0800","caller":"app/config.go:76","func":"github.com/costa92/go-protoc/v2/pkg/app.PrintConfig","msg":"CFG: mysql.database=protoc","type":"zap"}
{"level":"debug","ts":"2025-08-21T23:55:23.591+0800","caller":"app/config.go:76","func":"github.com/costa92/go-protoc/v2/pkg/app.PrintConfig","msg":"CFG: mysql.log-mode=1","type":"zap"}
{"level":"debug","ts":"2025-08-21T23:55:23.591+0800","caller":"app/config.go:76","func":"github.com/costa92/go-protoc/v2/pkg/app.PrintConfig","msg":"CFG: log.victoria-logs.timeout=10","type":"zap"}
{"level":"debug","ts":"2025-08-21T23:55:23.591+0800","caller":"app/config.go:76","func":"github.com/costa92/go-protoc/v2/pkg/app.PrintConfig","msg":"CFG: log.encoder-config.function-key=func","type":"zap"}
{"level":"debug","ts":"2025-08-21T23:55:23.591+0800","caller":"app/config.go:76","func":"github.com/costa92/go-protoc/v2/pkg/app.PrintConfig","msg":"CFG: grpc.network=tcp","type":"zap"}
{"level":"debug","ts":"2025-08-21T23:55:23.591+0800","caller":"app/config.go:76","func":"github.com/costa92/go-protoc/v2/pkg/app.PrintConfig","msg":"CFG: log.level=debug","type":"zap"}
{"level":"debug","ts":"2025-08-21T23:55:23.591+0800","caller":"app/config.go:76","func":"github.com/costa92/go-protoc/v2/pkg/app.PrintConfig","msg":"CFG: mysql.username=root","type":"zap"}
{"level":"debug","ts":"2025-08-21T23:55:23.591+0800","caller":"app/config.go:76","func":"github.com/costa92/go-protoc/v2/pkg/app.PrintConfig","msg":"CFG: redis.write-timeout=3s","type":"zap"}
{"level":"debug","ts":"2025-08-21T23:55:23.591+0800","caller":"app/config.go:76","func":"github.com/costa92/go-protoc/v2/pkg/app.PrintConfig","msg":"CFG: sentry.enable-tracing=true","type":"zap"}
{"level":"debug","ts":"2025-08-21T23:55:23.591+0800","caller":"app/config.go:76","func":"github.com/costa92/go-protoc/v2/pkg/app.PrintConfig","msg":"CFG: log.initial-fields.service=apiserver","type":"zap"}
{"level":"debug","ts":"2025-08-21T23:55:23.591+0800","caller":"app/config.go:76","func":"github.com/costa92/go-protoc/v2/pkg/app.PrintConfig","msg":"CFG: mysql.log-level=1","type":"zap"}
{"level":"debug","ts":"2025-08-21T23:55:23.591+0800","caller":"app/config.go:76","func":"github.com/costa92/go-protoc/v2/pkg/app.PrintConfig","msg":"CFG: mysql.password=proj(#)666","type":"zap"}
{"level":"debug","ts":"2025-08-21T23:55:23.591+0800","caller":"app/config.go:76","func":"github.com/costa92/go-protoc/v2/pkg/app.PrintConfig","msg":"CFG: vmodule=","type":"zap"}
{"level":"debug","ts":"2025-08-21T23:55:23.591+0800","caller":"app/config.go:76","func":"github.com/costa92/go-protoc/v2/pkg/app.PrintConfig","msg":"CFG: log.message-key=msg","type":"zap"}
{"level":"debug","ts":"2025-08-21T23:55:23.591+0800","caller":"app/config.go:76","func":"github.com/costa92/go-protoc/v2/pkg/app.PrintConfig","msg":"CFG: jaeger.agent-host=127.0.0.1","type":"zap"}
{"level":"debug","ts":"2025-08-21T23:55:23.591+0800","caller":"app/config.go:76","func":"github.com/costa92/go-protoc/v2/pkg/app.PrintConfig","msg":"CFG: log.initial-fields.environment=development","type":"zap"}
{"level":"debug","ts":"2025-08-21T23:55:23.591+0800","caller":"app/config.go:76","func":"github.com/costa92/go-protoc/v2/pkg/app.PrintConfig","msg":"CFG: pool-monitor.namespace=apiserver","type":"zap"}
{"level":"debug","ts":"2025-08-21T23:55:23.591+0800","caller":"app/config.go:76","func":"github.com/costa92/go-protoc/v2/pkg/app.PrintConfig","msg":"CFG: log.caller-skip=1","type":"zap"}
{"level":"debug","ts":"2025-08-21T23:55:23.591+0800","caller":"app/config.go:76","func":"github.com/costa92/go-protoc/v2/pkg/app.PrintConfig","msg":"CFG: log.disable-caller=false","type":"zap"}
{"level":"debug","ts":"2025-08-21T23:55:23.591+0800","caller":"app/config.go:76","func":"github.com/costa92/go-protoc/v2/pkg/app.PrintConfig","msg":"CFG: mysql.max-open-connections=100","type":"zap"}
{"level":"debug","ts":"2025-08-21T23:55:23.591+0800","caller":"app/config.go:76","func":"github.com/costa92/go-protoc/v2/pkg/app.PrintConfig","msg":"CFG: redis.dial-timeout=5s","type":"zap"}
{"level":"debug","ts":"2025-08-21T23:55:23.591+0800","caller":"app/config.go:76","func":"github.com/costa92/go-protoc/v2/pkg/app.PrintConfig","msg":"CFG: sentry.sample-rate=1","type":"zap"}
{"level":"debug","ts":"2025-08-21T23:55:23.592+0800","caller":"app/config.go:76","func":"github.com/costa92/go-protoc/v2/pkg/app.PrintConfig","msg":"CFG: log-flush-frequency=5s","type":"zap"}
{"level":"debug","ts":"2025-08-21T23:55:23.592+0800","caller":"app/config.go:76","func":"github.com/costa92/go-protoc/v2/pkg/app.PrintConfig","msg":"CFG: log.encoder-config.message-key=msg","type":"zap"}
{"level":"debug","ts":"2025-08-21T23:55:23.592+0800","caller":"app/config.go:76","func":"github.com/costa92/go-protoc/v2/pkg/app.PrintConfig","msg":"CFG: log.format=json","type":"zap"}
{"level":"debug","ts":"2025-08-21T23:55:23.592+0800","caller":"app/config.go:76","func":"github.com/costa92/go-protoc/v2/pkg/app.PrintConfig","msg":"CFG: log.compress=true","type":"zap"}
{"level":"debug","ts":"2025-08-21T23:55:23.592+0800","caller":"app/config.go:76","func":"github.com/costa92/go-protoc/v2/pkg/app.PrintConfig","msg":"CFG: log.time-key=ts","type":"zap"}
{"level":"debug","ts":"2025-08-21T23:55:23.592+0800","caller":"app/config.go:76","func":"github.com/costa92/go-protoc/v2/pkg/app.PrintConfig","msg":"CFG: jaeger.enabled=true","type":"zap"}
{"level":"debug","ts":"2025-08-21T23:55:23.592+0800","caller":"app/config.go:76","func":"github.com/costa92/go-protoc/v2/pkg/app.PrintConfig","msg":"CFG: pool-monitor.database.slow-query=1s","type":"zap"}
{"level":"debug","ts":"2025-08-21T23:55:23.592+0800","caller":"app/config.go:76","func":"github.com/costa92/go-protoc/v2/pkg/app.PrintConfig","msg":"CFG: http.timeout=10s","type":"zap"}
{"level":"debug","ts":"2025-08-21T23:55:23.592+0800","caller":"app/config.go:76","func":"github.com/costa92/go-protoc/v2/pkg/app.PrintConfig","msg":"CFG: redis.addr=127.0.0.1:6379","type":"zap"}
{"level":"debug","ts":"2025-08-21T23:55:23.592+0800","caller":"app/config.go:76","func":"github.com/costa92/go-protoc/v2/pkg/app.PrintConfig","msg":"CFG: jaeger.env=development","type":"zap"}
{"level":"debug","ts":"2025-08-21T23:55:23.592+0800","caller":"app/config.go:76","func":"github.com/costa92/go-protoc/v2/pkg/app.PrintConfig","msg":"CFG: redis.min-idle-conns=0","type":"zap"}
{"level":"debug","ts":"2025-08-21T23:55:23.592+0800","caller":"app/config.go:76","func":"github.com/costa92/go-protoc/v2/pkg/app.PrintConfig","msg":"CFG: log.error-output-paths=[stderr]","type":"zap"}
{"level":"debug","ts":"2025-08-21T23:55:23.592+0800","caller":"app/config.go:76","func":"github.com/costa92/go-protoc/v2/pkg/app.PrintConfig","msg":"CFG: log.victoria-logs.environment=development","type":"zap"}
{"level":"debug","ts":"2025-08-21T23:55:23.592+0800","caller":"app/config.go:76","func":"github.com/costa92/go-protoc/v2/pkg/app.PrintConfig","msg":"CFG: log.otlp.enabled=true","type":"zap"}
{"level":"debug","ts":"2025-08-21T23:55:23.592+0800","caller":"app/config.go:76","func":"github.com/costa92/go-protoc/v2/pkg/app.PrintConfig","msg":"CFG: mysql.enable-trace=true","type":"zap"}
{"level":"debug","ts":"2025-08-21T23:55:23.592+0800","caller":"app/config.go:76","func":"github.com/costa92/go-protoc/v2/pkg/app.PrintConfig","msg":"CFG: sentry.dsn=","type":"zap"}
{"level":"debug","ts":"2025-08-21T23:55:23.592+0800","caller":"app/config.go:76","func":"github.com/costa92/go-protoc/v2/pkg/app.PrintConfig","msg":"CFG: http.addr=0.0.0.0:8080","type":"zap"}
{"level":"debug","ts":"2025-08-21T23:55:23.592+0800","caller":"app/config.go:76","func":"github.com/costa92/go-protoc/v2/pkg/app.PrintConfig","msg":"CFG: log.victoria-logs.buffer-size=1000","type":"zap"}
{"level":"info","ts":"2025-08-21T23:55:23.592+0800","caller":"app/server.go:67","msg":"Connection pool metrics collection is enabled through dependency injection"}
{"level":"info","ts":"2025-08-21T23:55:23.592+0800","caller":"app/server.go:68","msg":"Metrics will be automatically collected by the PoolMonitor when database connections are established"}
{"level":"info","ts":"2025-08-21T23:55:23.592+0800","caller":"app/server.go:71","msg":"Database pool monitoring enabled","slow_query_threshold":1000,"collect_interval":30000}
{"level":"info","ts":"2025-08-21T23:55:23.592+0800","caller":"app/server.go:77","msg":"Redis pool monitoring enabled","collect_interval":30000}
{"level":"info","ts":"2025-08-21T23:55:23.592+0800","caller":"apiserver/server.go:67","msg":"Logger configuration","level":"debug","format":"json"}
{"level":"debug","ts":"2025-08-21T23:55:23.592+0800","caller":"apiserver/server.go:68","func":"github.com/costa92/go-protoc/v2/internal/apiserver.(*Config).NewServer","msg":"Debug logging enabled","type":"zap","caller_skip":2,"enable_color":false}
{"level":"info","ts":"2025-08-21T23:55:23.592+0800","caller":"apiserver/server.go:72","msg":"Validating service connections before startup..."}
{"level":"info","ts":"2025-08-21T23:55:23.592+0800","caller":"apiserver/server.go:76","msg":"Testing MySQL connection..."}
{"level":"info","ts":"2025-08-21T23:55:23.597+0800","caller":"apiserver/server.go:81","msg":"MySQL connection test passed"}
{"level":"info","ts":"2025-08-21T23:55:23.597+0800","caller":"apiserver/server.go:86","msg":"Testing Redis connection..."}
{"level":"info","ts":"2025-08-21T23:55:23.601+0800","caller":"apiserver/server.go:91","msg":"Redis connection test passed"}
{"level":"info","ts":"2025-08-21T23:55:23.601+0800","caller":"apiserver/server.go:96","msg":"Testing Jaeger connection..."}
{"level":"info","ts":"2025-08-21T23:55:23.601+0800","caller":"apiserver/server.go:101","msg":"Jaeger connection test passed"}
{"level":"info","ts":"2025-08-21T23:55:23.601+0800","caller":"apiserver/server.go:104","msg":"All service connections validated successfully"}
{"level":"info","ts":"2025-08-21T23:55:23.697+0800","caller":"server/kratos_server.go:47","msg":"Start to listening the incoming requests","protocol":"kratos"}
{"level":"info","ts":"2025-08-21T23:55:23.698+0800","caller":"logger/kratos_adapter.go:40","msg":"[HTTP] server listening on: [::]:8080","ts":"2025-08-21T23:55:23+08:00","caller":"http/server.go:330","msg":"[HTTP] server listening on: [::]:8080"}
{"level":"info","ts":"2025-08-21T23:55:23.698+0800","caller":"logger/kratos_adapter.go:40","msg":"[gRPC] server listening on: [::]:9090","ts":"2025-08-21T23:55:23+08:00","caller":"grpc/server.go:220","msg":"[gRPC] server listening on: [::]:9090"}
{"level":"error","ts":"2025-08-21T23:56:52.104+0800","caller":"handler/user.go:14","func":"github.com/costa92/go-protoc/v2/internal/apiserver/handler.(*Handler).GetUser","msg":"GetUser failed","type":"zap","error":"business logic error","user_id":"1","stacktrace":"github.com/costa92/go-protoc/v2/internal/apiserver/handler.(*Handler).GetUser\n\t/Users/costalong/code/go/src/github.com/costa92/go-protoc/internal/apiserver/handler/user.go:14\ngithub.com/costa92/go-protoc/v2/pkg/api/apiserver/v1.RegisterApiServerHTTPServer._ApiServer_GetUser0_HTTP_Handler.func1.1\n\t/Users/costalong/code/go/src/github.com/costa92/go-protoc/pkg/api/apiserver/v1/apiserver_http.pb.go:47\ngithub.com/costa92/go-protoc/v2/internal/apiserver.NewMiddlewares.Server.func5.1\n\t/Users/costalong/code/go/src/github.com/costa92/go-protoc/internal/pkg/middleware/logging/logging.go:107\ngithub.com/costa92/go-protoc/v2/internal/pkg/middleware/i18n.Translator.func1.1\n\t/Users/costalong/code/go/src/github.com/costa92/go-protoc/internal/pkg/middleware/i18n/i18n.go:28\ngithub.com/costa92/go-protoc/v2/internal/pkg/middleware/tracing.Server.func1.1\n\t/Users/costalong/code/go/src/github.com/costa92/go-protoc/internal/pkg/middleware/tracing/tracing.go:62\ngithub.com/costa92/go-protoc/v2/internal/apiserver.NewMiddlewares.ServerJWTAuth.func2.1\n\t/Users/costalong/code/go/src/github.com/costa92/go-protoc/pkg/middleware/authn/jwt_auth.go:102\ngithub.com/costa92/go-protoc/v2/internal/apiserver.NewMiddlewares.Validator.func1.1\n\t/Users/costalong/code/go/src/github.com/costa92/go-protoc/internal/pkg/middleware/validate/validate_kratos.go:38\ngithub.com/costa92/go-protoc/v2/pkg/api/apiserver/v1.RegisterApiServerHTTPServer._ApiServer_GetUser0_HTTP_Handler.func1\n\t/Users/costalong/code/go/src/github.com/costa92/go-protoc/pkg/api/apiserver/v1/apiserver_http.pb.go:49\ngithub.com/go-kratos/kratos/v2/transport/http.(*Router).Handle.func1\n\t/Users/costalong/.gvm/pkgsets/go1.25/global/pkg/mod/github.com/go-kratos/kratos/v2@v2.8.3/transport/http/router.go:49\nnet/http.HandlerFunc.ServeHTTP\n\t/Users/costalong/.gvm/gos/go1.25/src/net/http/server.go:2322\ngithub.com/go-kratos/kratos/v2/transport/http.NewServer.(*Server).filter.func1.1\n\t/Users/costalong/.gvm/pkgsets/go1.25/global/pkg/mod/github.com/go-kratos/kratos/v2@v2.8.3/transport/http/server.go:305\nnet/http.HandlerFunc.ServeHTTP\n\t/Users/costalong/.gvm/gos/go1.25/src/net/http/server.go:2322\ngithub.com/gorilla/mux.(*Router).ServeHTTP\n\t/Users/costalong/.gvm/pkgsets/go1.25/global/pkg/mod/github.com/gorilla/mux@v1.8.1/mux.go:212\ngithub.com/gorilla/handlers.(*cors).ServeHTTP\n\t/Users/costalong/.gvm/pkgsets/go1.25/global/pkg/mod/github.com/gorilla/handlers@v1.5.2/cors.go:54\nnet/http.serverHandler.ServeHTTP\n\t/Users/costalong/.gvm/gos/go1.25/src/net/http/server.go:3340\nnet/http.(*conn).serve\n\t/Users/costalong/.gvm/gos/go1.25/src/net/http/server.go:2109"}
{"level":"info","ts":"2025-08-21T23:56:52.121+0800","caller":"logger/kratos_adapter.go:40","msg":"apiserver.v1.ApiServer.GetUser","ts":"2025-08-21T23:56:52+08:00","caller":"runtime/asm_arm64.s:1268","kind":"server","component":"http","operation":"/apiserver.v1.ApiServer/GetUser","args":"id:\"1\"","code":0,"reason":"","stack":"","latency":0.016682792}
{"level":"error","ts":"2025-08-21T23:57:04.782+0800","caller":"handler/user.go:14","func":"github.com/costa92/go-protoc/v2/internal/apiserver/handler.(*Handler).GetUser","msg":"GetUser failed","type":"zap","error":"business logic error","user_id":"123","stacktrace":"github.com/costa92/go-protoc/v2/internal/apiserver/handler.(*Handler).GetUser\n\t/Users/costalong/code/go/src/github.com/costa92/go-protoc/internal/apiserver/handler/user.go:14\ngithub.com/costa92/go-protoc/v2/pkg/api/apiserver/v1.RegisterApiServerHTTPServer._ApiServer_GetUser0_HTTP_Handler.func1.1\n\t/Users/costalong/code/go/src/github.com/costa92/go-protoc/pkg/api/apiserver/v1/apiserver_http.pb.go:47\ngithub.com/costa92/go-protoc/v2/internal/apiserver.NewMiddlewares.Server.func5.1\n\t/Users/costalong/code/go/src/github.com/costa92/go-protoc/internal/pkg/middleware/logging/logging.go:107\ngithub.com/costa92/go-protoc/v2/internal/pkg/middleware/i18n.Translator.func1.1\n\t/Users/costalong/code/go/src/github.com/costa92/go-protoc/internal/pkg/middleware/i18n/i18n.go:28\ngithub.com/costa92/go-protoc/v2/internal/pkg/middleware/tracing.Server.func1.1\n\t/Users/costalong/code/go/src/github.com/costa92/go-protoc/internal/pkg/middleware/tracing/tracing.go:62\ngithub.com/costa92/go-protoc/v2/internal/apiserver.NewMiddlewares.ServerJWTAuth.func2.1\n\t/Users/costalong/code/go/src/github.com/costa92/go-protoc/pkg/middleware/authn/jwt_auth.go:102\ngithub.com/costa92/go-protoc/v2/internal/apiserver.NewMiddlewares.Validator.func1.1\n\t/Users/costalong/code/go/src/github.com/costa92/go-protoc/internal/pkg/middleware/validate/validate_kratos.go:38\ngithub.com/costa92/go-protoc/v2/pkg/api/apiserver/v1.RegisterApiServerHTTPServer._ApiServer_GetUser0_HTTP_Handler.func1\n\t/Users/costalong/code/go/src/github.com/costa92/go-protoc/pkg/api/apiserver/v1/apiserver_http.pb.go:49\ngithub.com/go-kratos/kratos/v2/transport/http.(*Router).Handle.func1\n\t/Users/costalong/.gvm/pkgsets/go1.25/global/pkg/mod/github.com/go-kratos/kratos/v2@v2.8.3/transport/http/router.go:49\nnet/http.HandlerFunc.ServeHTTP\n\t/Users/costalong/.gvm/gos/go1.25/src/net/http/server.go:2322\ngithub.com/go-kratos/kratos/v2/transport/http.NewServer.(*Server).filter.func1.1\n\t/Users/costalong/.gvm/pkgsets/go1.25/global/pkg/mod/github.com/go-kratos/kratos/v2@v2.8.3/transport/http/server.go:305\nnet/http.HandlerFunc.ServeHTTP\n\t/Users/costalong/.gvm/gos/go1.25/src/net/http/server.go:2322\ngithub.com/gorilla/mux.(*Router).ServeHTTP\n\t/Users/costalong/.gvm/pkgsets/go1.25/global/pkg/mod/github.com/gorilla/mux@v1.8.1/mux.go:212\ngithub.com/gorilla/handlers.(*cors).ServeHTTP\n\t/Users/costalong/.gvm/pkgsets/go1.25/global/pkg/mod/github.com/gorilla/handlers@v1.5.2/cors.go:54\nnet/http.serverHandler.ServeHTTP\n\t/Users/costalong/.gvm/gos/go1.25/src/net/http/server.go:3340\nnet/http.(*conn).serve\n\t/Users/costalong/.gvm/gos/go1.25/src/net/http/server.go:2109"}
{"level":"error","ts":"2025-08-21T23:57:04.786+0800","caller":"logger/kratos_adapter.go:44","func":"github.com/costa92/go-protoc/v2/pkg/logger.(*kratosLoggerAdapter).Log","msg":"apiserver.v1.ApiServer.GetUser","type":"zap","service.id":"costalongdeMacBook-Pro.local","service.name":"apiserver","service.version":"v0.0.0-master+$Format:%h$","ts":"2025-08-21T23:57:04+08:00","caller":"runtime/asm_arm64.s:1268","kind":"server","component":"http","operation":"/apiserver.v1.ApiServer/GetUser","args":"id:\"123\"","code":500,"reason":"","stack":"user not found","latency":0.004338667,"stacktrace":"github.com/costa92/go-protoc/v2/pkg/logger.(*kratosLoggerAdapter).Log\n\t/Users/costalong/code/go/src/github.com/costa92/go-protoc/pkg/logger/kratos_adapter.go:44\ngithub.com/go-kratos/kratos/v2/log.(*logger).Log\n\t/Users/costalong/.gvm/pkgsets/go1.25/global/pkg/mod/github.com/go-kratos/kratos/v2@v2.8.3/log/log.go:30\ngithub.com/costa92/go-protoc/v2/internal/pkg/middleware/logging.(*AsyncLogger).start.func1\n\t/Users/costalong/code/go/src/github.com/costa92/go-protoc/internal/pkg/middleware/logging/logging.go:49"}
{"level":"error","ts":"2025-08-21T23:57:56.019+0800","caller":"handler/user.go:14","func":"github.com/costa92/go-protoc/v2/internal/apiserver/handler.(*Handler).GetUser","msg":"GetUser failed","type":"zap","error":"business logic error","user_id":"789","stacktrace":"github.com/costa92/go-protoc/v2/internal/apiserver/handler.(*Handler).GetUser\n\t/Users/costalong/code/go/src/github.com/costa92/go-protoc/internal/apiserver/handler/user.go:14\ngithub.com/costa92/go-protoc/v2/pkg/api/apiserver/v1.RegisterApiServerHTTPServer._ApiServer_GetUser0_HTTP_Handler.func1.1\n\t/Users/costalong/code/go/src/github.com/costa92/go-protoc/pkg/api/apiserver/v1/apiserver_http.pb.go:47\ngithub.com/costa92/go-protoc/v2/internal/apiserver.NewMiddlewares.Server.func5.1\n\t/Users/costalong/code/go/src/github.com/costa92/go-protoc/internal/pkg/middleware/logging/logging.go:107\ngithub.com/costa92/go-protoc/v2/internal/pkg/middleware/i18n.Translator.func1.1\n\t/Users/costalong/code/go/src/github.com/costa92/go-protoc/internal/pkg/middleware/i18n/i18n.go:28\ngithub.com/costa92/go-protoc/v2/internal/pkg/middleware/tracing.Server.func1.1\n\t/Users/costalong/code/go/src/github.com/costa92/go-protoc/internal/pkg/middleware/tracing/tracing.go:62\ngithub.com/costa92/go-protoc/v2/internal/apiserver.NewMiddlewares.ServerJWTAuth.func2.1\n\t/Users/costalong/code/go/src/github.com/costa92/go-protoc/pkg/middleware/authn/jwt_auth.go:102\ngithub.com/costa92/go-protoc/v2/internal/apiserver.NewMiddlewares.Validator.func1.1\n\t/Users/costalong/code/go/src/github.com/costa92/go-protoc/internal/pkg/middleware/validate/validate_kratos.go:38\ngithub.com/costa92/go-protoc/v2/pkg/api/apiserver/v1.RegisterApiServerHTTPServer._ApiServer_GetUser0_HTTP_Handler.func1\n\t/Users/costalong/code/go/src/github.com/costa92/go-protoc/pkg/api/apiserver/v1/apiserver_http.pb.go:49\ngithub.com/go-kratos/kratos/v2/transport/http.(*Router).Handle.func1\n\t/Users/costalong/.gvm/pkgsets/go1.25/global/pkg/mod/github.com/go-kratos/kratos/v2@v2.8.3/transport/http/router.go:49\nnet/http.HandlerFunc.ServeHTTP\n\t/Users/costalong/.gvm/gos/go1.25/src/net/http/server.go:2322\ngithub.com/go-kratos/kratos/v2/transport/http.NewServer.(*Server).filter.func1.1\n\t/Users/costalong/.gvm/pkgsets/go1.25/global/pkg/mod/github.com/go-kratos/kratos/v2@v2.8.3/transport/http/server.go:305\nnet/http.HandlerFunc.ServeHTTP\n\t/Users/costalong/.gvm/gos/go1.25/src/net/http/server.go:2322\ngithub.com/gorilla/mux.(*Router).ServeHTTP\n\t/Users/costalong/.gvm/pkgsets/go1.25/global/pkg/mod/github.com/gorilla/mux@v1.8.1/mux.go:212\ngithub.com/gorilla/handlers.(*cors).ServeHTTP\n\t/Users/costalong/.gvm/pkgsets/go1.25/global/pkg/mod/github.com/gorilla/handlers@v1.5.2/cors.go:54\nnet/http.serverHandler.ServeHTTP\n\t/Users/costalong/.gvm/gos/go1.25/src/net/http/server.go:3340\nnet/http.(*conn).serve\n\t/Users/costalong/.gvm/gos/go1.25/src/net/http/server.go:2109"}
{"level":"error","ts":"2025-08-21T23:57:56.029+0800","caller":"logger/kratos_adapter.go:44","func":"github.com/costa92/go-protoc/v2/pkg/logger.(*kratosLoggerAdapter).Log","msg":"apiserver.v1.ApiServer.GetUser","type":"zap","service.id":"costalongdeMacBook-Pro.local","service.name":"apiserver","service.version":"v0.0.0-master+$Format:%h$","ts":"2025-08-21T23:57:56+08:00","caller":"runtime/asm_arm64.s:1268","kind":"server","component":"http","operation":"/apiserver.v1.ApiServer/GetUser","args":"id:\"789\"","code":500,"reason":"","stack":"user not found","latency":0.010144167,"stacktrace":"github.com/costa92/go-protoc/v2/pkg/logger.(*kratosLoggerAdapter).Log\n\t/Users/costalong/code/go/src/github.com/costa92/go-protoc/pkg/logger/kratos_adapter.go:44\ngithub.com/go-kratos/kratos/v2/log.(*logger).Log\n\t/Users/costalong/.gvm/pkgsets/go1.25/global/pkg/mod/github.com/go-kratos/kratos/v2@v2.8.3/log/log.go:30\ngithub.com/costa92/go-protoc/v2/internal/pkg/middleware/logging.(*AsyncLogger).start.func1\n\t/Users/costalong/code/go/src/github.com/costa92/go-protoc/internal/pkg/middleware/logging/logging.go:49"}
{"level":"info","ts":"2025-08-22T16:00:42.052+0800","caller":"app/app.go:284","msg":"Starting application","name":"apiserver","version":"{\"gitVersion\":\"v0.0.0-master+$Format:%h$\",\"gitCommit\":\"$Format:%H$\",\"gitTreeState\":\"\",\"buildDate\":\"1970-01-01T00:00:00Z\",\"goVersion\":\"go1.25.0\",\"compiler\":\"gc\",\"platform\":\"linux/amd64\"}"}
{"level":"info","ts":"2025-08-22T16:00:42.052+0800","caller":"app/app.go:285","msg":"Golang settings","GOGC":"","GOMAXPROCS":"","GOTRACEBACK":""}
{"level":"debug","ts":"2025-08-22T16:00:42.052+0800","caller":"app/config.go:76","func":"github.com/costa92/go-protoc/v2/pkg/app.PrintConfig","msg":"CFG: log.error-output-paths=[stderr]","type":"zap"}
{"level":"debug","ts":"2025-08-22T16:00:42.052+0800","caller":"app/config.go:76","func":"github.com/costa92/go-protoc/v2/pkg/app.PrintConfig","msg":"CFG: pool-monitor.collect-interval=30s","type":"zap"}
{"level":"debug","ts":"2025-08-22T16:00:42.052+0800","caller":"app/config.go:76","func":"github.com/costa92/go-protoc/v2/pkg/app.PrintConfig","msg":"CFG: sentry.sample-rate=1","type":"zap"}
{"level":"debug","ts":"2025-08-22T16:00:42.052+0800","caller":"app/config.go:76","func":"github.com/costa92/go-protoc/v2/pkg/app.PrintConfig","msg":"CFG: redis.read-timeout=3s","type":"zap"}
{"level":"debug","ts":"2025-08-22T16:00:42.052+0800","caller":"app/config.go:76","func":"github.com/costa92/go-protoc/v2/pkg/app.PrintConfig","msg":"CFG: sentry.release=","type":"zap"}
{"level":"debug","ts":"2025-08-22T16:00:42.052+0800","caller":"app/config.go:76","func":"github.com/costa92/go-protoc/v2/pkg/app.PrintConfig","msg":"CFG: jaeger.server=127.0.0.1:6831","type":"zap"}
{"level":"debug","ts":"2025-08-22T16:00:42.052+0800","caller":"app/config.go:76","func":"github.com/costa92/go-protoc/v2/pkg/app.PrintConfig","msg":"CFG: log.encoding=json","type":"zap"}
{"level":"debug","ts":"2025-08-22T16:00:42.052+0800","caller":"app/config.go:76","func":"github.com/costa92/go-protoc/v2/pkg/app.PrintConfig","msg":"CFG: sentry.send-default-pii=false","type":"zap"}
{"level":"debug","ts":"2025-08-22T16:00:42.052+0800","caller":"app/config.go:76","func":"github.com/costa92/go-protoc/v2/pkg/app.PrintConfig","msg":"CFG: pool-monitor.redis.enabled=true","type":"zap"}
{"level":"debug","ts":"2025-08-22T16:00:42.052+0800","caller":"app/config.go:76","func":"github.com/costa92/go-protoc/v2/pkg/app.PrintConfig","msg":"CFG: redis.addr=127.0.0.1:6379","type":"zap"}
{"level":"debug","ts":"2025-08-22T16:00:42.052+0800","caller":"app/config.go:76","func":"github.com/costa92/go-protoc/v2/pkg/app.PrintConfig","msg":"CFG: version=false","type":"zap"}
{"level":"debug","ts":"2025-08-22T16:00:42.052+0800","caller":"app/config.go:76","func":"github.com/costa92/go-protoc/v2/pkg/app.PrintConfig","msg":"CFG: pool-monitor.database.enabled=true","type":"zap"}
{"level":"debug","ts":"2025-08-22T16:00:42.052+0800","caller":"app/config.go:76","func":"github.com/costa92/go-protoc/v2/pkg/app.PrintConfig","msg":"CFG: log.otlp.resource_attributes.deployment.environment=development","type":"zap"}
{"level":"debug","ts":"2025-08-22T16:00:42.052+0800","caller":"app/config.go:76","func":"github.com/costa92/go-protoc/v2/pkg/app.PrintConfig","msg":"CFG: log.output-paths=[stdout logs/apiserver/app.log]","type":"zap"}
{"level":"debug","ts":"2025-08-22T16:00:42.052+0800","caller":"app/config.go:76","func":"github.com/costa92/go-protoc/v2/pkg/app.PrintConfig","msg":"CFG: log.disable-stacktrace=false","type":"zap"}
{"level":"debug","ts":"2025-08-22T16:00:42.052+0800","caller":"app/config.go:76","func":"github.com/costa92/go-protoc/v2/pkg/app.PrintConfig","msg":"CFG: log.encoder-config.time-key=ts","type":"zap"}
{"level":"debug","ts":"2025-08-22T16:00:42.053+0800","caller":"app/config.go:76","func":"github.com/costa92/go-protoc/v2/pkg/app.PrintConfig","msg":"CFG: log.encoder-config.stacktrace-key=stacktrace","type":"zap"}
{"level":"debug","ts":"2025-08-22T16:00:42.053+0800","caller":"app/config.go:76","func":"github.com/costa92/go-protoc/v2/pkg/app.PrintConfig","msg":"CFG: sentry.environment=development","type":"zap"}
{"level":"debug","ts":"2025-08-22T16:00:42.053+0800","caller":"app/config.go:76","func":"github.com/costa92/go-protoc/v2/pkg/app.PrintConfig","msg":"CFG: sentry.server-name=","type":"zap"}
{"level":"debug","ts":"2025-08-22T16:00:42.053+0800","caller":"app/config.go:76","func":"github.com/costa92/go-protoc/v2/pkg/app.PrintConfig","msg":"CFG: log.function-key=func","type":"zap"}
{"level":"debug","ts":"2025-08-22T16:00:42.053+0800","caller":"app/config.go:76","func":"github.com/costa92/go-protoc/v2/pkg/app.PrintConfig","msg":"CFG: log.stacktrace-key=stacktrace","type":"zap"}
{"level":"debug","ts":"2025-08-22T16:00:42.053+0800","caller":"app/config.go:76","func":"github.com/costa92/go-protoc/v2/pkg/app.PrintConfig","msg":"CFG: mysql.max-idle-connections=100","type":"zap"}
{"level":"debug","ts":"2025-08-22T16:00:42.053+0800","caller":"app/config.go:76","func":"github.com/costa92/go-protoc/v2/pkg/app.PrintConfig","msg":"CFG: sentry.flush-timeout=5s","type":"zap"}
{"level":"debug","ts":"2025-08-22T16:00:42.053+0800","caller":"app/config.go:76","func":"github.com/costa92/go-protoc/v2/pkg/app.PrintConfig","msg":"CFG: log.development=false","type":"zap"}
{"level":"debug","ts":"2025-08-22T16:00:42.053+0800","caller":"app/config.go:76","func":"github.com/costa92/go-protoc/v2/pkg/app.PrintConfig","msg":"CFG: log.format=json","type":"zap"}
{"level":"debug","ts":"2025-08-22T16:00:42.053+0800","caller":"app/config.go:76","func":"github.com/costa92/go-protoc/v2/pkg/app.PrintConfig","msg":"CFG: log.initial-fields.service=apiserver","type":"zap"}
{"level":"debug","ts":"2025-08-22T16:00:42.053+0800","caller":"app/config.go:76","func":"github.com/costa92/go-protoc/v2/pkg/app.PrintConfig","msg":"CFG: help=false","type":"zap"}
{"level":"debug","ts":"2025-08-22T16:00:42.053+0800","caller":"app/config.go:76","func":"github.com/costa92/go-protoc/v2/pkg/app.PrintConfig","msg":"CFG: pool-monitor.database.slow-query=1s","type":"zap"}
{"level":"debug","ts":"2025-08-22T16:00:42.053+0800","caller":"app/config.go:76","func":"github.com/costa92/go-protoc/v2/pkg/app.PrintConfig","msg":"CFG: log.encoder-config.message-key=msg","type":"zap"}
{"level":"debug","ts":"2025-08-22T16:00:42.053+0800","caller":"app/config.go:76","func":"github.com/costa92/go-protoc/v2/pkg/app.PrintConfig","msg":"CFG: log.encoder-config.caller-key=caller","type":"zap"}
{"level":"debug","ts":"2025-08-22T16:00:42.053+0800","caller":"app/config.go:76","func":"github.com/costa92/go-protoc/v2/pkg/app.PrintConfig","msg":"CFG: redis.pool-size=10","type":"zap"}
{"level":"debug","ts":"2025-08-22T16:00:42.053+0800","caller":"app/config.go:76","func":"github.com/costa92/go-protoc/v2/pkg/app.PrintConfig","msg":"CFG: log.otlp.enabled=true","type":"zap"}
{"level":"debug","ts":"2025-08-22T16:00:42.053+0800","caller":"app/config.go:76","func":"github.com/costa92/go-protoc/v2/pkg/app.PrintConfig","msg":"CFG: log.victoria-logs.service=apiserver","type":"zap"}
{"level":"debug","ts":"2025-08-22T16:00:42.053+0800","caller":"app/config.go:76","func":"github.com/costa92/go-protoc/v2/pkg/app.PrintConfig","msg":"CFG: log.encoder-config.level-key=level","type":"zap"}
{"level":"debug","ts":"2025-08-22T16:00:42.053+0800","caller":"app/config.go:76","func":"github.com/costa92/go-protoc/v2/pkg/app.PrintConfig","msg":"CFG: feature-gates=","type":"zap"}
{"level":"debug","ts":"2025-08-22T16:00:42.053+0800","caller":"app/config.go:76","func":"github.com/costa92/go-protoc/v2/pkg/app.PrintConfig","msg":"CFG: jaeger.sampler-type=const","type":"zap"}
{"level":"debug","ts":"2025-08-22T16:00:42.053+0800","caller":"app/config.go:76","func":"github.com/costa92/go-protoc/v2/pkg/app.PrintConfig","msg":"CFG: log.otlp.resource_attributes.service.name=apiserver","type":"zap"}
{"level":"debug","ts":"2025-08-22T16:00:42.053+0800","caller":"app/config.go:76","func":"github.com/costa92/go-protoc/v2/pkg/app.PrintConfig","msg":"CFG: redis.dial-timeout=5s","type":"zap"}
{"level":"debug","ts":"2025-08-22T16:00:42.053+0800","caller":"app/config.go:76","func":"github.com/costa92/go-protoc/v2/pkg/app.PrintConfig","msg":"CFG: log.victoria-logs.environment=development","type":"zap"}
{"level":"debug","ts":"2025-08-22T16:00:42.053+0800","caller":"app/config.go:76","func":"github.com/costa92/go-protoc/v2/pkg/app.PrintConfig","msg":"CFG: mysql.log-level=1","type":"zap"}
{"level":"debug","ts":"2025-08-22T16:00:42.053+0800","caller":"app/config.go:76","func":"github.com/costa92/go-protoc/v2/pkg/app.PrintConfig","msg":"CFG: grpc.network=tcp","type":"zap"}
{"level":"debug","ts":"2025-08-22T16:00:42.053+0800","caller":"app/config.go:76","func":"github.com/costa92/go-protoc/v2/pkg/app.PrintConfig","msg":"CFG: mysql.log-mode=1","type":"zap"}
{"level":"debug","ts":"2025-08-22T16:00:42.053+0800","caller":"app/config.go:76","func":"github.com/costa92/go-protoc/v2/pkg/app.PrintConfig","msg":"CFG: log.time-encoder=iso8601","type":"zap"}
{"level":"debug","ts":"2025-08-22T16:00:42.053+0800","caller":"app/config.go:76","func":"github.com/costa92/go-protoc/v2/pkg/app.PrintConfig","msg":"CFG: http.timeout=10s","type":"zap"}
{"level":"debug","ts":"2025-08-22T16:00:42.053+0800","caller":"app/config.go:76","func":"github.com/costa92/go-protoc/v2/pkg/app.PrintConfig","msg":"CFG: pool-monitor.enabled=true","type":"zap"}
{"level":"debug","ts":"2025-08-22T16:00:42.053+0800","caller":"app/config.go:76","func":"github.com/costa92/go-protoc/v2/pkg/app.PrintConfig","msg":"CFG: sentry.enable-profiling=false","type":"zap"}
{"level":"debug","ts":"2025-08-22T16:00:42.053+0800","caller":"app/config.go:76","func":"github.com/costa92/go-protoc/v2/pkg/app.PrintConfig","msg":"CFG: sentry.traces-sample-rate=0.1","type":"zap"}
{"level":"debug","ts":"2025-08-22T16:00:42.053+0800","caller":"app/config.go:76","func":"github.com/costa92/go-protoc/v2/pkg/app.PrintConfig","msg":"CFG: grpc.addr=0.0.0.0:9090","type":"zap"}
{"level":"debug","ts":"2025-08-22T16:00:42.053+0800","caller":"app/config.go:76","func":"github.com/costa92/go-protoc/v2/pkg/app.PrintConfig","msg":"CFG: log.initial-fields.environment=development","type":"zap"}
{"level":"debug","ts":"2025-08-22T16:00:42.053+0800","caller":"app/config.go:76","func":"github.com/costa92/go-protoc/v2/pkg/app.PrintConfig","msg":"CFG: v=0","type":"zap"}
{"level":"debug","ts":"2025-08-22T16:00:42.053+0800","caller":"app/config.go:76","func":"github.com/costa92/go-protoc/v2/pkg/app.PrintConfig","msg":"CFG: sentry.dsn=","type":"zap"}
{"level":"debug","ts":"2025-08-22T16:00:42.053+0800","caller":"app/config.go:76","func":"github.com/costa92/go-protoc/v2/pkg/app.PrintConfig","msg":"CFG: redis.enable-trace=true","type":"zap"}
{"level":"debug","ts":"2025-08-22T16:00:42.053+0800","caller":"app/config.go:76","func":"github.com/costa92/go-protoc/v2/pkg/app.PrintConfig","msg":"CFG: mysql.username=root","type":"zap"}
{"level":"debug","ts":"2025-08-22T16:00:42.053+0800","caller":"app/config.go:76","func":"github.com/costa92/go-protoc/v2/pkg/app.PrintConfig","msg":"CFG: http.addr=0.0.0.0:8080","type":"zap"}
{"level":"debug","ts":"2025-08-22T16:00:42.053+0800","caller":"app/config.go:76","func":"github.com/costa92/go-protoc/v2/pkg/app.PrintConfig","msg":"CFG: jaeger.enabled=true","type":"zap"}
{"level":"debug","ts":"2025-08-22T16:00:42.053+0800","caller":"app/config.go:76","func":"github.com/costa92/go-protoc/v2/pkg/app.PrintConfig","msg":"CFG: log.encoder-config.caller-encoder=short","type":"zap"}
{"level":"debug","ts":"2025-08-22T16:00:42.053+0800","caller":"app/config.go:76","func":"github.com/costa92/go-protoc/v2/pkg/app.PrintConfig","msg":"CFG: log.otlp.timeout=10s","type":"zap"}
{"level":"debug","ts":"2025-08-22T16:00:42.053+0800","caller":"app/config.go:76","func":"github.com/costa92/go-protoc/v2/pkg/app.PrintConfig","msg":"CFG: mysql.enable-trace=true","type":"zap"}
{"level":"debug","ts":"2025-08-22T16:00:42.053+0800","caller":"app/config.go:76","func":"github.com/costa92/go-protoc/v2/pkg/app.PrintConfig","msg":"CFG: jwt.key=onex(#)666","type":"zap"}
{"level":"debug","ts":"2025-08-22T16:00:42.053+0800","caller":"app/config.go:76","func":"github.com/costa92/go-protoc/v2/pkg/app.PrintConfig","msg":"CFG: redis.password=","type":"zap"}
{"level":"debug","ts":"2025-08-22T16:00:42.053+0800","caller":"app/config.go:76","func":"github.com/costa92/go-protoc/v2/pkg/app.PrintConfig","msg":"CFG: log.disable-caller=false","type":"zap"}
{"level":"debug","ts":"2025-08-22T16:00:42.053+0800","caller":"app/config.go:76","func":"github.com/costa92/go-protoc/v2/pkg/app.PrintConfig","msg":"CFG: jwt.expired=2h","type":"zap"}
{"level":"debug","ts":"2025-08-22T16:00:42.053+0800","caller":"app/config.go:76","func":"github.com/costa92/go-protoc/v2/pkg/app.PrintConfig","msg":"CFG: log.time-key=ts","type":"zap"}
{"level":"debug","ts":"2025-08-22T16:00:42.053+0800","caller":"app/config.go:76","func":"github.com/costa92/go-protoc/v2/pkg/app.PrintConfig","msg":"CFG: jaeger.env=development","type":"zap"}
{"level":"debug","ts":"2025-08-22T16:00:42.053+0800","caller":"app/config.go:76","func":"github.com/costa92/go-protoc/v2/pkg/app.PrintConfig","msg":"CFG: sentry.attach-stacktrace=true","type":"zap"}
{"level":"debug","ts":"2025-08-22T16:00:42.053+0800","caller":"app/config.go:76","func":"github.com/costa92/go-protoc/v2/pkg/app.PrintConfig","msg":"CFG: sentry.enable-tracing=true","type":"zap"}
{"level":"debug","ts":"2025-08-22T16:00:42.053+0800","caller":"app/config.go:76","func":"github.com/costa92/go-protoc/v2/pkg/app.PrintConfig","msg":"CFG: redis.max-retries=3","type":"zap"}
{"level":"debug","ts":"2025-08-22T16:00:42.053+0800","caller":"app/config.go:76","func":"github.com/costa92/go-protoc/v2/pkg/app.PrintConfig","msg":"CFG: redis.pool-timeout=4s","type":"zap"}
{"level":"debug","ts":"2025-08-22T16:00:42.053+0800","caller":"app/config.go:76","func":"github.com/costa92/go-protoc/v2/pkg/app.PrintConfig","msg":"CFG: pool-monitor.namespace=apiserver","type":"zap"}
{"level":"debug","ts":"2025-08-22T16:00:42.053+0800","caller":"app/config.go:76","func":"github.com/costa92/go-protoc/v2/pkg/app.PrintConfig","msg":"CFG: log.level=debug","type":"zap"}
{"level":"debug","ts":"2025-08-22T16:00:42.053+0800","caller":"app/config.go:76","func":"github.com/costa92/go-protoc/v2/pkg/app.PrintConfig","msg":"CFG: jaeger.agent-host=127.0.0.1","type":"zap"}
{"level":"debug","ts":"2025-08-22T16:00:42.053+0800","caller":"app/config.go:76","func":"github.com/costa92/go-protoc/v2/pkg/app.PrintConfig","msg":"CFG: log.otlp.endpoint=127.0.0.1:4327","type":"zap"}
{"level":"debug","ts":"2025-08-22T16:00:42.053+0800","caller":"app/config.go:76","func":"github.com/costa92/go-protoc/v2/pkg/app.PrintConfig","msg":"CFG: sentry.enabled=false","type":"zap"}
{"level":"debug","ts":"2025-08-22T16:00:42.053+0800","caller":"app/config.go:76","func":"github.com/costa92/go-protoc/v2/pkg/app.PrintConfig","msg":"CFG: log.disable-function-at-info=true","type":"zap"}
{"level":"debug","ts":"2025-08-22T16:00:42.053+0800","caller":"app/config.go:76","func":"github.com/costa92/go-protoc/v2/pkg/app.PrintConfig","msg":"CFG: mysql.max-connection-life-time=10s","type":"zap"}
{"level":"debug","ts":"2025-08-22T16:00:42.053+0800","caller":"app/config.go:76","func":"github.com/costa92/go-protoc/v2/pkg/app.PrintConfig","msg":"CFG: mysql.database=protoc","type":"zap"}
{"level":"debug","ts":"2025-08-22T16:00:42.053+0800","caller":"app/config.go:76","func":"github.com/costa92/go-protoc/v2/pkg/app.PrintConfig","msg":"CFG: http.network=tcp","type":"zap"}
{"level":"debug","ts":"2025-08-22T16:00:42.053+0800","caller":"app/config.go:76","func":"github.com/costa92/go-protoc/v2/pkg/app.PrintConfig","msg":"CFG: jwt.max-refresh=2h","type":"zap"}
{"level":"debug","ts":"2025-08-22T16:00:42.053+0800","caller":"app/config.go:76","func":"github.com/costa92/go-protoc/v2/pkg/app.PrintConfig","msg":"CFG: config=configs/apiserver.yaml","type":"zap"}
{"level":"debug","ts":"2025-08-22T16:00:42.053+0800","caller":"app/config.go:76","func":"github.com/costa92/go-protoc/v2/pkg/app.PrintConfig","msg":"CFG: log.victoria-logs.flush-interval=5","type":"zap"}
{"level":"debug","ts":"2025-08-22T16:00:42.053+0800","caller":"app/config.go:76","func":"github.com/costa92/go-protoc/v2/pkg/app.PrintConfig","msg":"CFG: log.otlp.batch_size=100","type":"zap"}
{"level":"debug","ts":"2025-08-22T16:00:42.053+0800","caller":"app/config.go:76","func":"github.com/costa92/go-protoc/v2/pkg/app.PrintConfig","msg":"CFG: log.caller-skip=1","type":"zap"}
{"level":"debug","ts":"2025-08-22T16:00:42.053+0800","caller":"app/config.go:76","func":"github.com/costa92/go-protoc/v2/pkg/app.PrintConfig","msg":"CFG: vmodule=","type":"zap"}
{"level":"debug","ts":"2025-08-22T16:00:42.053+0800","caller":"app/config.go:76","func":"github.com/costa92/go-protoc/v2/pkg/app.PrintConfig","msg":"CFG: log.encoder-config.level-encoder=lowercase","type":"zap"}
{"level":"debug","ts":"2025-08-22T16:00:42.053+0800","caller":"app/config.go:76","func":"github.com/costa92/go-protoc/v2/pkg/app.PrintConfig","msg":"CFG: log.victoria-logs.version=v2.0.0","type":"zap"}
{"level":"debug","ts":"2025-08-22T16:00:42.053+0800","caller":"app/config.go:76","func":"github.com/costa92/go-protoc/v2/pkg/app.PrintConfig","msg":"CFG: log.otlp.insecure=true","type":"zap"}
{"level":"debug","ts":"2025-08-22T16:00:42.053+0800","caller":"app/config.go:76","func":"github.com/costa92/go-protoc/v2/pkg/app.PrintConfig","msg":"CFG: jaeger.service-name=apiserver","type":"zap"}
{"level":"debug","ts":"2025-08-22T16:00:42.053+0800","caller":"app/config.go:76","func":"github.com/costa92/go-protoc/v2/pkg/app.PrintConfig","msg":"CFG: grpc.timeout=10s","type":"zap"}
{"level":"debug","ts":"2025-08-22T16:00:42.053+0800","caller":"app/config.go:76","func":"github.com/costa92/go-protoc/v2/pkg/app.PrintConfig","msg":"CFG: redis.min-idle-conns=0","type":"zap"}
{"level":"debug","ts":"2025-08-22T16:00:42.054+0800","caller":"app/config.go:76","func":"github.com/costa92/go-protoc/v2/pkg/app.PrintConfig","msg":"CFG: jwt.signing-method=HS512","type":"zap"}
{"level":"debug","ts":"2025-08-22T16:00:42.054+0800","caller":"app/config.go:76","func":"github.com/costa92/go-protoc/v2/pkg/app.PrintConfig","msg":"CFG: jaeger.agent-port=6831","type":"zap"}
{"level":"debug","ts":"2025-08-22T16:00:42.054+0800","caller":"app/config.go:76","func":"github.com/costa92/go-protoc/v2/pkg/app.PrintConfig","msg":"CFG: log.victoria-logs.batch-size=100","type":"zap"}
{"level":"debug","ts":"2025-08-22T16:00:42.054+0800","caller":"app/config.go:76","func":"github.com/costa92/go-protoc/v2/pkg/app.PrintConfig","msg":"CFG: log.otlp.resource_attributes.service.version=v2.0.0","type":"zap"}
{"level":"debug","ts":"2025-08-22T16:00:42.054+0800","caller":"app/config.go:76","func":"github.com/costa92/go-protoc/v2/pkg/app.PrintConfig","msg":"CFG: mysql.max-open-connections=100","type":"zap"}
{"level":"debug","ts":"2025-08-22T16:00:42.054+0800","caller":"app/config.go:76","func":"github.com/costa92/go-protoc/v2/pkg/app.PrintConfig","msg":"CFG: redis.username=","type":"zap"}
{"level":"debug","ts":"2025-08-22T16:00:42.054+0800","caller":"app/config.go:76","func":"github.com/costa92/go-protoc/v2/pkg/app.PrintConfig","msg":"CFG: jaeger.sampler-param=1","type":"zap"}
{"level":"debug","ts":"2025-08-22T16:00:42.054+0800","caller":"app/config.go:76","func":"github.com/costa92/go-protoc/v2/pkg/app.PrintConfig","msg":"CFG: log.encoder-config.time-encoder=iso8601","type":"zap"}
{"level":"debug","ts":"2025-08-22T16:00:42.054+0800","caller":"app/config.go:76","func":"github.com/costa92/go-protoc/v2/pkg/app.PrintConfig","msg":"CFG: log.victoria-logs.timeout=10","type":"zap"}
{"level":"debug","ts":"2025-08-22T16:00:42.054+0800","caller":"app/config.go:76","func":"github.com/costa92/go-protoc/v2/pkg/app.PrintConfig","msg":"CFG: log.otlp.resource_attributes.service.namespace=go-protoc","type":"zap"}
{"level":"debug","ts":"2025-08-22T16:00:42.054+0800","caller":"app/config.go:76","func":"github.com/costa92/go-protoc/v2/pkg/app.PrintConfig","msg":"CFG: log.type=zap","type":"zap"}
{"level":"debug","ts":"2025-08-22T16:00:42.054+0800","caller":"app/config.go:76","func":"github.com/costa92/go-protoc/v2/pkg/app.PrintConfig","msg":"CFG: redis.database=0","type":"zap"}
{"level":"debug","ts":"2025-08-22T16:00:42.054+0800","caller":"app/config.go:76","func":"github.com/costa92/go-protoc/v2/pkg/app.PrintConfig","msg":"CFG: sentry.debug=false","type":"zap"}
{"level":"debug","ts":"2025-08-22T16:00:42.054+0800","caller":"app/config.go:76","func":"github.com/costa92/go-protoc/v2/pkg/app.PrintConfig","msg":"CFG: log-flush-frequency=5s","type":"zap"}
{"level":"debug","ts":"2025-08-22T16:00:42.054+0800","caller":"app/config.go:76","func":"github.com/costa92/go-protoc/v2/pkg/app.PrintConfig","msg":"CFG: log.dynamic=false","type":"zap"}
{"level":"debug","ts":"2025-08-22T16:00:42.054+0800","caller":"app/config.go:76","func":"github.com/costa92/go-protoc/v2/pkg/app.PrintConfig","msg":"CFG: log.compress=true","type":"zap"}
{"level":"debug","ts":"2025-08-22T16:00:42.054+0800","caller":"app/config.go:76","func":"github.com/costa92/go-protoc/v2/pkg/app.PrintConfig","msg":"CFG: log.max-size=100","type":"zap"}
{"level":"debug","ts":"2025-08-22T16:00:42.054+0800","caller":"app/config.go:76","func":"github.com/costa92/go-protoc/v2/pkg/app.PrintConfig","msg":"CFG: log.initial-fields.version=v2.0.0","type":"zap"}
{"level":"debug","ts":"2025-08-22T16:00:42.054+0800","caller":"app/config.go:76","func":"github.com/costa92/go-protoc/v2/pkg/app.PrintConfig","msg":"CFG: sentry.ignore-errors=[]","type":"zap"}
{"level":"debug","ts":"2025-08-22T16:00:42.054+0800","caller":"app/config.go:76","func":"github.com/costa92/go-protoc/v2/pkg/app.PrintConfig","msg":"CFG: jaeger.reporter-log-spans=true","type":"zap"}
{"level":"debug","ts":"2025-08-22T16:00:42.054+0800","caller":"app/config.go:76","func":"github.com/costa92/go-protoc/v2/pkg/app.PrintConfig","msg":"CFG: log.victoria-logs.buffer-size=1000","type":"zap"}
{"level":"debug","ts":"2025-08-22T16:00:42.054+0800","caller":"app/config.go:76","func":"github.com/costa92/go-protoc/v2/pkg/app.PrintConfig","msg":"CFG: mysql.host=127.0.0.1","type":"zap"}
{"level":"debug","ts":"2025-08-22T16:00:42.054+0800","caller":"app/config.go:76","func":"github.com/costa92/go-protoc/v2/pkg/app.PrintConfig","msg":"CFG: log.caller-key=caller","type":"zap"}
{"level":"debug","ts":"2025-08-22T16:00:42.054+0800","caller":"app/config.go:76","func":"github.com/costa92/go-protoc/v2/pkg/app.PrintConfig","msg":"CFG: log.level-encoder=lowercase","type":"zap"}
{"level":"debug","ts":"2025-08-22T16:00:42.054+0800","caller":"app/config.go:76","func":"github.com/costa92/go-protoc/v2/pkg/app.PrintConfig","msg":"CFG: redis.write-timeout=3s","type":"zap"}
{"level":"debug","ts":"2025-08-22T16:00:42.054+0800","caller":"app/config.go:76","func":"github.com/costa92/go-protoc/v2/pkg/app.PrintConfig","msg":"CFG: log.message-key=msg","type":"zap"}
{"level":"debug","ts":"2025-08-22T16:00:42.054+0800","caller":"app/config.go:76","func":"github.com/costa92/go-protoc/v2/pkg/app.PrintConfig","msg":"CFG: log.level-key=level","type":"zap"}
{"level":"debug","ts":"2025-08-22T16:00:42.054+0800","caller":"app/config.go:76","func":"github.com/costa92/go-protoc/v2/pkg/app.PrintConfig","msg":"CFG: log.caller-encoder=short","type":"zap"}
{"level":"debug","ts":"2025-08-22T16:00:42.054+0800","caller":"app/config.go:76","func":"github.com/costa92/go-protoc/v2/pkg/app.PrintConfig","msg":"CFG: log.victoria-logs.endpoint=http://127.0.0.1:9428","type":"zap"}
{"level":"debug","ts":"2025-08-22T16:00:42.054+0800","caller":"app/config.go:76","func":"github.com/costa92/go-protoc/v2/pkg/app.PrintConfig","msg":"CFG: mysql.password=proj(#)666","type":"zap"}
{"level":"debug","ts":"2025-08-22T16:00:42.054+0800","caller":"app/config.go:76","func":"github.com/costa92/go-protoc/v2/pkg/app.PrintConfig","msg":"CFG: log.max-age=7","type":"zap"}
{"level":"debug","ts":"2025-08-22T16:00:42.054+0800","caller":"app/config.go:76","func":"github.com/costa92/go-protoc/v2/pkg/app.PrintConfig","msg":"CFG: log.victoria-logs.enabled=false","type":"zap"}
{"level":"debug","ts":"2025-08-22T16:00:42.054+0800","caller":"app/config.go:76","func":"github.com/costa92/go-protoc/v2/pkg/app.PrintConfig","msg":"CFG: log.otlp.export_timeout=30s","type":"zap"}
{"level":"debug","ts":"2025-08-22T16:00:42.054+0800","caller":"app/config.go:76","func":"github.com/costa92/go-protoc/v2/pkg/app.PrintConfig","msg":"CFG: log.max-backups=5","type":"zap"}
{"level":"debug","ts":"2025-08-22T16:00:42.054+0800","caller":"app/config.go:76","func":"github.com/costa92/go-protoc/v2/pkg/app.PrintConfig","msg":"CFG: sentry.max-breadcrumbs=100","type":"zap"}
{"level":"debug","ts":"2025-08-22T16:00:42.054+0800","caller":"app/config.go:76","func":"github.com/costa92/go-protoc/v2/pkg/app.PrintConfig","msg":"CFG: log.enable-color=false","type":"zap"}
{"level":"debug","ts":"2025-08-22T16:00:42.054+0800","caller":"app/config.go:76","func":"github.com/costa92/go-protoc/v2/pkg/app.PrintConfig","msg":"CFG: sentry.profiles-sample-rate=0.1","type":"zap"}
{"level":"debug","ts":"2025-08-22T16:00:42.054+0800","caller":"app/config.go:76","func":"github.com/costa92/go-protoc/v2/pkg/app.PrintConfig","msg":"CFG: log.encoder-config.function-key=func","type":"zap"}
{"level":"info","ts":"2025-08-22T16:00:42.054+0800","caller":"app/server.go:67","msg":"Connection pool metrics collection is enabled through dependency injection"}
{"level":"info","ts":"2025-08-22T16:00:42.054+0800","caller":"app/server.go:68","msg":"Metrics will be automatically collected by the PoolMonitor when database connections are established"}
{"level":"info","ts":"2025-08-22T16:00:42.054+0800","caller":"app/server.go:71","msg":"Database pool monitoring enabled","slow_query_threshold":1000,"collect_interval":30000}
{"level":"info","ts":"2025-08-22T16:00:42.054+0800","caller":"app/server.go:77","msg":"Redis pool monitoring enabled","collect_interval":30000}
{"level":"info","ts":"2025-08-22T16:00:42.055+0800","caller":"apiserver/server.go:67","msg":"Logger configuration","level":"debug","format":"json"}
{"level":"debug","ts":"2025-08-22T16:00:42.055+0800","caller":"apiserver/server.go:68","func":"github.com/costa92/go-protoc/v2/internal/apiserver.(*Config).NewServer","msg":"Debug logging enabled","type":"zap","caller_skip":2,"enable_color":false}
{"level":"info","ts":"2025-08-22T16:00:42.055+0800","caller":"apiserver/server.go:72","msg":"Validating service connections before startup..."}
{"level":"info","ts":"2025-08-22T16:00:42.055+0800","caller":"apiserver/server.go:76","msg":"Testing MySQL connection..."}
{"level":"error","ts":"2025-08-22T16:00:42.055+0800","caller":"apiserver/server.go:78","func":"github.com/costa92/go-protoc/v2/internal/apiserver.(*Config).NewServer","msg":"MySQL connection test failed","type":"zap","error":"failed to ping MySQL database: Error 1049 (42000): Unknown database 'protoc'","stacktrace":"github.com/costa92/go-protoc/v2/internal/apiserver.(*Config).NewServer\n\t/home/hellotalk/code/go/src/github.com/costa92/go-protoc/internal/apiserver/server.go:78\ngithub.com/costa92/go-protoc/v2/cmd/apiserver/app.NewApp.run.func4\n\t/home/hellotalk/code/go/src/github.com/costa92/go-protoc/cmd/apiserver/app/server.go:54\ngithub.com/costa92/go-protoc/v2/pkg/app.(*App).runCommand\n\t/home/hellotalk/code/go/src/github.com/costa92/go-protoc/pkg/app/app.go:300\ngithub.com/spf13/cobra.(*Command).execute\n\t/home/hellotalk/code/go/pkg/mod/github.com/spf13/cobra@v1.9.1/command.go:1015\ngithub.com/spf13/cobra.(*Command).ExecuteC\n\t/home/hellotalk/code/go/pkg/mod/github.com/spf13/cobra@v1.9.1/command.go:1148\ngithub.com/spf13/cobra.(*Command).Execute\n\t/home/hellotalk/code/go/pkg/mod/github.com/spf13/cobra@v1.9.1/command.go:1071\nk8s.io/component-base/cli.run\n\t/home/hellotalk/code/go/pkg/mod/k8s.io/component-base@v0.33.1/cli/run.go:143\nk8s.io/component-base/cli.Run\n\t/home/hellotalk/code/go/pkg/mod/k8s.io/component-base@v0.33.1/cli/run.go:44\ngithub.com/costa92/go-protoc/v2/pkg/app.(*App).Run\n\t/home/hellotalk/code/go/src/github.com/costa92/go-protoc/pkg/app/app.go:252\nmain.main\n\t/home/hellotalk/code/go/src/github.com/costa92/go-protoc/cmd/apiserver/main.go:6\nruntime.main\n\t/home/hellotalk/.gvm/gos/go1.25/src/runtime/proc.go:285"}
{"level":"info","ts":"2025-08-22T18:22:35.920+0800","caller":"app/app.go:284","msg":"Starting application","name":"apiserver","version":"{\"gitVersion\":\"13b9ba0-dirty\",\"gitCommit\":\"13b9ba0a85c136470d0cd75abf198345f5e83431\",\"gitTreeState\":\"dirty\",\"gitBranch\":\"feature/v2-log\",\"buildDate\":\"2025-08-22T10:22:21Z\",\"serviceName\":\"apiserver\",\"goVersion\":\"go1.25.0\",\"compiler\":\"gc\",\"platform\":\"linux/amd64\"}"}
{"level":"info","ts":"2025-08-22T18:22:35.920+0800","caller":"app/app.go:285","msg":"Golang settings","GOGC":"","GOMAXPROCS":"","GOTRACEBACK":""}
{"level":"debug","ts":"2025-08-22T18:22:35.920+0800","caller":"app/config.go:76","func":"github.com/costa92/go-protoc/v2/pkg/app.PrintConfig","msg":"CFG: pool-monitor.database.enabled=true","type":"zap"}
{"level":"debug","ts":"2025-08-22T18:22:35.920+0800","caller":"app/config.go:76","func":"github.com/costa92/go-protoc/v2/pkg/app.PrintConfig","msg":"CFG: feature-gates=","type":"zap"}
{"level":"debug","ts":"2025-08-22T18:22:35.920+0800","caller":"app/config.go:76","func":"github.com/costa92/go-protoc/v2/pkg/app.PrintConfig","msg":"CFG: redis.password=","type":"zap"}
{"level":"debug","ts":"2025-08-22T18:22:35.920+0800","caller":"app/config.go:76","func":"github.com/costa92/go-protoc/v2/pkg/app.PrintConfig","msg":"CFG: mysql.max-connection-life-time=10s","type":"zap"}
{"level":"debug","ts":"2025-08-22T18:22:35.920+0800","caller":"app/config.go:76","func":"github.com/costa92/go-protoc/v2/pkg/app.PrintConfig","msg":"CFG: log.otlp.endpoint=127.0.0.1:4327","type":"zap"}
{"level":"debug","ts":"2025-08-22T18:22:35.920+0800","caller":"app/config.go:76","func":"github.com/costa92/go-protoc/v2/pkg/app.PrintConfig","msg":"CFG: sentry.server-name=","type":"zap"}
{"level":"debug","ts":"2025-08-22T18:22:35.920+0800","caller":"app/config.go:76","func":"github.com/costa92/go-protoc/v2/pkg/app.PrintConfig","msg":"CFG: sentry.max-breadcrumbs=100","type":"zap"}
{"level":"debug","ts":"2025-08-22T18:22:35.920+0800","caller":"app/config.go:76","func":"github.com/costa92/go-protoc/v2/pkg/app.PrintConfig","msg":"CFG: jaeger.server=127.0.0.1:6831","type":"zap"}
{"level":"debug","ts":"2025-08-22T18:22:35.920+0800","caller":"app/config.go:76","func":"github.com/costa92/go-protoc/v2/pkg/app.PrintConfig","msg":"CFG: log.victoria-logs.timeout=10","type":"zap"}
{"level":"debug","ts":"2025-08-22T18:22:35.920+0800","caller":"app/config.go:76","func":"github.com/costa92/go-protoc/v2/pkg/app.PrintConfig","msg":"CFG: log.encoder-config.time-key=ts","type":"zap"}
{"level":"debug","ts":"2025-08-22T18:22:35.920+0800","caller":"app/config.go:76","func":"github.com/costa92/go-protoc/v2/pkg/app.PrintConfig","msg":"CFG: log.encoder-config.level-key=level","type":"zap"}
{"level":"debug","ts":"2025-08-22T18:22:35.920+0800","caller":"app/config.go:76","func":"github.com/costa92/go-protoc/v2/pkg/app.PrintConfig","msg":"CFG: log.otlp.resource_attributes.deployment.environment=development","type":"zap"}
{"level":"debug","ts":"2025-08-22T18:22:35.920+0800","caller":"app/config.go:76","func":"github.com/costa92/go-protoc/v2/pkg/app.PrintConfig","msg":"CFG: log.victoria-logs.environment=development","type":"zap"}
{"level":"debug","ts":"2025-08-22T18:22:35.920+0800","caller":"app/config.go:76","func":"github.com/costa92/go-protoc/v2/pkg/app.PrintConfig","msg":"CFG: log.encoder-config.message-key=msg","type":"zap"}
{"level":"debug","ts":"2025-08-22T18:22:35.920+0800","caller":"app/config.go:76","func":"github.com/costa92/go-protoc/v2/pkg/app.PrintConfig","msg":"CFG: grpc.network=tcp","type":"zap"}
{"level":"debug","ts":"2025-08-22T18:22:35.920+0800","caller":"app/config.go:76","func":"github.com/costa92/go-protoc/v2/pkg/app.PrintConfig","msg":"CFG: mysql.host=127.0.0.1","type":"zap"}
{"level":"debug","ts":"2025-08-22T18:22:35.920+0800","caller":"app/config.go:76","func":"github.com/costa92/go-protoc/v2/pkg/app.PrintConfig","msg":"CFG: log.caller-encoder=short","type":"zap"}
{"level":"debug","ts":"2025-08-22T18:22:35.920+0800","caller":"app/config.go:76","func":"github.com/costa92/go-protoc/v2/pkg/app.PrintConfig","msg":"CFG: log.victoria-logs.endpoint=http://127.0.0.1:9428","type":"zap"}
{"level":"debug","ts":"2025-08-22T18:22:35.920+0800","caller":"app/config.go:76","func":"github.com/costa92/go-protoc/v2/pkg/app.PrintConfig","msg":"CFG: jwt.key=onex(#)666","type":"zap"}
{"level":"debug","ts":"2025-08-22T18:22:35.920+0800","caller":"app/config.go:76","func":"github.com/costa92/go-protoc/v2/pkg/app.PrintConfig","msg":"CFG: log.otlp.resource_attributes.service.name=apiserver","type":"zap"}
{"level":"debug","ts":"2025-08-22T18:22:35.920+0800","caller":"app/config.go:76","func":"github.com/costa92/go-protoc/v2/pkg/app.PrintConfig","msg":"CFG: log.stacktrace-key=stacktrace","type":"zap"}
{"level":"debug","ts":"2025-08-22T18:22:35.920+0800","caller":"app/config.go:76","func":"github.com/costa92/go-protoc/v2/pkg/app.PrintConfig","msg":"CFG: vmodule=","type":"zap"}
{"level":"info","ts":"2025-08-22T18:30:27.298+0800","caller":"app/app.go:284","msg":"Starting application","name":"apiserver","version":"{\"gitVersion\":\"v0.0.0-master+$Format:%h$\",\"gitCommit\":\"$Format:%H$\",\"gitTreeState\":\"\",\"gitBranch\":\"unknown\",\"buildDate\":\"1970-01-01T00:00:00Z\",\"serviceName\":\"apiserver\",\"goVersion\":\"go1.25.0\",\"compiler\":\"gc\",\"platform\":\"linux/amd64\"}"}
{"level":"info","ts":"2025-08-22T18:30:27.298+0800","caller":"app/app.go:285","msg":"Golang settings","GOGC":"","GOMAXPROCS":"","GOTRACEBACK":""}
{"level":"debug","ts":"2025-08-22T18:30:27.298+0800","caller":"app/config.go:76","func":"github.com/costa92/go-protoc/v2/pkg/app.PrintConfig","msg":"CFG: sentry.ignore-errors=[]","type":"zap"}
{"level":"debug","ts":"2025-08-22T18:30:27.298+0800","caller":"app/config.go:76","func":"github.com/costa92/go-protoc/v2/pkg/app.PrintConfig","msg":"CFG: redis.max-retries=3","type":"zap"}
{"level":"debug","ts":"2025-08-22T18:30:27.298+0800","caller":"app/config.go:76","func":"github.com/costa92/go-protoc/v2/pkg/app.PrintConfig","msg":"CFG: mysql.max-connection-life-time=10s","type":"zap"}
{"level":"debug","ts":"2025-08-22T18:30:27.298+0800","caller":"app/config.go:76","func":"github.com/costa92/go-protoc/v2/pkg/app.PrintConfig","msg":"CFG: log.time-encoder=iso8601","type":"zap"}
{"level":"debug","ts":"2025-08-22T18:30:27.298+0800","caller":"app/config.go:76","func":"github.com/costa92/go-protoc/v2/pkg/app.PrintConfig","msg":"CFG: grpc.timeout=10s","type":"zap"}
{"level":"debug","ts":"2025-08-22T18:30:27.298+0800","caller":"app/config.go:76","func":"github.com/costa92/go-protoc/v2/pkg/app.PrintConfig","msg":"CFG: log.encoder-config.caller-key=caller","type":"zap"}
{"level":"debug","ts":"2025-08-22T18:30:27.298+0800","caller":"app/config.go:76","func":"github.com/costa92/go-protoc/v2/pkg/app.PrintConfig","msg":"CFG: log.initial-fields.version=v2.0.0","type":"zap"}
{"level":"debug","ts":"2025-08-22T18:30:27.298+0800","caller":"app/config.go:76","func":"github.com/costa92/go-protoc/v2/pkg/app.PrintConfig","msg":"CFG: sentry.server-name=","type":"zap"}
{"level":"debug","ts":"2025-08-22T18:30:27.298+0800","caller":"app/config.go:76","func":"github.com/costa92/go-protoc/v2/pkg/app.PrintConfig","msg":"CFG: log.time-key=ts","type":"zap"}
{"level":"debug","ts":"2025-08-22T18:30:27.298+0800","caller":"app/config.go:76","func":"github.com/costa92/go-protoc/v2/pkg/app.PrintConfig","msg":"CFG: sentry.attach-stacktrace=true","type":"zap"}
{"level":"debug","ts":"2025-08-22T18:30:27.298+0800","caller":"app/config.go:76","func":"github.com/costa92/go-protoc/v2/pkg/app.PrintConfig","msg":"CFG: pool-monitor.redis.enabled=true","type":"zap"}
{"level":"debug","ts":"2025-08-22T18:30:27.299+0800","caller":"app/config.go:76","func":"github.com/costa92/go-protoc/v2/pkg/app.PrintConfig","msg":"CFG: pool-monitor.enabled=true","type":"zap"}
{"level":"debug","ts":"2025-08-22T18:30:27.299+0800","caller":"app/config.go:76","func":"github.com/costa92/go-protoc/v2/pkg/app.PrintConfig","msg":"CFG: sentry.release=","type":"zap"}
{"level":"debug","ts":"2025-08-22T18:30:27.299+0800","caller":"app/config.go:76","func":"github.com/costa92/go-protoc/v2/pkg/app.PrintConfig","msg":"CFG: log.otlp.resource_attributes.service.name=apiserver","type":"zap"}
{"level":"debug","ts":"2025-08-22T18:30:27.299+0800","caller":"app/config.go:76","func":"github.com/costa92/go-protoc/v2/pkg/app.PrintConfig","msg":"CFG: log.initial-fields.service=apiserver","type":"zap"}
{"level":"debug","ts":"2025-08-22T18:30:27.299+0800","caller":"app/config.go:76","func":"github.com/costa92/go-protoc/v2/pkg/app.PrintConfig","msg":"CFG: log.development=false","type":"zap"}
{"level":"debug","ts":"2025-08-22T18:30:27.299+0800","caller":"app/config.go:76","func":"github.com/costa92/go-protoc/v2/pkg/app.PrintConfig","msg":"CFG: redis.addr=127.0.0.1:6379","type":"zap"}
{"level":"debug","ts":"2025-08-22T18:30:27.299+0800","caller":"app/config.go:76","func":"github.com/costa92/go-protoc/v2/pkg/app.PrintConfig","msg":"CFG: sentry.dsn=","type":"zap"}
{"level":"debug","ts":"2025-08-22T18:30:27.299+0800","caller":"app/config.go:76","func":"github.com/costa92/go-protoc/v2/pkg/app.PrintConfig","msg":"CFG: jwt.key=onex(#)666","type":"zap"}
{"level":"debug","ts":"2025-08-22T18:30:27.299+0800","caller":"app/config.go:76","func":"github.com/costa92/go-protoc/v2/pkg/app.PrintConfig","msg":"CFG: log.max-age=7","type":"zap"}
{"level":"debug","ts":"2025-08-22T18:30:27.299+0800","caller":"app/config.go:76","func":"github.com/costa92/go-protoc/v2/pkg/app.PrintConfig","msg":"CFG: log.victoria-logs.environment=development","type":"zap"}
{"level":"debug","ts":"2025-08-22T18:30:27.299+0800","caller":"app/config.go:76","func":"github.com/costa92/go-protoc/v2/pkg/app.PrintConfig","msg":"CFG: sentry.environment=development","type":"zap"}
{"level":"debug","ts":"2025-08-22T18:30:27.299+0800","caller":"app/config.go:76","func":"github.com/costa92/go-protoc/v2/pkg/app.PrintConfig","msg":"CFG: http.addr=0.0.0.0:8080","type":"zap"}
{"level":"debug","ts":"2025-08-22T18:30:27.299+0800","caller":"app/config.go:76","func":"github.com/costa92/go-protoc/v2/pkg/app.PrintConfig","msg":"CFG: log.disable-caller=false","type":"zap"}
{"level":"debug","ts":"2025-08-22T18:30:27.299+0800","caller":"app/config.go:76","func":"github.com/costa92/go-protoc/v2/pkg/app.PrintConfig","msg":"CFG: redis.write-timeout=3s","type":"zap"}
{"level":"debug","ts":"2025-08-22T18:30:27.299+0800","caller":"app/config.go:76","func":"github.com/costa92/go-protoc/v2/pkg/app.PrintConfig","msg":"CFG: log.encoder-config.level-key=level","type":"zap"}
{"level":"debug","ts":"2025-08-22T18:30:27.299+0800","caller":"app/config.go:76","func":"github.com/costa92/go-protoc/v2/pkg/app.PrintConfig","msg":"CFG: log-flush-frequency=5s","type":"zap"}
{"level":"debug","ts":"2025-08-22T18:30:27.299+0800","caller":"app/config.go:76","func":"github.com/costa92/go-protoc/v2/pkg/app.PrintConfig","msg":"CFG: log.output-paths=[stdout logs/apiserver/app.log]","type":"zap"}
{"level":"debug","ts":"2025-08-22T18:30:27.299+0800","caller":"app/config.go:76","func":"github.com/costa92/go-protoc/v2/pkg/app.PrintConfig","msg":"CFG: sentry.traces-sample-rate=0.1","type":"zap"}
{"level":"debug","ts":"2025-08-22T18:30:27.299+0800","caller":"app/config.go:76","func":"github.com/costa92/go-protoc/v2/pkg/app.PrintConfig","msg":"CFG: log.otlp.endpoint=127.0.0.1:4327","type":"zap"}
{"level":"debug","ts":"2025-08-22T18:30:27.299+0800","caller":"app/config.go:76","func":"github.com/costa92/go-protoc/v2/pkg/app.PrintConfig","msg":"CFG: pool-monitor.database.slow-query=1s","type":"zap"}
{"level":"debug","ts":"2025-08-22T18:30:27.299+0800","caller":"app/config.go:76","func":"github.com/costa92/go-protoc/v2/pkg/app.PrintConfig","msg":"CFG: log.caller-skip=1","type":"zap"}
{"level":"debug","ts":"2025-08-22T18:30:27.299+0800","caller":"app/config.go:76","func":"github.com/costa92/go-protoc/v2/pkg/app.PrintConfig","msg":"CFG: mysql.log-level=1","type":"zap"}
{"level":"debug","ts":"2025-08-22T18:30:27.299+0800","caller":"app/config.go:76","func":"github.com/costa92/go-protoc/v2/pkg/app.PrintConfig","msg":"CFG: jaeger.agent-host=127.0.0.1","type":"zap"}
{"level":"debug","ts":"2025-08-22T18:30:27.299+0800","caller":"app/config.go:76","func":"github.com/costa92/go-protoc/v2/pkg/app.PrintConfig","msg":"CFG: jaeger.reporter-log-spans=true","type":"zap"}
{"level":"debug","ts":"2025-08-22T18:30:27.299+0800","caller":"app/config.go:76","func":"github.com/costa92/go-protoc/v2/pkg/app.PrintConfig","msg":"CFG: log.victoria-logs.batch-size=100","type":"zap"}
{"level":"debug","ts":"2025-08-22T18:30:27.299+0800","caller":"app/config.go:76","func":"github.com/costa92/go-protoc/v2/pkg/app.PrintConfig","msg":"CFG: log.otlp.export_timeout=30s","type":"zap"}
{"level":"debug","ts":"2025-08-22T18:30:27.299+0800","caller":"app/config.go:76","func":"github.com/costa92/go-protoc/v2/pkg/app.PrintConfig","msg":"CFG: config=configs/apiserver.yaml","type":"zap"}
{"level":"debug","ts":"2025-08-22T18:30:27.299+0800","caller":"app/config.go:76","func":"github.com/costa92/go-protoc/v2/pkg/app.PrintConfig","msg":"CFG: http.network=tcp","type":"zap"}
{"level":"debug","ts":"2025-08-22T18:30:27.299+0800","caller":"app/config.go:76","func":"github.com/costa92/go-protoc/v2/pkg/app.PrintConfig","msg":"CFG: log.disable-function-at-info=true","type":"zap"}
{"level":"debug","ts":"2025-08-22T18:30:27.299+0800","caller":"app/config.go:76","func":"github.com/costa92/go-protoc/v2/pkg/app.PrintConfig","msg":"CFG: log.format=json","type":"zap"}
{"level":"debug","ts":"2025-08-22T18:30:27.299+0800","caller":"app/config.go:76","func":"github.com/costa92/go-protoc/v2/pkg/app.PrintConfig","msg":"CFG: jaeger.sampler-type=const","type":"zap"}
{"level":"debug","ts":"2025-08-22T18:30:27.299+0800","caller":"app/config.go:76","func":"github.com/costa92/go-protoc/v2/pkg/app.PrintConfig","msg":"CFG: mysql.max-open-connections=100","type":"zap"}
{"level":"debug","ts":"2025-08-22T18:30:27.299+0800","caller":"app/config.go:76","func":"github.com/costa92/go-protoc/v2/pkg/app.PrintConfig","msg":"CFG: sentry.send-default-pii=false","type":"zap"}
{"level":"debug","ts":"2025-08-22T18:30:27.299+0800","caller":"app/config.go:76","func":"github.com/costa92/go-protoc/v2/pkg/app.PrintConfig","msg":"CFG: feature-gates=","type":"zap"}
{"level":"debug","ts":"2025-08-22T18:30:27.299+0800","caller":"app/config.go:76","func":"github.com/costa92/go-protoc/v2/pkg/app.PrintConfig","msg":"CFG: redis.database=0","type":"zap"}
{"level":"debug","ts":"2025-08-22T18:30:27.299+0800","caller":"app/config.go:76","func":"github.com/costa92/go-protoc/v2/pkg/app.PrintConfig","msg":"CFG: mysql.enable-trace=true","type":"zap"}
{"level":"debug","ts":"2025-08-22T18:30:27.299+0800","caller":"app/config.go:76","func":"github.com/costa92/go-protoc/v2/pkg/app.PrintConfig","msg":"CFG: log.victoria-logs.service=apiserver","type":"zap"}
{"level":"debug","ts":"2025-08-22T18:30:27.299+0800","caller":"app/config.go:76","func":"github.com/costa92/go-protoc/v2/pkg/app.PrintConfig","msg":"CFG: log.victoria-logs.flush-interval=5","type":"zap"}
{"level":"debug","ts":"2025-08-22T18:30:27.299+0800","caller":"app/config.go:76","func":"github.com/costa92/go-protoc/v2/pkg/app.PrintConfig","msg":"CFG: grpc.network=tcp","type":"zap"}
{"level":"debug","ts":"2025-08-22T18:30:27.299+0800","caller":"app/config.go:76","func":"github.com/costa92/go-protoc/v2/pkg/app.PrintConfig","msg":"CFG: log.dynamic=false","type":"zap"}
{"level":"debug","ts":"2025-08-22T18:30:27.299+0800","caller":"app/config.go:76","func":"github.com/costa92/go-protoc/v2/pkg/app.PrintConfig","msg":"CFG: log.encoder-config.level-encoder=lowercase","type":"zap"}
{"level":"debug","ts":"2025-08-22T18:30:27.299+0800","caller":"app/config.go:76","func":"github.com/costa92/go-protoc/v2/pkg/app.PrintConfig","msg":"CFG: jwt.expired=2h","type":"zap"}
{"level":"debug","ts":"2025-08-22T18:30:27.299+0800","caller":"app/config.go:76","func":"github.com/costa92/go-protoc/v2/pkg/app.PrintConfig","msg":"CFG: log.max-backups=5","type":"zap"}
{"level":"debug","ts":"2025-08-22T18:30:27.299+0800","caller":"app/config.go:76","func":"github.com/costa92/go-protoc/v2/pkg/app.PrintConfig","msg":"CFG: redis.password=","type":"zap"}
{"level":"debug","ts":"2025-08-22T18:30:27.299+0800","caller":"app/config.go:76","func":"github.com/costa92/go-protoc/v2/pkg/app.PrintConfig","msg":"CFG: v=0","type":"zap"}
{"level":"debug","ts":"2025-08-22T18:30:27.299+0800","caller":"app/config.go:76","func":"github.com/costa92/go-protoc/v2/pkg/app.PrintConfig","msg":"CFG: log.encoder-config.caller-encoder=short","type":"zap"}
{"level":"debug","ts":"2025-08-22T18:30:27.299+0800","caller":"app/config.go:76","func":"github.com/costa92/go-protoc/v2/pkg/app.PrintConfig","msg":"CFG: pool-monitor.collect-interval=30s","type":"zap"}
{"level":"debug","ts":"2025-08-22T18:30:27.299+0800","caller":"app/config.go:76","func":"github.com/costa92/go-protoc/v2/pkg/app.PrintConfig","msg":"CFG: jaeger.sampler-param=1","type":"zap"}
{"level":"debug","ts":"2025-08-22T18:30:27.299+0800","caller":"app/config.go:76","func":"github.com/costa92/go-protoc/v2/pkg/app.PrintConfig","msg":"CFG: mysql.log-mode=1","type":"zap"}
{"level":"debug","ts":"2025-08-22T18:30:27.299+0800","caller":"app/config.go:76","func":"github.com/costa92/go-protoc/v2/pkg/app.PrintConfig","msg":"CFG: jwt.signing-method=HS512","type":"zap"}
{"level":"debug","ts":"2025-08-22T18:30:27.299+0800","caller":"app/config.go:76","func":"github.com/costa92/go-protoc/v2/pkg/app.PrintConfig","msg":"CFG: vmodule=","type":"zap"}
{"level":"debug","ts":"2025-08-22T18:30:27.300+0800","caller":"app/config.go:76","func":"github.com/costa92/go-protoc/v2/pkg/app.PrintConfig","msg":"CFG: sentry.debug=false","type":"zap"}
{"level":"debug","ts":"2025-08-22T18:30:27.300+0800","caller":"app/config.go:76","func":"github.com/costa92/go-protoc/v2/pkg/app.PrintConfig","msg":"CFG: log.level=debug","type":"zap"}
{"level":"debug","ts":"2025-08-22T18:30:27.300+0800","caller":"app/config.go:76","func":"github.com/costa92/go-protoc/v2/pkg/app.PrintConfig","msg":"CFG: jwt.max-refresh=2h","type":"zap"}
{"level":"debug","ts":"2025-08-22T18:30:27.300+0800","caller":"app/config.go:76","func":"github.com/costa92/go-protoc/v2/pkg/app.PrintConfig","msg":"CFG: redis.dial-timeout=5s","type":"zap"}
{"level":"debug","ts":"2025-08-22T18:30:27.300+0800","caller":"app/config.go:76","func":"github.com/costa92/go-protoc/v2/pkg/app.PrintConfig","msg":"CFG: sentry.enable-profiling=false","type":"zap"}
{"level":"debug","ts":"2025-08-22T18:30:27.300+0800","caller":"app/config.go:76","func":"github.com/costa92/go-protoc/v2/pkg/app.PrintConfig","msg":"CFG: mysql.max-idle-connections=100","type":"zap"}
{"level":"debug","ts":"2025-08-22T18:30:27.300+0800","caller":"app/config.go:76","func":"github.com/costa92/go-protoc/v2/pkg/app.PrintConfig","msg":"CFG: log.stacktrace-key=stacktrace","type":"zap"}
{"level":"debug","ts":"2025-08-22T18:30:27.300+0800","caller":"app/config.go:76","func":"github.com/costa92/go-protoc/v2/pkg/app.PrintConfig","msg":"CFG: log.level-key=level","type":"zap"}
{"level":"debug","ts":"2025-08-22T18:30:27.300+0800","caller":"app/config.go:76","func":"github.com/costa92/go-protoc/v2/pkg/app.PrintConfig","msg":"CFG: log.enable-color=false","type":"zap"}
{"level":"debug","ts":"2025-08-22T18:30:27.300+0800","caller":"app/config.go:76","func":"github.com/costa92/go-protoc/v2/pkg/app.PrintConfig","msg":"CFG: redis.pool-timeout=4s","type":"zap"}
{"level":"debug","ts":"2025-08-22T18:30:27.300+0800","caller":"app/config.go:76","func":"github.com/costa92/go-protoc/v2/pkg/app.PrintConfig","msg":"CFG: jaeger.env=development","type":"zap"}
{"level":"debug","ts":"2025-08-22T18:30:27.300+0800","caller":"app/config.go:76","func":"github.com/costa92/go-protoc/v2/pkg/app.PrintConfig","msg":"CFG: log.level-encoder=lowercase","type":"zap"}
{"level":"debug","ts":"2025-08-22T18:30:27.300+0800","caller":"app/config.go:76","func":"github.com/costa92/go-protoc/v2/pkg/app.PrintConfig","msg":"CFG: mysql.password=proj(#)666","type":"zap"}
{"level":"debug","ts":"2025-08-22T18:30:27.300+0800","caller":"app/config.go:76","func":"github.com/costa92/go-protoc/v2/pkg/app.PrintConfig","msg":"CFG: log.victoria-logs.version=v2.0.0","type":"zap"}
{"level":"debug","ts":"2025-08-22T18:30:27.300+0800","caller":"app/config.go:76","func":"github.com/costa92/go-protoc/v2/pkg/app.PrintConfig","msg":"CFG: log.otlp.enabled=true","type":"zap"}
{"level":"debug","ts":"2025-08-22T18:30:27.300+0800","caller":"app/config.go:76","func":"github.com/costa92/go-protoc/v2/pkg/app.PrintConfig","msg":"CFG: log.caller-encoder=short","type":"zap"}
{"level":"debug","ts":"2025-08-22T18:30:27.300+0800","caller":"app/config.go:76","func":"github.com/costa92/go-protoc/v2/pkg/app.PrintConfig","msg":"CFG: mysql.host=127.0.0.1","type":"zap"}
{"level":"debug","ts":"2025-08-22T18:30:27.300+0800","caller":"app/config.go:76","func":"github.com/costa92/go-protoc/v2/pkg/app.PrintConfig","msg":"CFG: redis.username=","type":"zap"}
{"level":"debug","ts":"2025-08-22T18:30:27.300+0800","caller":"app/config.go:76","func":"github.com/costa92/go-protoc/v2/pkg/app.PrintConfig","msg":"CFG: redis.pool-size=10","type":"zap"}
{"level":"debug","ts":"2025-08-22T18:30:27.300+0800","caller":"app/config.go:76","func":"github.com/costa92/go-protoc/v2/pkg/app.PrintConfig","msg":"CFG: pool-monitor.database.enabled=true","type":"zap"}
{"level":"debug","ts":"2025-08-22T18:30:27.300+0800","caller":"app/config.go:76","func":"github.com/costa92/go-protoc/v2/pkg/app.PrintConfig","msg":"CFG: version=false","type":"zap"}
{"level":"debug","ts":"2025-08-22T18:30:27.300+0800","caller":"app/config.go:76","func":"github.com/costa92/go-protoc/v2/pkg/app.PrintConfig","msg":"CFG: mysql.database=protoc","type":"zap"}
{"level":"debug","ts":"2025-08-22T18:30:27.300+0800","caller":"app/config.go:76","func":"github.com/costa92/go-protoc/v2/pkg/app.PrintConfig","msg":"CFG: jaeger.agent-port=6831","type":"zap"}
{"level":"debug","ts":"2025-08-22T18:30:27.300+0800","caller":"app/config.go:76","func":"github.com/costa92/go-protoc/v2/pkg/app.PrintConfig","msg":"CFG: log.otlp.batch_size=100","type":"zap"}
{"level":"debug","ts":"2025-08-22T18:30:27.300+0800","caller":"app/config.go:76","func":"github.com/costa92/go-protoc/v2/pkg/app.PrintConfig","msg":"CFG: log.otlp.resource_attributes.deployment.environment=development","type":"zap"}
{"level":"debug","ts":"2025-08-22T18:30:27.300+0800","caller":"app/config.go:76","func":"github.com/costa92/go-protoc/v2/pkg/app.PrintConfig","msg":"CFG: log.error-output-paths=[stderr]","type":"zap"}
{"level":"debug","ts":"2025-08-22T18:30:27.300+0800","caller":"app/config.go:76","func":"github.com/costa92/go-protoc/v2/pkg/app.PrintConfig","msg":"CFG: sentry.max-breadcrumbs=100","type":"zap"}
{"level":"debug","ts":"2025-08-22T18:30:27.300+0800","caller":"app/config.go:76","func":"github.com/costa92/go-protoc/v2/pkg/app.PrintConfig","msg":"CFG: sentry.enabled=false","type":"zap"}
{"level":"debug","ts":"2025-08-22T18:30:27.300+0800","caller":"app/config.go:76","func":"github.com/costa92/go-protoc/v2/pkg/app.PrintConfig","msg":"CFG: log.caller-key=caller","type":"zap"}
{"level":"debug","ts":"2025-08-22T18:30:27.300+0800","caller":"app/config.go:76","func":"github.com/costa92/go-protoc/v2/pkg/app.PrintConfig","msg":"CFG: log.victoria-logs.timeout=10","type":"zap"}
{"level":"debug","ts":"2025-08-22T18:30:27.300+0800","caller":"app/config.go:76","func":"github.com/costa92/go-protoc/v2/pkg/app.PrintConfig","msg":"CFG: sentry.sample-rate=1","type":"zap"}
{"level":"debug","ts":"2025-08-22T18:30:27.300+0800","caller":"app/config.go:76","func":"github.com/costa92/go-protoc/v2/pkg/app.PrintConfig","msg":"CFG: jaeger.server=127.0.0.1:6831","type":"zap"}
{"level":"debug","ts":"2025-08-22T18:30:27.300+0800","caller":"app/config.go:76","func":"github.com/costa92/go-protoc/v2/pkg/app.PrintConfig","msg":"CFG: redis.enable-trace=true","type":"zap"}
{"level":"debug","ts":"2025-08-22T18:30:27.300+0800","caller":"app/config.go:76","func":"github.com/costa92/go-protoc/v2/pkg/app.PrintConfig","msg":"CFG: log.victoria-logs.endpoint=http://127.0.0.1:9428","type":"zap"}
{"level":"debug","ts":"2025-08-22T18:30:27.300+0800","caller":"app/config.go:76","func":"github.com/costa92/go-protoc/v2/pkg/app.PrintConfig","msg":"CFG: log.encoder-config.stacktrace-key=stacktrace","type":"zap"}
{"level":"debug","ts":"2025-08-22T18:30:27.300+0800","caller":"app/config.go:76","func":"github.com/costa92/go-protoc/v2/pkg/app.PrintConfig","msg":"CFG: log.function-key=func","type":"zap"}
{"level":"debug","ts":"2025-08-22T18:30:27.300+0800","caller":"app/config.go:76","func":"github.com/costa92/go-protoc/v2/pkg/app.PrintConfig","msg":"CFG: jaeger.service-name=apiserver","type":"zap"}
{"level":"debug","ts":"2025-08-22T18:30:27.300+0800","caller":"app/config.go:76","func":"github.com/costa92/go-protoc/v2/pkg/app.PrintConfig","msg":"CFG: log.encoder-config.time-key=ts","type":"zap"}
{"level":"debug","ts":"2025-08-22T18:30:27.300+0800","caller":"app/config.go:76","func":"github.com/costa92/go-protoc/v2/pkg/app.PrintConfig","msg":"CFG: jaeger.enabled=true","type":"zap"}
{"level":"debug","ts":"2025-08-22T18:30:27.300+0800","caller":"app/config.go:76","func":"github.com/costa92/go-protoc/v2/pkg/app.PrintConfig","msg":"CFG: sentry.enable-tracing=true","type":"zap"}
{"level":"debug","ts":"2025-08-22T18:30:27.300+0800","caller":"app/config.go:76","func":"github.com/costa92/go-protoc/v2/pkg/app.PrintConfig","msg":"CFG: pool-monitor.namespace=apiserver","type":"zap"}
{"level":"debug","ts":"2025-08-22T18:30:27.300+0800","caller":"app/config.go:76","func":"github.com/costa92/go-protoc/v2/pkg/app.PrintConfig","msg":"CFG: log.victoria-logs.enabled=false","type":"zap"}
{"level":"debug","ts":"2025-08-22T18:30:27.300+0800","caller":"app/config.go:76","func":"github.com/costa92/go-protoc/v2/pkg/app.PrintConfig","msg":"CFG: log.victoria-logs.buffer-size=1000","type":"zap"}
{"level":"debug","ts":"2025-08-22T18:30:27.300+0800","caller":"app/config.go:76","func":"github.com/costa92/go-protoc/v2/pkg/app.PrintConfig","msg":"CFG: log.otlp.resource_attributes.service.namespace=go-protoc","type":"zap"}
{"level":"debug","ts":"2025-08-22T18:30:27.300+0800","caller":"app/config.go:76","func":"github.com/costa92/go-protoc/v2/pkg/app.PrintConfig","msg":"CFG: grpc.addr=0.0.0.0:9090","type":"zap"}
{"level":"debug","ts":"2025-08-22T18:30:27.300+0800","caller":"app/config.go:76","func":"github.com/costa92/go-protoc/v2/pkg/app.PrintConfig","msg":"CFG: log.max-size=100","type":"zap"}
{"level":"debug","ts":"2025-08-22T18:30:27.301+0800","caller":"app/config.go:76","func":"github.com/costa92/go-protoc/v2/pkg/app.PrintConfig","msg":"CFG: mysql.username=root","type":"zap"}
{"level":"debug","ts":"2025-08-22T18:30:27.301+0800","caller":"app/config.go:76","func":"github.com/costa92/go-protoc/v2/pkg/app.PrintConfig","msg":"CFG: log.disable-stacktrace=false","type":"zap"}
{"level":"debug","ts":"2025-08-22T18:30:27.301+0800","caller":"app/config.go:76","func":"github.com/costa92/go-protoc/v2/pkg/app.PrintConfig","msg":"CFG: help=false","type":"zap"}
{"level":"debug","ts":"2025-08-22T18:30:27.301+0800","caller":"app/config.go:76","func":"github.com/costa92/go-protoc/v2/pkg/app.PrintConfig","msg":"CFG: log.otlp.timeout=10s","type":"zap"}
{"level":"debug","ts":"2025-08-22T18:30:27.301+0800","caller":"app/config.go:76","func":"github.com/costa92/go-protoc/v2/pkg/app.PrintConfig","msg":"CFG: log.otlp.resource_attributes.service.version=v2.0.0","type":"zap"}
{"level":"debug","ts":"2025-08-22T18:30:27.301+0800","caller":"app/config.go:76","func":"github.com/costa92/go-protoc/v2/pkg/app.PrintConfig","msg":"CFG: log.encoder-config.time-encoder=iso8601","type":"zap"}
{"level":"debug","ts":"2025-08-22T18:30:27.301+0800","caller":"app/config.go:76","func":"github.com/costa92/go-protoc/v2/pkg/app.PrintConfig","msg":"CFG: redis.read-timeout=3s","type":"zap"}
{"level":"debug","ts":"2025-08-22T18:30:27.301+0800","caller":"app/config.go:76","func":"github.com/costa92/go-protoc/v2/pkg/app.PrintConfig","msg":"CFG: log.encoder-config.function-key=func","type":"zap"}
{"level":"debug","ts":"2025-08-22T18:30:27.301+0800","caller":"app/config.go:76","func":"github.com/costa92/go-protoc/v2/pkg/app.PrintConfig","msg":"CFG: redis.min-idle-conns=0","type":"zap"}
{"level":"debug","ts":"2025-08-22T18:30:27.301+0800","caller":"app/config.go:76","func":"github.com/costa92/go-protoc/v2/pkg/app.PrintConfig","msg":"CFG: sentry.flush-timeout=5s","type":"zap"}
{"level":"debug","ts":"2025-08-22T18:30:27.301+0800","caller":"app/config.go:76","func":"github.com/costa92/go-protoc/v2/pkg/app.PrintConfig","msg":"CFG: http.timeout=10s","type":"zap"}
{"level":"debug","ts":"2025-08-22T18:30:27.301+0800","caller":"app/config.go:76","func":"github.com/costa92/go-protoc/v2/pkg/app.PrintConfig","msg":"CFG: log.otlp.insecure=true","type":"zap"}
{"level":"debug","ts":"2025-08-22T18:30:27.301+0800","caller":"app/config.go:76","func":"github.com/costa92/go-protoc/v2/pkg/app.PrintConfig","msg":"CFG: log.initial-fields.environment=development","type":"zap"}
{"level":"debug","ts":"2025-08-22T18:30:27.301+0800","caller":"app/config.go:76","func":"github.com/costa92/go-protoc/v2/pkg/app.PrintConfig","msg":"CFG: log.compress=true","type":"zap"}
{"level":"debug","ts":"2025-08-22T18:30:27.301+0800","caller":"app/config.go:76","func":"github.com/costa92/go-protoc/v2/pkg/app.PrintConfig","msg":"CFG: log.encoding=json","type":"zap"}
{"level":"debug","ts":"2025-08-22T18:30:27.301+0800","caller":"app/config.go:76","func":"github.com/costa92/go-protoc/v2/pkg/app.PrintConfig","msg":"CFG: log.message-key=msg","type":"zap"}
{"level":"debug","ts":"2025-08-22T18:30:27.301+0800","caller":"app/config.go:76","func":"github.com/costa92/go-protoc/v2/pkg/app.PrintConfig","msg":"CFG: sentry.profiles-sample-rate=0.1","type":"zap"}
{"level":"debug","ts":"2025-08-22T18:30:27.301+0800","caller":"app/config.go:76","func":"github.com/costa92/go-protoc/v2/pkg/app.PrintConfig","msg":"CFG: log.encoder-config.message-key=msg","type":"zap"}
{"level":"debug","ts":"2025-08-22T18:30:27.301+0800","caller":"app/config.go:76","func":"github.com/costa92/go-protoc/v2/pkg/app.PrintConfig","msg":"CFG: log.type=zap","type":"zap"}
{"level":"info","ts":"2025-08-22T18:30:27.301+0800","caller":"app/server.go:67","msg":"Connection pool metrics collection is enabled through dependency injection"}
{"level":"info","ts":"2025-08-22T18:30:27.301+0800","caller":"app/server.go:68","msg":"Metrics will be automatically collected by the PoolMonitor when database connections are established"}
{"level":"info","ts":"2025-08-22T18:30:27.301+0800","caller":"app/server.go:71","msg":"Database pool monitoring enabled","slow_query_threshold":1000,"collect_interval":30000}
{"level":"info","ts":"2025-08-22T18:30:27.301+0800","caller":"app/server.go:77","msg":"Redis pool monitoring enabled","collect_interval":30000}
{"level":"info","ts":"2025-08-22T18:30:27.301+0800","caller":"apiserver/server.go:66","msg":"Initializing API server","service":"apiserver","version":"v0.0.0-master+$Format:%h$","branch":"unknown","commit":"$Format:","build_date":"1970-01-01T00:00:00Z","go_version":"go1.25.0"}
{"level":"info","ts":"2025-08-22T18:30:27.301+0800","caller":"apiserver/server.go:78","msg":"Logger configuration","level":"debug","format":"json"}
{"level":"debug","ts":"2025-08-22T18:30:27.301+0800","caller":"apiserver/server.go:79","func":"github.com/costa92/go-protoc/v2/internal/apiserver.(*Config).NewServer","msg":"Debug logging enabled","type":"zap","caller_skip":2,"enable_color":false}
{"level":"info","ts":"2025-08-22T18:30:27.301+0800","caller":"apiserver/server.go:83","msg":"Validating service connections before startup..."}
{"level":"info","ts":"2025-08-22T18:30:27.301+0800","caller":"apiserver/server.go:87","msg":"Testing MySQL connection..."}
{"level":"error","ts":"2025-08-22T18:30:27.302+0800","caller":"apiserver/server.go:89","func":"github.com/costa92/go-protoc/v2/internal/apiserver.(*Config).NewServer","msg":"MySQL connection test failed","type":"zap","error":"failed to ping MySQL database: Error 1049 (42000): Unknown database 'protoc'","stacktrace":"github.com/costa92/go-protoc/v2/internal/apiserver.(*Config).NewServer\n\t/home/hellotalk/code/go/src/github.com/costa92/go-protoc/internal/apiserver/server.go:89\ngithub.com/costa92/go-protoc/v2/cmd/apiserver/app.NewApp.run.func4\n\t/home/hellotalk/code/go/src/github.com/costa92/go-protoc/cmd/apiserver/app/server.go:54\ngithub.com/costa92/go-protoc/v2/pkg/app.(*App).runCommand\n\t/home/hellotalk/code/go/src/github.com/costa92/go-protoc/pkg/app/app.go:300\ngithub.com/spf13/cobra.(*Command).execute\n\t/home/hellotalk/code/go/pkg/mod/github.com/spf13/cobra@v1.9.1/command.go:1015\ngithub.com/spf13/cobra.(*Command).ExecuteC\n\t/home/hellotalk/code/go/pkg/mod/github.com/spf13/cobra@v1.9.1/command.go:1148\ngithub.com/spf13/cobra.(*Command).Execute\n\t/home/hellotalk/code/go/pkg/mod/github.com/spf13/cobra@v1.9.1/command.go:1071\nk8s.io/component-base/cli.run\n\t/home/hellotalk/code/go/pkg/mod/k8s.io/component-base@v0.33.1/cli/run.go:143\nk8s.io/component-base/cli.Run\n\t/home/hellotalk/code/go/pkg/mod/k8s.io/component-base@v0.33.1/cli/run.go:44\ngithub.com/costa92/go-protoc/v2/pkg/app.(*App).Run\n\t/home/hellotalk/code/go/src/github.com/costa92/go-protoc/pkg/app/app.go:252\nmain.main\n\t/home/hellotalk/code/go/src/github.com/costa92/go-protoc/cmd/apiserver/main.go:6\nruntime.main\n\t/home/hellotalk/.gvm/gos/go1.25/src/runtime/proc.go:285"}
{"level":"info","ts":"2025-08-22T22:22:44.210+0800","caller":"app/app.go:284","msg":"Starting application","name":"apiserver","version":"{\"gitVersion\":\"v0.0.0-master+$Format:%h$\",\"gitCommit\":\"$Format:%H$\",\"gitTreeState\":\"\",\"gitBranch\":\"unknown\",\"buildDate\":\"1970-01-01T00:00:00Z\",\"serviceName\":\"apiserver\",\"goVersion\":\"go1.25.0\",\"compiler\":\"gc\",\"platform\":\"darwin/arm64\"}"}
{"level":"info","ts":"2025-08-22T22:22:44.210+0800","caller":"app/app.go:285","msg":"Golang settings","GOGC":"","GOMAXPROCS":"","GOTRACEBACK":""}
{"level":"debug","ts":"2025-08-22T22:22:44.210+0800","caller":"app/config.go:76","func":"github.com/costa92/go-protoc/v2/pkg/app.PrintConfig","msg":"CFG: pool-monitor.enabled=true","type":"zap"}
{"level":"debug","ts":"2025-08-22T22:22:44.210+0800","caller":"app/config.go:76","func":"github.com/costa92/go-protoc/v2/pkg/app.PrintConfig","msg":"CFG: sentry.sample-rate=1","type":"zap"}
{"level":"debug","ts":"2025-08-22T22:22:44.210+0800","caller":"app/config.go:76","func":"github.com/costa92/go-protoc/v2/pkg/app.PrintConfig","msg":"CFG: jwt.signing-method=HS512","type":"zap"}
{"level":"debug","ts":"2025-08-22T22:22:44.210+0800","caller":"app/config.go:76","func":"github.com/costa92/go-protoc/v2/pkg/app.PrintConfig","msg":"CFG: log.development=false","type":"zap"}
{"level":"debug","ts":"2025-08-22T22:22:44.210+0800","caller":"app/config.go:76","func":"github.com/costa92/go-protoc/v2/pkg/app.PrintConfig","msg":"CFG: log.initial-fields.version=v2.0.0","type":"zap"}
{"level":"debug","ts":"2025-08-22T22:22:44.210+0800","caller":"app/config.go:76","func":"github.com/costa92/go-protoc/v2/pkg/app.PrintConfig","msg":"CFG: log.initial-fields.environment=development","type":"zap"}
{"level":"debug","ts":"2025-08-22T22:22:44.210+0800","caller":"app/config.go:76","func":"github.com/costa92/go-protoc/v2/pkg/app.PrintConfig","msg":"CFG: redis.dial-timeout=5s","type":"zap"}
{"level":"debug","ts":"2025-08-22T22:22:44.210+0800","caller":"app/config.go:76","func":"github.com/costa92/go-protoc/v2/pkg/app.PrintConfig","msg":"CFG: redis.password=","type":"zap"}
{"level":"debug","ts":"2025-08-22T22:22:44.210+0800","caller":"app/config.go:76","func":"github.com/costa92/go-protoc/v2/pkg/app.PrintConfig","msg":"CFG: log.encoder-config.message-key=msg","type":"zap"}
{"level":"debug","ts":"2025-08-22T22:22:44.210+0800","caller":"app/config.go:76","func":"github.com/costa92/go-protoc/v2/pkg/app.PrintConfig","msg":"CFG: log.victoria-logs.service=apiserver","type":"zap"}
{"level":"debug","ts":"2025-08-22T22:22:44.210+0800","caller":"app/config.go:76","func":"github.com/costa92/go-protoc/v2/pkg/app.PrintConfig","msg":"CFG: log.time-key=ts","type":"zap"}
{"level":"debug","ts":"2025-08-22T22:22:44.210+0800","caller":"app/config.go:76","func":"github.com/costa92/go-protoc/v2/pkg/app.PrintConfig","msg":"CFG: jaeger.server=127.0.0.1:6831","type":"zap"}
{"level":"debug","ts":"2025-08-22T22:22:44.210+0800","caller":"app/config.go:76","func":"github.com/costa92/go-protoc/v2/pkg/app.PrintConfig","msg":"CFG: mysql.enable-trace=true","type":"zap"}
{"level":"debug","ts":"2025-08-22T22:22:44.210+0800","caller":"app/config.go:76","func":"github.com/costa92/go-protoc/v2/pkg/app.PrintConfig","msg":"CFG: log.otlp.resource_attributes.service.version=v2.0.0","type":"zap"}
{"level":"debug","ts":"2025-08-22T22:22:44.210+0800","caller":"app/config.go:76","func":"github.com/costa92/go-protoc/v2/pkg/app.PrintConfig","msg":"CFG: jwt.key=onex(#)666","type":"zap"}
{"level":"debug","ts":"2025-08-22T22:22:44.210+0800","caller":"app/config.go:76","func":"github.com/costa92/go-protoc/v2/pkg/app.PrintConfig","msg":"CFG: sentry.send-default-pii=false","type":"zap"}
{"level":"debug","ts":"2025-08-22T22:22:44.210+0800","caller":"app/config.go:76","func":"github.com/costa92/go-protoc/v2/pkg/app.PrintConfig","msg":"CFG: sentry.max-breadcrumbs=100","type":"zap"}
{"level":"debug","ts":"2025-08-22T22:22:44.211+0800","caller":"app/config.go:76","func":"github.com/costa92/go-protoc/v2/pkg/app.PrintConfig","msg":"CFG: redis.addr=127.0.0.1:6379","type":"zap"}
{"level":"debug","ts":"2025-08-22T22:22:44.211+0800","caller":"app/config.go:76","func":"github.com/costa92/go-protoc/v2/pkg/app.PrintConfig","msg":"CFG: log.encoder-config.function-key=func","type":"zap"}
{"level":"debug","ts":"2025-08-22T22:22:44.211+0800","caller":"app/config.go:76","func":"github.com/costa92/go-protoc/v2/pkg/app.PrintConfig","msg":"CFG: log.encoder-config.caller-encoder=short","type":"zap"}
{"level":"debug","ts":"2025-08-22T22:22:44.211+0800","caller":"app/config.go:76","func":"github.com/costa92/go-protoc/v2/pkg/app.PrintConfig","msg":"CFG: log.otlp.enabled=true","type":"zap"}
{"level":"debug","ts":"2025-08-22T22:22:44.211+0800","caller":"app/config.go:76","func":"github.com/costa92/go-protoc/v2/pkg/app.PrintConfig","msg":"CFG: sentry.ignore-errors=[]","type":"zap"}
{"level":"debug","ts":"2025-08-22T22:22:44.211+0800","caller":"app/config.go:76","func":"github.com/costa92/go-protoc/v2/pkg/app.PrintConfig","msg":"CFG: log.max-backups=5","type":"zap"}
{"level":"debug","ts":"2025-08-22T22:22:44.211+0800","caller":"app/config.go:76","func":"github.com/costa92/go-protoc/v2/pkg/app.PrintConfig","msg":"CFG: pool-monitor.collect-interval=30s","type":"zap"}
{"level":"debug","ts":"2025-08-22T22:22:44.211+0800","caller":"app/config.go:76","func":"github.com/costa92/go-protoc/v2/pkg/app.PrintConfig","msg":"CFG: log.encoder-config.level-key=level","type":"zap"}
{"level":"debug","ts":"2025-08-22T22:22:44.211+0800","caller":"app/config.go:76","func":"github.com/costa92/go-protoc/v2/pkg/app.PrintConfig","msg":"CFG: log.time-encoder=iso8601","type":"zap"}
{"level":"debug","ts":"2025-08-22T22:22:44.211+0800","caller":"app/config.go:76","func":"github.com/costa92/go-protoc/v2/pkg/app.PrintConfig","msg":"CFG: log-flush-frequency=5s","type":"zap"}
{"level":"debug","ts":"2025-08-22T22:22:44.211+0800","caller":"app/config.go:76","func":"github.com/costa92/go-protoc/v2/pkg/app.PrintConfig","msg":"CFG: grpc.network=tcp","type":"zap"}
{"level":"debug","ts":"2025-08-22T22:22:44.211+0800","caller":"app/config.go:76","func":"github.com/costa92/go-protoc/v2/pkg/app.PrintConfig","msg":"CFG: mysql.max-idle-connections=100","type":"zap"}
{"level":"debug","ts":"2025-08-22T22:22:44.211+0800","caller":"app/config.go:76","func":"github.com/costa92/go-protoc/v2/pkg/app.PrintConfig","msg":"CFG: log.caller-encoder=short","type":"zap"}
{"level":"debug","ts":"2025-08-22T22:22:44.211+0800","caller":"app/config.go:76","func":"github.com/costa92/go-protoc/v2/pkg/app.PrintConfig","msg":"CFG: jaeger.enabled=true","type":"zap"}
{"level":"debug","ts":"2025-08-22T22:22:44.211+0800","caller":"app/config.go:76","func":"github.com/costa92/go-protoc/v2/pkg/app.PrintConfig","msg":"CFG: sentry.server-name=","type":"zap"}
{"level":"debug","ts":"2025-08-22T22:22:44.211+0800","caller":"app/config.go:76","func":"github.com/costa92/go-protoc/v2/pkg/app.PrintConfig","msg":"CFG: log.encoder-config.caller-key=caller","type":"zap"}
{"level":"debug","ts":"2025-08-22T22:22:44.211+0800","caller":"app/config.go:76","func":"github.com/costa92/go-protoc/v2/pkg/app.PrintConfig","msg":"CFG: log.otlp.export_timeout=30s","type":"zap"}
{"level":"debug","ts":"2025-08-22T22:22:44.211+0800","caller":"app/config.go:76","func":"github.com/costa92/go-protoc/v2/pkg/app.PrintConfig","msg":"CFG: log.max-size=100","type":"zap"}
{"level":"debug","ts":"2025-08-22T22:22:44.211+0800","caller":"app/config.go:76","func":"github.com/costa92/go-protoc/v2/pkg/app.PrintConfig","msg":"CFG: sentry.enable-profiling=false","type":"zap"}
{"level":"debug","ts":"2025-08-22T22:22:44.211+0800","caller":"app/config.go:76","func":"github.com/costa92/go-protoc/v2/pkg/app.PrintConfig","msg":"CFG: mysql.password=proj(#)666","type":"zap"}
{"level":"debug","ts":"2025-08-22T22:22:44.211+0800","caller":"app/config.go:76","func":"github.com/costa92/go-protoc/v2/pkg/app.PrintConfig","msg":"CFG: log.otlp.timeout=10s","type":"zap"}
{"level":"debug","ts":"2025-08-22T22:22:44.211+0800","caller":"app/config.go:76","func":"github.com/costa92/go-protoc/v2/pkg/app.PrintConfig","msg":"CFG: log.max-age=7","type":"zap"}
{"level":"debug","ts":"2025-08-22T22:22:44.211+0800","caller":"app/config.go:76","func":"github.com/costa92/go-protoc/v2/pkg/app.PrintConfig","msg":"CFG: http.timeout=10s","type":"zap"}
{"level":"debug","ts":"2025-08-22T22:22:44.211+0800","caller":"app/config.go:76","func":"github.com/costa92/go-protoc/v2/pkg/app.PrintConfig","msg":"CFG: help=false","type":"zap"}
{"level":"debug","ts":"2025-08-22T22:22:44.211+0800","caller":"app/config.go:76","func":"github.com/costa92/go-protoc/v2/pkg/app.PrintConfig","msg":"CFG: pool-monitor.redis.enabled=true","type":"zap"}
{"level":"debug","ts":"2025-08-22T22:22:44.211+0800","caller":"app/config.go:76","func":"github.com/costa92/go-protoc/v2/pkg/app.PrintConfig","msg":"CFG: log.disable-function-at-info=true","type":"zap"}
{"level":"debug","ts":"2025-08-22T22:22:44.211+0800","caller":"app/config.go:76","func":"github.com/costa92/go-protoc/v2/pkg/app.PrintConfig","msg":"CFG: log.message-key=msg","type":"zap"}
{"level":"debug","ts":"2025-08-22T22:22:44.211+0800","caller":"app/config.go:76","func":"github.com/costa92/go-protoc/v2/pkg/app.PrintConfig","msg":"CFG: log.level-encoder=lowercase","type":"zap"}
{"level":"debug","ts":"2025-08-22T22:22:44.211+0800","caller":"app/config.go:76","func":"github.com/costa92/go-protoc/v2/pkg/app.PrintConfig","msg":"CFG: jwt.expired=2h","type":"zap"}
{"level":"debug","ts":"2025-08-22T22:22:44.211+0800","caller":"app/config.go:76","func":"github.com/costa92/go-protoc/v2/pkg/app.PrintConfig","msg":"CFG: redis.max-retries=3","type":"zap"}
{"level":"debug","ts":"2025-08-22T22:22:44.211+0800","caller":"app/config.go:76","func":"github.com/costa92/go-protoc/v2/pkg/app.PrintConfig","msg":"CFG: vmodule=","type":"zap"}
{"level":"debug","ts":"2025-08-22T22:22:44.211+0800","caller":"app/config.go:76","func":"github.com/costa92/go-protoc/v2/pkg/app.PrintConfig","msg":"CFG: redis.read-timeout=3s","type":"zap"}
{"level":"debug","ts":"2025-08-22T22:22:44.211+0800","caller":"app/config.go:76","func":"github.com/costa92/go-protoc/v2/pkg/app.PrintConfig","msg":"CFG: redis.pool-size=10","type":"zap"}
{"level":"debug","ts":"2025-08-22T22:22:44.211+0800","caller":"app/config.go:76","func":"github.com/costa92/go-protoc/v2/pkg/app.PrintConfig","msg":"CFG: log.encoder-config.time-key=ts","type":"zap"}
{"level":"debug","ts":"2025-08-22T22:22:44.211+0800","caller":"app/config.go:76","func":"github.com/costa92/go-protoc/v2/pkg/app.PrintConfig","msg":"CFG: pool-monitor.database.enabled=true","type":"zap"}
{"level":"debug","ts":"2025-08-22T22:22:44.211+0800","caller":"app/config.go:76","func":"github.com/costa92/go-protoc/v2/pkg/app.PrintConfig","msg":"CFG: log.enable-color=false","type":"zap"}
{"level":"debug","ts":"2025-08-22T22:22:44.211+0800","caller":"app/config.go:76","func":"github.com/costa92/go-protoc/v2/pkg/app.PrintConfig","msg":"CFG: mysql.username=root","type":"zap"}
{"level":"debug","ts":"2025-08-22T22:22:44.211+0800","caller":"app/config.go:76","func":"github.com/costa92/go-protoc/v2/pkg/app.PrintConfig","msg":"CFG: log.level-key=level","type":"zap"}
{"level":"debug","ts":"2025-08-22T22:22:44.211+0800","caller":"app/config.go:76","func":"github.com/costa92/go-protoc/v2/pkg/app.PrintConfig","msg":"CFG: jaeger.agent-host=127.0.0.1","type":"zap"}
{"level":"debug","ts":"2025-08-22T22:22:44.211+0800","caller":"app/config.go:76","func":"github.com/costa92/go-protoc/v2/pkg/app.PrintConfig","msg":"CFG: log.otlp.resource_attributes.service.namespace=go-protoc","type":"zap"}
{"level":"debug","ts":"2025-08-22T22:22:44.211+0800","caller":"app/config.go:76","func":"github.com/costa92/go-protoc/v2/pkg/app.PrintConfig","msg":"CFG: log.caller-skip=1","type":"zap"}
{"level":"debug","ts":"2025-08-22T22:22:44.211+0800","caller":"app/config.go:76","func":"github.com/costa92/go-protoc/v2/pkg/app.PrintConfig","msg":"CFG: jwt.max-refresh=2h","type":"zap"}
{"level":"debug","ts":"2025-08-22T22:22:44.211+0800","caller":"app/config.go:76","func":"github.com/costa92/go-protoc/v2/pkg/app.PrintConfig","msg":"CFG: mysql.database=protoc","type":"zap"}
{"level":"debug","ts":"2025-08-22T22:22:44.211+0800","caller":"app/config.go:76","func":"github.com/costa92/go-protoc/v2/pkg/app.PrintConfig","msg":"CFG: jaeger.agent-port=6831","type":"zap"}
{"level":"debug","ts":"2025-08-22T22:22:44.211+0800","caller":"app/config.go:76","func":"github.com/costa92/go-protoc/v2/pkg/app.PrintConfig","msg":"CFG: log.otlp.endpoint=127.0.0.1:4327","type":"zap"}
{"level":"debug","ts":"2025-08-22T22:22:44.211+0800","caller":"app/config.go:76","func":"github.com/costa92/go-protoc/v2/pkg/app.PrintConfig","msg":"CFG: version=false","type":"zap"}
{"level":"debug","ts":"2025-08-22T22:22:44.211+0800","caller":"app/config.go:76","func":"github.com/costa92/go-protoc/v2/pkg/app.PrintConfig","msg":"CFG: log.dynamic=false","type":"zap"}
{"level":"debug","ts":"2025-08-22T22:22:44.211+0800","caller":"app/config.go:76","func":"github.com/costa92/go-protoc/v2/pkg/app.PrintConfig","msg":"CFG: redis.write-timeout=3s","type":"zap"}
{"level":"debug","ts":"2025-08-22T22:22:44.211+0800","caller":"app/config.go:76","func":"github.com/costa92/go-protoc/v2/pkg/app.PrintConfig","msg":"CFG: sentry.debug=false","type":"zap"}
{"level":"debug","ts":"2025-08-22T22:22:44.211+0800","caller":"app/config.go:76","func":"github.com/costa92/go-protoc/v2/pkg/app.PrintConfig","msg":"CFG: log.format=json","type":"zap"}
{"level":"debug","ts":"2025-08-22T22:22:44.211+0800","caller":"app/config.go:76","func":"github.com/costa92/go-protoc/v2/pkg/app.PrintConfig","msg":"CFG: pool-monitor.namespace=apiserver","type":"zap"}
{"level":"debug","ts":"2025-08-22T22:22:44.211+0800","caller":"app/config.go:76","func":"github.com/costa92/go-protoc/v2/pkg/app.PrintConfig","msg":"CFG: mysql.log-level=1","type":"zap"}
{"level":"debug","ts":"2025-08-22T22:22:44.211+0800","caller":"app/config.go:76","func":"github.com/costa92/go-protoc/v2/pkg/app.PrintConfig","msg":"CFG: log.victoria-logs.buffer-size=1000","type":"zap"}
{"level":"debug","ts":"2025-08-22T22:22:44.211+0800","caller":"app/config.go:76","func":"github.com/costa92/go-protoc/v2/pkg/app.PrintConfig","msg":"CFG: log.initial-fields.service=apiserver","type":"zap"}
{"level":"debug","ts":"2025-08-22T22:22:44.211+0800","caller":"app/config.go:76","func":"github.com/costa92/go-protoc/v2/pkg/app.PrintConfig","msg":"CFG: redis.enable-trace=true","type":"zap"}
{"level":"debug","ts":"2025-08-22T22:22:44.211+0800","caller":"app/config.go:76","func":"github.com/costa92/go-protoc/v2/pkg/app.PrintConfig","msg":"CFG: pool-monitor.database.slow-query=1s","type":"zap"}
{"level":"debug","ts":"2025-08-22T22:22:44.211+0800","caller":"app/config.go:76","func":"github.com/costa92/go-protoc/v2/pkg/app.PrintConfig","msg":"CFG: grpc.timeout=10s","type":"zap"}
{"level":"debug","ts":"2025-08-22T22:22:44.211+0800","caller":"app/config.go:76","func":"github.com/costa92/go-protoc/v2/pkg/app.PrintConfig","msg":"CFG: sentry.flush-timeout=5s","type":"zap"}
{"level":"debug","ts":"2025-08-22T22:22:44.211+0800","caller":"app/config.go:76","func":"github.com/costa92/go-protoc/v2/pkg/app.PrintConfig","msg":"CFG: mysql.log-mode=1","type":"zap"}
{"level":"debug","ts":"2025-08-22T22:22:44.212+0800","caller":"app/config.go:76","func":"github.com/costa92/go-protoc/v2/pkg/app.PrintConfig","msg":"CFG: log.level=debug","type":"zap"}
{"level":"debug","ts":"2025-08-22T22:22:44.212+0800","caller":"app/config.go:76","func":"github.com/costa92/go-protoc/v2/pkg/app.PrintConfig","msg":"CFG: jaeger.env=development","type":"zap"}
{"level":"debug","ts":"2025-08-22T22:22:44.212+0800","caller":"app/config.go:76","func":"github.com/costa92/go-protoc/v2/pkg/app.PrintConfig","msg":"CFG: log.compress=true","type":"zap"}
{"level":"debug","ts":"2025-08-22T22:22:44.212+0800","caller":"app/config.go:76","func":"github.com/costa92/go-protoc/v2/pkg/app.PrintConfig","msg":"CFG: sentry.profiles-sample-rate=0.1","type":"zap"}
{"level":"debug","ts":"2025-08-22T22:22:44.212+0800","caller":"app/config.go:76","func":"github.com/costa92/go-protoc/v2/pkg/app.PrintConfig","msg":"CFG: log.victoria-logs.batch-size=100","type":"zap"}
{"level":"debug","ts":"2025-08-22T22:22:44.212+0800","caller":"app/config.go:76","func":"github.com/costa92/go-protoc/v2/pkg/app.PrintConfig","msg":"CFG: sentry.enabled=false","type":"zap"}
{"level":"debug","ts":"2025-08-22T22:22:44.212+0800","caller":"app/config.go:76","func":"github.com/costa92/go-protoc/v2/pkg/app.PrintConfig","msg":"CFG: log.disable-caller=false","type":"zap"}
{"level":"debug","ts":"2025-08-22T22:22:44.212+0800","caller":"app/config.go:76","func":"github.com/costa92/go-protoc/v2/pkg/app.PrintConfig","msg":"CFG: sentry.enable-tracing=true","type":"zap"}
{"level":"debug","ts":"2025-08-22T22:22:44.212+0800","caller":"app/config.go:76","func":"github.com/costa92/go-protoc/v2/pkg/app.PrintConfig","msg":"CFG: log.encoder-config.stacktrace-key=stacktrace","type":"zap"}
{"level":"debug","ts":"2025-08-22T22:22:44.212+0800","caller":"app/config.go:76","func":"github.com/costa92/go-protoc/v2/pkg/app.PrintConfig","msg":"CFG: log.victoria-logs.flush-interval=5","type":"zap"}
{"level":"debug","ts":"2025-08-22T22:22:44.212+0800","caller":"app/config.go:76","func":"github.com/costa92/go-protoc/v2/pkg/app.PrintConfig","msg":"CFG: log.error-output-paths=[stderr]","type":"zap"}
{"level":"debug","ts":"2025-08-22T22:22:44.212+0800","caller":"app/config.go:76","func":"github.com/costa92/go-protoc/v2/pkg/app.PrintConfig","msg":"CFG: sentry.release=","type":"zap"}
{"level":"debug","ts":"2025-08-22T22:22:44.212+0800","caller":"app/config.go:76","func":"github.com/costa92/go-protoc/v2/pkg/app.PrintConfig","msg":"CFG: redis.username=","type":"zap"}
{"level":"debug","ts":"2025-08-22T22:22:44.212+0800","caller":"app/config.go:76","func":"github.com/costa92/go-protoc/v2/pkg/app.PrintConfig","msg":"CFG: log.caller-key=caller","type":"zap"}
{"level":"debug","ts":"2025-08-22T22:22:44.212+0800","caller":"app/config.go:76","func":"github.com/costa92/go-protoc/v2/pkg/app.PrintConfig","msg":"CFG: jaeger.service-name=apiserver","type":"zap"}
{"level":"debug","ts":"2025-08-22T22:22:44.212+0800","caller":"app/config.go:76","func":"github.com/costa92/go-protoc/v2/pkg/app.PrintConfig","msg":"CFG: log.otlp.resource_attributes.service.name=apiserver","type":"zap"}
{"level":"debug","ts":"2025-08-22T22:22:44.214+0800","caller":"app/config.go:76","func":"github.com/costa92/go-protoc/v2/pkg/app.PrintConfig","msg":"CFG: sentry.traces-sample-rate=0.1","type":"zap"}
{"level":"debug","ts":"2025-08-22T22:22:44.214+0800","caller":"app/config.go:76","func":"github.com/costa92/go-protoc/v2/pkg/app.PrintConfig","msg":"CFG: log.function-key=func","type":"zap"}
{"level":"debug","ts":"2025-08-22T22:22:44.214+0800","caller":"app/config.go:76","func":"github.com/costa92/go-protoc/v2/pkg/app.PrintConfig","msg":"CFG: log.disable-stacktrace=false","type":"zap"}
{"level":"debug","ts":"2025-08-22T22:22:44.214+0800","caller":"app/config.go:76","func":"github.com/costa92/go-protoc/v2/pkg/app.PrintConfig","msg":"CFG: redis.min-idle-conns=0","type":"zap"}
{"level":"debug","ts":"2025-08-22T22:22:44.215+0800","caller":"app/config.go:76","func":"github.com/costa92/go-protoc/v2/pkg/app.PrintConfig","msg":"CFG: sentry.environment=development","type":"zap"}
{"level":"debug","ts":"2025-08-22T22:22:44.215+0800","caller":"app/config.go:76","func":"github.com/costa92/go-protoc/v2/pkg/app.PrintConfig","msg":"CFG: mysql.max-open-connections=100","type":"zap"}
{"level":"debug","ts":"2025-08-22T22:22:44.215+0800","caller":"app/config.go:76","func":"github.com/costa92/go-protoc/v2/pkg/app.PrintConfig","msg":"CFG: http.addr=0.0.0.0:8080","type":"zap"}
{"level":"debug","ts":"2025-08-22T22:22:44.215+0800","caller":"app/config.go:76","func":"github.com/costa92/go-protoc/v2/pkg/app.PrintConfig","msg":"CFG: jaeger.reporter-log-spans=true","type":"zap"}
{"level":"debug","ts":"2025-08-22T22:22:44.215+0800","caller":"app/config.go:76","func":"github.com/costa92/go-protoc/v2/pkg/app.PrintConfig","msg":"CFG: log.encoding=json","type":"zap"}
{"level":"debug","ts":"2025-08-22T22:22:44.215+0800","caller":"app/config.go:76","func":"github.com/costa92/go-protoc/v2/pkg/app.PrintConfig","msg":"CFG: jaeger.sampler-type=const","type":"zap"}
{"level":"debug","ts":"2025-08-22T22:22:44.215+0800","caller":"app/config.go:76","func":"github.com/costa92/go-protoc/v2/pkg/app.PrintConfig","msg":"CFG: grpc.addr=0.0.0.0:9090","type":"zap"}
{"level":"debug","ts":"2025-08-22T22:22:44.215+0800","caller":"app/config.go:76","func":"github.com/costa92/go-protoc/v2/pkg/app.PrintConfig","msg":"CFG: feature-gates=","type":"zap"}
{"level":"debug","ts":"2025-08-22T22:22:44.215+0800","caller":"app/config.go:76","func":"github.com/costa92/go-protoc/v2/pkg/app.PrintConfig","msg":"CFG: sentry.attach-stacktrace=true","type":"zap"}
{"level":"debug","ts":"2025-08-22T22:22:44.215+0800","caller":"app/config.go:76","func":"github.com/costa92/go-protoc/v2/pkg/app.PrintConfig","msg":"CFG: jaeger.sampler-param=1","type":"zap"}
{"level":"debug","ts":"2025-08-22T22:22:44.215+0800","caller":"app/config.go:76","func":"github.com/costa92/go-protoc/v2/pkg/app.PrintConfig","msg":"CFG: log.otlp.resource_attributes.deployment.environment=development","type":"zap"}
{"level":"debug","ts":"2025-08-22T22:22:44.215+0800","caller":"app/config.go:76","func":"github.com/costa92/go-protoc/v2/pkg/app.PrintConfig","msg":"CFG: http.network=tcp","type":"zap"}
{"level":"debug","ts":"2025-08-22T22:22:44.215+0800","caller":"app/config.go:76","func":"github.com/costa92/go-protoc/v2/pkg/app.PrintConfig","msg":"CFG: sentry.dsn=","type":"zap"}
{"level":"debug","ts":"2025-08-22T22:22:44.215+0800","caller":"app/config.go:76","func":"github.com/costa92/go-protoc/v2/pkg/app.PrintConfig","msg":"CFG: log.encoder-config.level-encoder=lowercase","type":"zap"}
{"level":"debug","ts":"2025-08-22T22:22:44.215+0800","caller":"app/config.go:76","func":"github.com/costa92/go-protoc/v2/pkg/app.PrintConfig","msg":"CFG: log.victoria-logs.timeout=10","type":"zap"}
{"level":"debug","ts":"2025-08-22T22:22:44.215+0800","caller":"app/config.go:76","func":"github.com/costa92/go-protoc/v2/pkg/app.PrintConfig","msg":"CFG: log.victoria-logs.version=v2.0.0","type":"zap"}
{"level":"debug","ts":"2025-08-22T22:22:44.215+0800","caller":"app/config.go:76","func":"github.com/costa92/go-protoc/v2/pkg/app.PrintConfig","msg":"CFG: v=0","type":"zap"}
{"level":"debug","ts":"2025-08-22T22:22:44.215+0800","caller":"app/config.go:76","func":"github.com/costa92/go-protoc/v2/pkg/app.PrintConfig","msg":"CFG: log.type=zap","type":"zap"}
{"level":"debug","ts":"2025-08-22T22:22:44.215+0800","caller":"app/config.go:76","func":"github.com/costa92/go-protoc/v2/pkg/app.PrintConfig","msg":"CFG: log.stacktrace-key=stacktrace","type":"zap"}
{"level":"debug","ts":"2025-08-22T22:22:44.215+0800","caller":"app/config.go:76","func":"github.com/costa92/go-protoc/v2/pkg/app.PrintConfig","msg":"CFG: config=configs/apiserver.yaml","type":"zap"}
{"level":"debug","ts":"2025-08-22T22:22:44.215+0800","caller":"app/config.go:76","func":"github.com/costa92/go-protoc/v2/pkg/app.PrintConfig","msg":"CFG: log.victoria-logs.endpoint=http://127.0.0.1:9428","type":"zap"}
{"level":"debug","ts":"2025-08-22T22:22:44.216+0800","caller":"app/config.go:76","func":"github.com/costa92/go-protoc/v2/pkg/app.PrintConfig","msg":"CFG: log.victoria-logs.environment=development","type":"zap"}
{"level":"debug","ts":"2025-08-22T22:22:44.216+0800","caller":"app/config.go:76","func":"github.com/costa92/go-protoc/v2/pkg/app.PrintConfig","msg":"CFG: log.otlp.insecure=true","type":"zap"}
{"level":"debug","ts":"2025-08-22T22:22:44.216+0800","caller":"app/config.go:76","func":"github.com/costa92/go-protoc/v2/pkg/app.PrintConfig","msg":"CFG: redis.pool-timeout=4s","type":"zap"}
{"level":"debug","ts":"2025-08-22T22:22:44.216+0800","caller":"app/config.go:76","func":"github.com/costa92/go-protoc/v2/pkg/app.PrintConfig","msg":"CFG: log.output-paths=[stdout logs/apiserver/app.log]","type":"zap"}
{"level":"debug","ts":"2025-08-22T22:22:44.216+0800","caller":"app/config.go:76","func":"github.com/costa92/go-protoc/v2/pkg/app.PrintConfig","msg":"CFG: log.victoria-logs.enabled=false","type":"zap"}
{"level":"debug","ts":"2025-08-22T22:22:44.216+0800","caller":"app/config.go:76","func":"github.com/costa92/go-protoc/v2/pkg/app.PrintConfig","msg":"CFG: redis.database=0","type":"zap"}
{"level":"debug","ts":"2025-08-22T22:22:44.216+0800","caller":"app/config.go:76","func":"github.com/costa92/go-protoc/v2/pkg/app.PrintConfig","msg":"CFG: mysql.max-connection-life-time=10s","type":"zap"}
{"level":"debug","ts":"2025-08-22T22:22:44.216+0800","caller":"app/config.go:76","func":"github.com/costa92/go-protoc/v2/pkg/app.PrintConfig","msg":"CFG: mysql.host=127.0.0.1","type":"zap"}
{"level":"debug","ts":"2025-08-22T22:22:44.216+0800","caller":"app/config.go:76","func":"github.com/costa92/go-protoc/v2/pkg/app.PrintConfig","msg":"CFG: log.encoder-config.time-encoder=iso8601","type":"zap"}
{"level":"debug","ts":"2025-08-22T22:22:44.216+0800","caller":"app/config.go:76","func":"github.com/costa92/go-protoc/v2/pkg/app.PrintConfig","msg":"CFG: log.otlp.batch_size=100","type":"zap"}
{"level":"info","ts":"2025-08-22T22:22:44.216+0800","caller":"app/server.go:67","msg":"Connection pool metrics collection is enabled through dependency injection"}
{"level":"info","ts":"2025-08-22T22:22:44.216+0800","caller":"app/server.go:68","msg":"Metrics will be automatically collected by the PoolMonitor when database connections are established"}
{"level":"info","ts":"2025-08-22T22:22:44.216+0800","caller":"app/server.go:71","msg":"Database pool monitoring enabled","slow_query_threshold":1000,"collect_interval":30000}
{"level":"info","ts":"2025-08-22T22:22:44.216+0800","caller":"app/server.go:77","msg":"Redis pool monitoring enabled","collect_interval":30000}
{"level":"info","ts":"2025-08-22T22:22:44.216+0800","caller":"apiserver/server.go:66","msg":"Initializing API server","service":"apiserver","version":"v0.0.0-master+$Format:%h$","branch":"unknown","commit":"$Format:","build_date":"1970-01-01T00:00:00Z","go_version":"go1.25.0"}
{"level":"info","ts":"2025-08-22T22:22:44.216+0800","caller":"apiserver/server.go:78","msg":"Logger configuration","level":"debug","format":"json"}
{"level":"debug","ts":"2025-08-22T22:22:44.216+0800","caller":"apiserver/server.go:79","func":"github.com/costa92/go-protoc/v2/internal/apiserver.(*Config).NewServer","msg":"Debug logging enabled","type":"zap","caller_skip":2,"enable_color":false}
{"level":"info","ts":"2025-08-22T22:22:44.216+0800","caller":"apiserver/server.go:83","msg":"Validating service connections before startup..."}
{"level":"info","ts":"2025-08-22T22:22:44.216+0800","caller":"apiserver/server.go:87","msg":"Testing MySQL connection..."}
{"level":"info","ts":"2025-08-22T22:22:44.225+0800","caller":"apiserver/server.go:92","msg":"MySQL connection test passed"}
{"level":"info","ts":"2025-08-22T22:22:44.225+0800","caller":"apiserver/server.go:97","msg":"Testing Redis connection..."}
{"level":"info","ts":"2025-08-22T22:22:44.233+0800","caller":"apiserver/server.go:102","msg":"Redis connection test passed"}
{"level":"info","ts":"2025-08-22T22:22:44.233+0800","caller":"apiserver/server.go:107","msg":"Testing Jaeger connection..."}
{"level":"info","ts":"2025-08-22T22:22:44.233+0800","caller":"apiserver/server.go:112","msg":"Jaeger connection test passed"}
{"level":"info","ts":"2025-08-22T22:22:44.233+0800","caller":"apiserver/server.go:115","msg":"All service connections validated successfully"}
{"level":"info","ts":"2025-08-22T22:22:44.336+0800","caller":"server/kratos_server.go:47","msg":"Start to listening the incoming requests","protocol":"kratos"}
{"level":"fatal","ts":"2025-08-22T22:22:44.337+0800","caller":"server/kratos_server.go:49","func":"github.com/costa92/go-protoc/v2/pkg/server.(*KratosServer).RunOrDie","msg":"Failed to serve kratos application","type":"zap","err":"listen tcp 0.0.0.0:9090: bind: address already in use","stacktrace":"github.com/costa92/go-protoc/v2/pkg/server.(*KratosServer).RunOrDie\n\t/Users/costalong/code/go/src/github.com/costa92/go-protoc/pkg/server/kratos_server.go:49"}
{"level":"info","ts":"2025-08-22T22:23:11.553+0800","caller":"app/app.go:284","msg":"Starting application","name":"apiserver","version":"{\"gitVersion\":\"v0.0.0-master+$Format:%h$\",\"gitCommit\":\"$Format:%H$\",\"gitTreeState\":\"\",\"gitBranch\":\"unknown\",\"buildDate\":\"1970-01-01T00:00:00Z\",\"serviceName\":\"apiserver\",\"goVersion\":\"go1.25.0\",\"compiler\":\"gc\",\"platform\":\"darwin/arm64\"}"}
{"level":"info","ts":"2025-08-22T22:23:11.553+0800","caller":"app/app.go:285","msg":"Golang settings","GOGC":"","GOMAXPROCS":"","GOTRACEBACK":""}
{"level":"debug","ts":"2025-08-22T22:23:11.553+0800","caller":"app/config.go:76","func":"github.com/costa92/go-protoc/v2/pkg/app.PrintConfig","msg":"CFG: redis.pool-size=10","type":"zap"}
{"level":"debug","ts":"2025-08-22T22:23:11.553+0800","caller":"app/config.go:76","func":"github.com/costa92/go-protoc/v2/pkg/app.PrintConfig","msg":"CFG: redis.max-retries=3","type":"zap"}
{"level":"debug","ts":"2025-08-22T22:23:11.553+0800","caller":"app/config.go:76","func":"github.com/costa92/go-protoc/v2/pkg/app.PrintConfig","msg":"CFG: redis.enable-trace=true","type":"zap"}
{"level":"debug","ts":"2025-08-22T22:23:11.553+0800","caller":"app/config.go:76","func":"github.com/costa92/go-protoc/v2/pkg/app.PrintConfig","msg":"CFG: jaeger.agent-host=127.0.0.1","type":"zap"}
{"level":"debug","ts":"2025-08-22T22:23:11.553+0800","caller":"app/config.go:76","func":"github.com/costa92/go-protoc/v2/pkg/app.PrintConfig","msg":"CFG: log.otlp.batch_size=100","type":"zap"}
{"level":"debug","ts":"2025-08-22T22:23:11.553+0800","caller":"app/config.go:76","func":"github.com/costa92/go-protoc/v2/pkg/app.PrintConfig","msg":"CFG: mysql.max-open-connections=100","type":"zap"}
{"level":"debug","ts":"2025-08-22T22:23:11.553+0800","caller":"app/config.go:76","func":"github.com/costa92/go-protoc/v2/pkg/app.PrintConfig","msg":"CFG: http.addr=0.0.0.0:8080","type":"zap"}
{"level":"debug","ts":"2025-08-22T22:23:11.553+0800","caller":"app/config.go:76","func":"github.com/costa92/go-protoc/v2/pkg/app.PrintConfig","msg":"CFG: sentry.flush-timeout=5s","type":"zap"}
{"level":"debug","ts":"2025-08-22T22:23:11.553+0800","caller":"app/config.go:76","func":"github.com/costa92/go-protoc/v2/pkg/app.PrintConfig","msg":"CFG: sentry.server-name=","type":"zap"}
{"level":"debug","ts":"2025-08-22T22:23:11.553+0800","caller":"app/config.go:76","func":"github.com/costa92/go-protoc/v2/pkg/app.PrintConfig","msg":"CFG: sentry.release=","type":"zap"}
{"level":"debug","ts":"2025-08-22T22:23:11.553+0800","caller":"app/config.go:76","func":"github.com/costa92/go-protoc/v2/pkg/app.PrintConfig","msg":"CFG: log.victoria-logs.service=apiserver","type":"zap"}
{"level":"debug","ts":"2025-08-22T22:23:11.553+0800","caller":"app/config.go:76","func":"github.com/costa92/go-protoc/v2/pkg/app.PrintConfig","msg":"CFG: log.victoria-logs.environment=development","type":"zap"}
{"level":"debug","ts":"2025-08-22T22:23:11.553+0800","caller":"app/config.go:76","func":"github.com/costa92/go-protoc/v2/pkg/app.PrintConfig","msg":"CFG: jaeger.env=development","type":"zap"}
{"level":"debug","ts":"2025-08-22T22:23:11.553+0800","caller":"app/config.go:76","func":"github.com/costa92/go-protoc/v2/pkg/app.PrintConfig","msg":"CFG: jaeger.sampler-param=1","type":"zap"}
{"level":"debug","ts":"2025-08-22T22:23:11.553+0800","caller":"app/config.go:76","func":"github.com/costa92/go-protoc/v2/pkg/app.PrintConfig","msg":"CFG: log.level-key=level","type":"zap"}
{"level":"debug","ts":"2025-08-22T22:23:11.553+0800","caller":"app/config.go:76","func":"github.com/costa92/go-protoc/v2/pkg/app.PrintConfig","msg":"CFG: log.message-key=msg","type":"zap"}
{"level":"debug","ts":"2025-08-22T22:23:11.553+0800","caller":"app/config.go:76","func":"github.com/costa92/go-protoc/v2/pkg/app.PrintConfig","msg":"CFG: log.otlp.timeout=10s","type":"zap"}
{"level":"debug","ts":"2025-08-22T22:23:11.553+0800","caller":"app/config.go:76","func":"github.com/costa92/go-protoc/v2/pkg/app.PrintConfig","msg":"CFG: log.otlp.endpoint=127.0.0.1:4327","type":"zap"}
{"level":"debug","ts":"2025-08-22T22:23:11.553+0800","caller":"app/config.go:76","func":"github.com/costa92/go-protoc/v2/pkg/app.PrintConfig","msg":"CFG: pool-monitor.collect-interval=30s","type":"zap"}
{"level":"debug","ts":"2025-08-22T22:23:11.553+0800","caller":"app/config.go:76","func":"github.com/costa92/go-protoc/v2/pkg/app.PrintConfig","msg":"CFG: log.development=false","type":"zap"}
{"level":"debug","ts":"2025-08-22T22:23:11.553+0800","caller":"app/config.go:76","func":"github.com/costa92/go-protoc/v2/pkg/app.PrintConfig","msg":"CFG: sentry.debug=false","type":"zap"}
{"level":"debug","ts":"2025-08-22T22:23:11.553+0800","caller":"app/config.go:76","func":"github.com/costa92/go-protoc/v2/pkg/app.PrintConfig","msg":"CFG: log.time-key=ts","type":"zap"}
{"level":"debug","ts":"2025-08-22T22:23:11.553+0800","caller":"app/config.go:76","func":"github.com/costa92/go-protoc/v2/pkg/app.PrintConfig","msg":"CFG: log.enable-color=false","type":"zap"}
{"level":"debug","ts":"2025-08-22T22:23:11.553+0800","caller":"app/config.go:76","func":"github.com/costa92/go-protoc/v2/pkg/app.PrintConfig","msg":"CFG: pool-monitor.enabled=true","type":"zap"}
{"level":"debug","ts":"2025-08-22T22:23:11.553+0800","caller":"app/config.go:76","func":"github.com/costa92/go-protoc/v2/pkg/app.PrintConfig","msg":"CFG: log.encoder-config.time-encoder=iso8601","type":"zap"}
{"level":"debug","ts":"2025-08-22T22:23:11.553+0800","caller":"app/config.go:76","func":"github.com/costa92/go-protoc/v2/pkg/app.PrintConfig","msg":"CFG: log.otlp.resource_attributes.service.version=v2.0.0","type":"zap"}
{"level":"debug","ts":"2025-08-22T22:23:11.554+0800","caller":"app/config.go:76","func":"github.com/costa92/go-protoc/v2/pkg/app.PrintConfig","msg":"CFG: grpc.timeout=10s","type":"zap"}
{"level":"debug","ts":"2025-08-22T22:23:11.554+0800","caller":"app/config.go:76","func":"github.com/costa92/go-protoc/v2/pkg/app.PrintConfig","msg":"CFG: jaeger.service-name=apiserver","type":"zap"}
{"level":"debug","ts":"2025-08-22T22:23:11.554+0800","caller":"app/config.go:76","func":"github.com/costa92/go-protoc/v2/pkg/app.PrintConfig","msg":"CFG: pool-monitor.redis.enabled=true","type":"zap"}
{"level":"debug","ts":"2025-08-22T22:23:11.554+0800","caller":"app/config.go:76","func":"github.com/costa92/go-protoc/v2/pkg/app.PrintConfig","msg":"CFG: log.encoder-config.stacktrace-key=stacktrace","type":"zap"}
{"level":"debug","ts":"2025-08-22T22:23:11.554+0800","caller":"app/config.go:76","func":"github.com/costa92/go-protoc/v2/pkg/app.PrintConfig","msg":"CFG: log.victoria-logs.flush-interval=5","type":"zap"}
{"level":"debug","ts":"2025-08-22T22:23:11.554+0800","caller":"app/config.go:76","func":"github.com/costa92/go-protoc/v2/pkg/app.PrintConfig","msg":"CFG: version=false","type":"zap"}
{"level":"debug","ts":"2025-08-22T22:23:11.554+0800","caller":"app/config.go:76","func":"github.com/costa92/go-protoc/v2/pkg/app.PrintConfig","msg":"CFG: log.stacktrace-key=stacktrace","type":"zap"}
{"level":"debug","ts":"2025-08-22T22:23:11.554+0800","caller":"app/config.go:76","func":"github.com/costa92/go-protoc/v2/pkg/app.PrintConfig","msg":"CFG: jaeger.reporter-log-spans=true","type":"zap"}
{"level":"debug","ts":"2025-08-22T22:23:11.554+0800","caller":"app/config.go:76","func":"github.com/costa92/go-protoc/v2/pkg/app.PrintConfig","msg":"CFG: log.victoria-logs.batch-size=100","type":"zap"}
{"level":"debug","ts":"2025-08-22T22:23:11.554+0800","caller":"app/config.go:76","func":"github.com/costa92/go-protoc/v2/pkg/app.PrintConfig","msg":"CFG: log.max-age=7","type":"zap"}
{"level":"debug","ts":"2025-08-22T22:23:11.554+0800","caller":"app/config.go:76","func":"github.com/costa92/go-protoc/v2/pkg/app.PrintConfig","msg":"CFG: log.disable-stacktrace=false","type":"zap"}
{"level":"debug","ts":"2025-08-22T22:23:11.554+0800","caller":"app/config.go:76","func":"github.com/costa92/go-protoc/v2/pkg/app.PrintConfig","msg":"CFG: log.victoria-logs.version=v2.0.0","type":"zap"}
{"level":"debug","ts":"2025-08-22T22:23:11.554+0800","caller":"app/config.go:76","func":"github.com/costa92/go-protoc/v2/pkg/app.PrintConfig","msg":"CFG: log.otlp.resource_attributes.deployment.environment=development","type":"zap"}
{"level":"debug","ts":"2025-08-22T22:23:11.554+0800","caller":"app/config.go:76","func":"github.com/costa92/go-protoc/v2/pkg/app.PrintConfig","msg":"CFG: jwt.max-refresh=2h","type":"zap"}
{"level":"debug","ts":"2025-08-22T22:23:11.554+0800","caller":"app/config.go:76","func":"github.com/costa92/go-protoc/v2/pkg/app.PrintConfig","msg":"CFG: sentry.environment=development","type":"zap"}
{"level":"debug","ts":"2025-08-22T22:23:11.554+0800","caller":"app/config.go:76","func":"github.com/costa92/go-protoc/v2/pkg/app.PrintConfig","msg":"CFG: sentry.sample-rate=1","type":"zap"}
{"level":"debug","ts":"2025-08-22T22:23:11.554+0800","caller":"app/config.go:76","func":"github.com/costa92/go-protoc/v2/pkg/app.PrintConfig","msg":"CFG: jwt.expired=2h","type":"zap"}
{"level":"debug","ts":"2025-08-22T22:23:11.554+0800","caller":"app/config.go:76","func":"github.com/costa92/go-protoc/v2/pkg/app.PrintConfig","msg":"CFG: log.type=zap","type":"zap"}
{"level":"debug","ts":"2025-08-22T22:23:11.554+0800","caller":"app/config.go:76","func":"github.com/costa92/go-protoc/v2/pkg/app.PrintConfig","msg":"CFG: redis.dial-timeout=5s","type":"zap"}
{"level":"debug","ts":"2025-08-22T22:23:11.554+0800","caller":"app/config.go:76","func":"github.com/costa92/go-protoc/v2/pkg/app.PrintConfig","msg":"CFG: mysql.username=root","type":"zap"}
{"level":"debug","ts":"2025-08-22T22:23:11.554+0800","caller":"app/config.go:76","func":"github.com/costa92/go-protoc/v2/pkg/app.PrintConfig","msg":"CFG: log.max-backups=5","type":"zap"}
{"level":"debug","ts":"2025-08-22T22:23:11.554+0800","caller":"app/config.go:76","func":"github.com/costa92/go-protoc/v2/pkg/app.PrintConfig","msg":"CFG: log.disable-caller=false","type":"zap"}
{"level":"debug","ts":"2025-08-22T22:23:11.554+0800","caller":"app/config.go:76","func":"github.com/costa92/go-protoc/v2/pkg/app.PrintConfig","msg":"CFG: log.dynamic=false","type":"zap"}
{"level":"debug","ts":"2025-08-22T22:23:11.554+0800","caller":"app/config.go:76","func":"github.com/costa92/go-protoc/v2/pkg/app.PrintConfig","msg":"CFG: vmodule=","type":"zap"}
{"level":"debug","ts":"2025-08-22T22:23:11.554+0800","caller":"app/config.go:76","func":"github.com/costa92/go-protoc/v2/pkg/app.PrintConfig","msg":"CFG: sentry.ignore-errors=[]","type":"zap"}
{"level":"debug","ts":"2025-08-22T22:23:11.554+0800","caller":"app/config.go:76","func":"github.com/costa92/go-protoc/v2/pkg/app.PrintConfig","msg":"CFG: log.max-size=100","type":"zap"}
{"level":"debug","ts":"2025-08-22T22:23:11.554+0800","caller":"app/config.go:76","func":"github.com/costa92/go-protoc/v2/pkg/app.PrintConfig","msg":"CFG: log.encoder-config.caller-key=caller","type":"zap"}
{"level":"debug","ts":"2025-08-22T22:23:11.554+0800","caller":"app/config.go:76","func":"github.com/costa92/go-protoc/v2/pkg/app.PrintConfig","msg":"CFG: log.encoder-config.function-key=func","type":"zap"}
{"level":"debug","ts":"2025-08-22T22:23:11.554+0800","caller":"app/config.go:76","func":"github.com/costa92/go-protoc/v2/pkg/app.PrintConfig","msg":"CFG: log.victoria-logs.enabled=false","type":"zap"}
{"level":"debug","ts":"2025-08-22T22:23:11.554+0800","caller":"app/config.go:76","func":"github.com/costa92/go-protoc/v2/pkg/app.PrintConfig","msg":"CFG: log.initial-fields.version=v2.0.0","type":"zap"}
{"level":"debug","ts":"2025-08-22T22:23:11.554+0800","caller":"app/config.go:76","func":"github.com/costa92/go-protoc/v2/pkg/app.PrintConfig","msg":"CFG: sentry.dsn=","type":"zap"}
{"level":"debug","ts":"2025-08-22T22:23:11.554+0800","caller":"app/config.go:76","func":"github.com/costa92/go-protoc/v2/pkg/app.PrintConfig","msg":"CFG: log-flush-frequency=5s","type":"zap"}
{"level":"debug","ts":"2025-08-22T22:23:11.554+0800","caller":"app/config.go:76","func":"github.com/costa92/go-protoc/v2/pkg/app.PrintConfig","msg":"CFG: jwt.signing-method=HS512","type":"zap"}
{"level":"debug","ts":"2025-08-22T22:23:11.554+0800","caller":"app/config.go:76","func":"github.com/costa92/go-protoc/v2/pkg/app.PrintConfig","msg":"CFG: jaeger.enabled=true","type":"zap"}
{"level":"debug","ts":"2025-08-22T22:23:11.554+0800","caller":"app/config.go:76","func":"github.com/costa92/go-protoc/v2/pkg/app.PrintConfig","msg":"CFG: feature-gates=","type":"zap"}
{"level":"debug","ts":"2025-08-22T22:23:11.554+0800","caller":"app/config.go:76","func":"github.com/costa92/go-protoc/v2/pkg/app.PrintConfig","msg":"CFG: pool-monitor.namespace=apiserver","type":"zap"}
{"level":"debug","ts":"2025-08-22T22:23:11.554+0800","caller":"app/config.go:76","func":"github.com/costa92/go-protoc/v2/pkg/app.PrintConfig","msg":"CFG: sentry.enable-tracing=true","type":"zap"}
{"level":"debug","ts":"2025-08-22T22:23:11.554+0800","caller":"app/config.go:76","func":"github.com/costa92/go-protoc/v2/pkg/app.PrintConfig","msg":"CFG: http.network=tcp","type":"zap"}
{"level":"debug","ts":"2025-08-22T22:23:11.554+0800","caller":"app/config.go:76","func":"github.com/costa92/go-protoc/v2/pkg/app.PrintConfig","msg":"CFG: redis.write-timeout=3s","type":"zap"}
{"level":"debug","ts":"2025-08-22T22:23:11.554+0800","caller":"app/config.go:76","func":"github.com/costa92/go-protoc/v2/pkg/app.PrintConfig","msg":"CFG: log.disable-function-at-info=true","type":"zap"}
{"level":"debug","ts":"2025-08-22T22:23:11.554+0800","caller":"app/config.go:76","func":"github.com/costa92/go-protoc/v2/pkg/app.PrintConfig","msg":"CFG: log.encoder-config.caller-encoder=short","type":"zap"}
{"level":"debug","ts":"2025-08-22T22:23:11.554+0800","caller":"app/config.go:76","func":"github.com/costa92/go-protoc/v2/pkg/app.PrintConfig","msg":"CFG: log.victoria-logs.buffer-size=1000","type":"zap"}
{"level":"debug","ts":"2025-08-22T22:23:11.554+0800","caller":"app/config.go:76","func":"github.com/costa92/go-protoc/v2/pkg/app.PrintConfig","msg":"CFG: log.otlp.insecure=true","type":"zap"}
{"level":"debug","ts":"2025-08-22T22:23:11.554+0800","caller":"app/config.go:76","func":"github.com/costa92/go-protoc/v2/pkg/app.PrintConfig","msg":"CFG: redis.database=0","type":"zap"}
{"level":"debug","ts":"2025-08-22T22:23:11.554+0800","caller":"app/config.go:76","func":"github.com/costa92/go-protoc/v2/pkg/app.PrintConfig","msg":"CFG: log.format=json","type":"zap"}
{"level":"debug","ts":"2025-08-22T22:23:11.554+0800","caller":"app/config.go:76","func":"github.com/costa92/go-protoc/v2/pkg/app.PrintConfig","msg":"CFG: pool-monitor.database.slow-query=1s","type":"zap"}
{"level":"debug","ts":"2025-08-22T22:23:11.554+0800","caller":"app/config.go:76","func":"github.com/costa92/go-protoc/v2/pkg/app.PrintConfig","msg":"CFG: help=false","type":"zap"}
{"level":"debug","ts":"2025-08-22T22:23:11.554+0800","caller":"app/config.go:76","func":"github.com/costa92/go-protoc/v2/pkg/app.PrintConfig","msg":"CFG: log.encoder-config.level-encoder=lowercase","type":"zap"}
{"level":"debug","ts":"2025-08-22T22:23:11.554+0800","caller":"app/config.go:76","func":"github.com/costa92/go-protoc/v2/pkg/app.PrintConfig","msg":"CFG: log.victoria-logs.endpoint=http://127.0.0.1:9428","type":"zap"}
{"level":"debug","ts":"2025-08-22T22:23:11.554+0800","caller":"app/config.go:76","func":"github.com/costa92/go-protoc/v2/pkg/app.PrintConfig","msg":"CFG: log.otlp.enabled=true","type":"zap"}
{"level":"debug","ts":"2025-08-22T22:23:11.554+0800","caller":"app/config.go:76","func":"github.com/costa92/go-protoc/v2/pkg/app.PrintConfig","msg":"CFG: log.encoding=json","type":"zap"}
{"level":"debug","ts":"2025-08-22T22:23:11.554+0800","caller":"app/config.go:76","func":"github.com/costa92/go-protoc/v2/pkg/app.PrintConfig","msg":"CFG: redis.read-timeout=3s","type":"zap"}
{"level":"debug","ts":"2025-08-22T22:23:11.554+0800","caller":"app/config.go:76","func":"github.com/costa92/go-protoc/v2/pkg/app.PrintConfig","msg":"CFG: log.caller-skip=1","type":"zap"}
{"level":"debug","ts":"2025-08-22T22:23:11.554+0800","caller":"app/config.go:76","func":"github.com/costa92/go-protoc/v2/pkg/app.PrintConfig","msg":"CFG: log.level-encoder=lowercase","type":"zap"}
{"level":"debug","ts":"2025-08-22T22:23:11.554+0800","caller":"app/config.go:76","func":"github.com/costa92/go-protoc/v2/pkg/app.PrintConfig","msg":"CFG: sentry.enable-profiling=false","type":"zap"}
{"level":"debug","ts":"2025-08-22T22:23:11.554+0800","caller":"app/config.go:76","func":"github.com/costa92/go-protoc/v2/pkg/app.PrintConfig","msg":"CFG: jaeger.agent-port=6831","type":"zap"}
{"level":"debug","ts":"2025-08-22T22:23:11.554+0800","caller":"app/config.go:76","func":"github.com/costa92/go-protoc/v2/pkg/app.PrintConfig","msg":"CFG: sentry.send-default-pii=false","type":"zap"}
{"level":"debug","ts":"2025-08-22T22:23:11.554+0800","caller":"app/config.go:76","func":"github.com/costa92/go-protoc/v2/pkg/app.PrintConfig","msg":"CFG: sentry.traces-sample-rate=0.1","type":"zap"}
{"level":"debug","ts":"2025-08-22T22:23:11.554+0800","caller":"app/config.go:76","func":"github.com/costa92/go-protoc/v2/pkg/app.PrintConfig","msg":"CFG: jaeger.server=127.0.0.1:6831","type":"zap"}
{"level":"debug","ts":"2025-08-22T22:23:11.554+0800","caller":"app/config.go:76","func":"github.com/costa92/go-protoc/v2/pkg/app.PrintConfig","msg":"CFG: redis.username=","type":"zap"}
{"level":"debug","ts":"2025-08-22T22:23:11.554+0800","caller":"app/config.go:76","func":"github.com/costa92/go-protoc/v2/pkg/app.PrintConfig","msg":"CFG: sentry.attach-stacktrace=true","type":"zap"}
{"level":"debug","ts":"2025-08-22T22:23:11.554+0800","caller":"app/config.go:76","func":"github.com/costa92/go-protoc/v2/pkg/app.PrintConfig","msg":"CFG: log.caller-key=caller","type":"zap"}
{"level":"debug","ts":"2025-08-22T22:23:11.554+0800","caller":"app/config.go:76","func":"github.com/costa92/go-protoc/v2/pkg/app.PrintConfig","msg":"CFG: mysql.password=proj(#)666","type":"zap"}
{"level":"debug","ts":"2025-08-22T22:23:11.554+0800","caller":"app/config.go:76","func":"github.com/costa92/go-protoc/v2/pkg/app.PrintConfig","msg":"CFG: mysql.database=protoc","type":"zap"}
{"level":"debug","ts":"2025-08-22T22:23:11.554+0800","caller":"app/config.go:76","func":"github.com/costa92/go-protoc/v2/pkg/app.PrintConfig","msg":"CFG: redis.pool-timeout=4s","type":"zap"}
{"level":"debug","ts":"2025-08-22T22:23:11.554+0800","caller":"app/config.go:76","func":"github.com/costa92/go-protoc/v2/pkg/app.PrintConfig","msg":"CFG: sentry.profiles-sample-rate=0.1","type":"zap"}
{"level":"debug","ts":"2025-08-22T22:23:11.554+0800","caller":"app/config.go:76","func":"github.com/costa92/go-protoc/v2/pkg/app.PrintConfig","msg":"CFG: pool-monitor.database.enabled=true","type":"zap"}
{"level":"debug","ts":"2025-08-22T22:23:11.554+0800","caller":"app/config.go:76","func":"github.com/costa92/go-protoc/v2/pkg/app.PrintConfig","msg":"CFG: log.caller-encoder=short","type":"zap"}
{"level":"debug","ts":"2025-08-22T22:23:11.554+0800","caller":"app/config.go:76","func":"github.com/costa92/go-protoc/v2/pkg/app.PrintConfig","msg":"CFG: log.function-key=func","type":"zap"}
{"level":"debug","ts":"2025-08-22T22:23:11.554+0800","caller":"app/config.go:76","func":"github.com/costa92/go-protoc/v2/pkg/app.PrintConfig","msg":"CFG: log.otlp.resource_attributes.service.namespace=go-protoc","type":"zap"}
{"level":"debug","ts":"2025-08-22T22:23:11.554+0800","caller":"app/config.go:76","func":"github.com/costa92/go-protoc/v2/pkg/app.PrintConfig","msg":"CFG: mysql.log-mode=1","type":"zap"}
{"level":"debug","ts":"2025-08-22T22:23:11.554+0800","caller":"app/config.go:76","func":"github.com/costa92/go-protoc/v2/pkg/app.PrintConfig","msg":"CFG: sentry.enabled=false","type":"zap"}
{"level":"debug","ts":"2025-08-22T22:23:11.554+0800","caller":"app/config.go:76","func":"github.com/costa92/go-protoc/v2/pkg/app.PrintConfig","msg":"CFG: mysql.enable-trace=true","type":"zap"}
{"level":"debug","ts":"2025-08-22T22:23:11.554+0800","caller":"app/config.go:76","func":"github.com/costa92/go-protoc/v2/pkg/app.PrintConfig","msg":"CFG: log.initial-fields.environment=development","type":"zap"}
{"level":"debug","ts":"2025-08-22T22:23:11.555+0800","caller":"app/config.go:76","func":"github.com/costa92/go-protoc/v2/pkg/app.PrintConfig","msg":"CFG: jaeger.sampler-type=const","type":"zap"}
{"level":"debug","ts":"2025-08-22T22:23:11.555+0800","caller":"app/config.go:76","func":"github.com/costa92/go-protoc/v2/pkg/app.PrintConfig","msg":"CFG: log.otlp.export_timeout=30s","type":"zap"}
{"level":"debug","ts":"2025-08-22T22:23:11.555+0800","caller":"app/config.go:76","func":"github.com/costa92/go-protoc/v2/pkg/app.PrintConfig","msg":"CFG: grpc.network=tcp","type":"zap"}
{"level":"debug","ts":"2025-08-22T22:23:11.555+0800","caller":"app/config.go:76","func":"github.com/costa92/go-protoc/v2/pkg/app.PrintConfig","msg":"CFG: log.level=debug","type":"zap"}
{"level":"debug","ts":"2025-08-22T22:23:11.555+0800","caller":"app/config.go:76","func":"github.com/costa92/go-protoc/v2/pkg/app.PrintConfig","msg":"CFG: log.time-encoder=iso8601","type":"zap"}
{"level":"debug","ts":"2025-08-22T22:23:11.555+0800","caller":"app/config.go:76","func":"github.com/costa92/go-protoc/v2/pkg/app.PrintConfig","msg":"CFG: mysql.max-idle-connections=100","type":"zap"}
{"level":"debug","ts":"2025-08-22T22:23:11.555+0800","caller":"app/config.go:76","func":"github.com/costa92/go-protoc/v2/pkg/app.PrintConfig","msg":"CFG: log.initial-fields.service=apiserver","type":"zap"}
{"level":"debug","ts":"2025-08-22T22:23:11.555+0800","caller":"app/config.go:76","func":"github.com/costa92/go-protoc/v2/pkg/app.PrintConfig","msg":"CFG: config=configs/apiserver.yaml","type":"zap"}
{"level":"debug","ts":"2025-08-22T22:23:11.555+0800","caller":"app/config.go:76","func":"github.com/costa92/go-protoc/v2/pkg/app.PrintConfig","msg":"CFG: v=0","type":"zap"}
{"level":"debug","ts":"2025-08-22T22:23:11.555+0800","caller":"app/config.go:76","func":"github.com/costa92/go-protoc/v2/pkg/app.PrintConfig","msg":"CFG: http.timeout=10s","type":"zap"}
{"level":"debug","ts":"2025-08-22T22:23:11.555+0800","caller":"app/config.go:76","func":"github.com/costa92/go-protoc/v2/pkg/app.PrintConfig","msg":"CFG: log.encoder-config.message-key=msg","type":"zap"}
{"level":"debug","ts":"2025-08-22T22:23:11.555+0800","caller":"app/config.go:76","func":"github.com/costa92/go-protoc/v2/pkg/app.PrintConfig","msg":"CFG: jwt.key=onex(#)666","type":"zap"}
{"level":"debug","ts":"2025-08-22T22:23:11.555+0800","caller":"app/config.go:76","func":"github.com/costa92/go-protoc/v2/pkg/app.PrintConfig","msg":"CFG: sentry.max-breadcrumbs=100","type":"zap"}
{"level":"debug","ts":"2025-08-22T22:23:11.555+0800","caller":"app/config.go:76","func":"github.com/costa92/go-protoc/v2/pkg/app.PrintConfig","msg":"CFG: redis.password=","type":"zap"}
{"level":"debug","ts":"2025-08-22T22:23:11.555+0800","caller":"app/config.go:76","func":"github.com/costa92/go-protoc/v2/pkg/app.PrintConfig","msg":"CFG: log.output-paths=[stdout logs/apiserver/app.log]","type":"zap"}
{"level":"debug","ts":"2025-08-22T22:23:11.555+0800","caller":"app/config.go:76","func":"github.com/costa92/go-protoc/v2/pkg/app.PrintConfig","msg":"CFG: mysql.host=127.0.0.1","type":"zap"}
{"level":"debug","ts":"2025-08-22T22:23:11.555+0800","caller":"app/config.go:76","func":"github.com/costa92/go-protoc/v2/pkg/app.PrintConfig","msg":"CFG: redis.addr=127.0.0.1:6379","type":"zap"}
{"level":"debug","ts":"2025-08-22T22:23:11.555+0800","caller":"app/config.go:76","func":"github.com/costa92/go-protoc/v2/pkg/app.PrintConfig","msg":"CFG: mysql.log-level=1","type":"zap"}
{"level":"debug","ts":"2025-08-22T22:23:11.555+0800","caller":"app/config.go:76","func":"github.com/costa92/go-protoc/v2/pkg/app.PrintConfig","msg":"CFG: log.encoder-config.level-key=level","type":"zap"}
{"level":"debug","ts":"2025-08-22T22:23:11.555+0800","caller":"app/config.go:76","func":"github.com/costa92/go-protoc/v2/pkg/app.PrintConfig","msg":"CFG: log.victoria-logs.timeout=10","type":"zap"}
{"level":"debug","ts":"2025-08-22T22:23:11.555+0800","caller":"app/config.go:76","func":"github.com/costa92/go-protoc/v2/pkg/app.PrintConfig","msg":"CFG: log.compress=true","type":"zap"}
{"level":"debug","ts":"2025-08-22T22:23:11.555+0800","caller":"app/config.go:76","func":"github.com/costa92/go-protoc/v2/pkg/app.PrintConfig","msg":"CFG: log.error-output-paths=[stderr]","type":"zap"}
{"level":"debug","ts":"2025-08-22T22:23:11.555+0800","caller":"app/config.go:76","func":"github.com/costa92/go-protoc/v2/pkg/app.PrintConfig","msg":"CFG: log.otlp.resource_attributes.service.name=apiserver","type":"zap"}
{"level":"debug","ts":"2025-08-22T22:23:11.555+0800","caller":"app/config.go:76","func":"github.com/costa92/go-protoc/v2/pkg/app.PrintConfig","msg":"CFG: grpc.addr=0.0.0.0:9090","type":"zap"}
{"level":"debug","ts":"2025-08-22T22:23:11.555+0800","caller":"app/config.go:76","func":"github.com/costa92/go-protoc/v2/pkg/app.PrintConfig","msg":"CFG: redis.min-idle-conns=0","type":"zap"}
{"level":"debug","ts":"2025-08-22T22:23:11.555+0800","caller":"app/config.go:76","func":"github.com/costa92/go-protoc/v2/pkg/app.PrintConfig","msg":"CFG: mysql.max-connection-life-time=10s","type":"zap"}
{"level":"debug","ts":"2025-08-22T22:23:11.555+0800","caller":"app/config.go:76","func":"github.com/costa92/go-protoc/v2/pkg/app.PrintConfig","msg":"CFG: log.encoder-config.time-key=ts","type":"zap"}
{"level":"info","ts":"2025-08-22T22:23:11.555+0800","caller":"app/server.go:67","msg":"Connection pool metrics collection is enabled through dependency injection"}
{"level":"info","ts":"2025-08-22T22:23:11.555+0800","caller":"app/server.go:68","msg":"Metrics will be automatically collected by the PoolMonitor when database connections are established"}
{"level":"info","ts":"2025-08-22T22:23:11.555+0800","caller":"app/server.go:71","msg":"Database pool monitoring enabled","slow_query_threshold":1000,"collect_interval":30000}
{"level":"info","ts":"2025-08-22T22:23:11.555+0800","caller":"app/server.go:77","msg":"Redis pool monitoring enabled","collect_interval":30000}
{"level":"info","ts":"2025-08-22T22:23:11.555+0800","caller":"apiserver/server.go:66","msg":"Initializing API server","service":"apiserver","version":"v0.0.0-master+$Format:%h$","branch":"unknown","commit":"$Format:","build_date":"1970-01-01T00:00:00Z","go_version":"go1.25.0"}
{"level":"info","ts":"2025-08-22T22:23:11.555+0800","caller":"apiserver/server.go:78","msg":"Logger configuration","level":"debug","format":"json"}
{"level":"debug","ts":"2025-08-22T22:23:11.555+0800","caller":"apiserver/server.go:79","func":"github.com/costa92/go-protoc/v2/internal/apiserver.(*Config).NewServer","msg":"Debug logging enabled","type":"zap","caller_skip":2,"enable_color":false}
{"level":"info","ts":"2025-08-22T22:23:11.555+0800","caller":"apiserver/server.go:83","msg":"Validating service connections before startup..."}
{"level":"info","ts":"2025-08-22T22:23:11.555+0800","caller":"apiserver/server.go:87","msg":"Testing MySQL connection..."}
{"level":"info","ts":"2025-08-22T22:23:11.560+0800","caller":"apiserver/server.go:92","msg":"MySQL connection test passed"}
{"level":"info","ts":"2025-08-22T22:23:11.561+0800","caller":"apiserver/server.go:97","msg":"Testing Redis connection..."}
{"level":"info","ts":"2025-08-22T22:23:11.564+0800","caller":"apiserver/server.go:102","msg":"Redis connection test passed"}
{"level":"info","ts":"2025-08-22T22:23:11.564+0800","caller":"apiserver/server.go:107","msg":"Testing Jaeger connection..."}
{"level":"info","ts":"2025-08-22T22:23:11.564+0800","caller":"apiserver/server.go:112","msg":"Jaeger connection test passed"}
{"level":"info","ts":"2025-08-22T22:23:11.564+0800","caller":"apiserver/server.go:115","msg":"All service connections validated successfully"}
{"level":"info","ts":"2025-08-22T22:23:11.664+0800","caller":"server/kratos_server.go:47","msg":"Start to listening the incoming requests","protocol":"kratos"}
{"level":"info","ts":"2025-08-22T22:23:11.664+0800","caller":"logger/kratos_adapter.go:40","msg":"[HTTP] server listening on: [::]:8080","ts":"2025-08-22T22:23:11+08:00","caller":"http/server.go:330","msg":"[HTTP] server listening on: [::]:8080"}
{"level":"info","ts":"2025-08-22T22:23:11.664+0800","caller":"logger/kratos_adapter.go:40","msg":"[gRPC] server listening on: [::]:9090","ts":"2025-08-22T22:23:11+08:00","caller":"grpc/server.go:220","msg":"[gRPC] server listening on: [::]:9090"}
{"level":"error","ts":"2025-08-22T22:23:29.958+0800","caller":"handler/user.go:14","func":"github.com/costa92/go-protoc/v2/internal/apiserver/handler.(*Handler).GetUser","msg":"GetUser failed","type":"zap","error":"business logic error","user_id":"1","stacktrace":"github.com/costa92/go-protoc/v2/internal/apiserver/handler.(*Handler).GetUser\n\t/Users/costalong/code/go/src/github.com/costa92/go-protoc/internal/apiserver/handler/user.go:14\ngithub.com/costa92/go-protoc/v2/pkg/api/apiserver/v1.RegisterApiServerHTTPServer._ApiServer_GetUser0_HTTP_Handler.func1.1\n\t/Users/costalong/code/go/src/github.com/costa92/go-protoc/pkg/api/apiserver/v1/apiserver_http.pb.go:47\ngithub.com/costa92/go-protoc/v2/internal/apiserver.NewMiddlewares.Server.func5.1\n\t/Users/costalong/code/go/src/github.com/costa92/go-protoc/internal/pkg/middleware/logging/logging.go:107\ngithub.com/costa92/go-protoc/v2/internal/pkg/middleware/i18n.Translator.func1.1\n\t/Users/costalong/code/go/src/github.com/costa92/go-protoc/internal/pkg/middleware/i18n/i18n.go:28\ngithub.com/costa92/go-protoc/v2/internal/pkg/middleware/tracing.Server.func1.1\n\t/Users/costalong/code/go/src/github.com/costa92/go-protoc/internal/pkg/middleware/tracing/tracing.go:62\ngithub.com/costa92/go-protoc/v2/internal/apiserver.NewMiddlewares.ServerJWTAuth.func2.1\n\t/Users/costalong/code/go/src/github.com/costa92/go-protoc/pkg/middleware/authn/jwt_auth.go:102\ngithub.com/costa92/go-protoc/v2/internal/apiserver.NewMiddlewares.Validator.func1.1\n\t/Users/costalong/code/go/src/github.com/costa92/go-protoc/internal/pkg/middleware/validate/validate_kratos.go:38\ngithub.com/costa92/go-protoc/v2/pkg/api/apiserver/v1.RegisterApiServerHTTPServer._ApiServer_GetUser0_HTTP_Handler.func1\n\t/Users/costalong/code/go/src/github.com/costa92/go-protoc/pkg/api/apiserver/v1/apiserver_http.pb.go:49\ngithub.com/go-kratos/kratos/v2/transport/http.(*Router).Handle.func1\n\t/Users/costalong/.gvm/pkgsets/go1.25/global/pkg/mod/github.com/go-kratos/kratos/v2@v2.8.3/transport/http/router.go:49\nnet/http.HandlerFunc.ServeHTTP\n\t/Users/costalong/.gvm/gos/go1.25/src/net/http/server.go:2322\ngithub.com/go-kratos/kratos/v2/transport/http.NewServer.(*Server).filter.func1.1\n\t/Users/costalong/.gvm/pkgsets/go1.25/global/pkg/mod/github.com/go-kratos/kratos/v2@v2.8.3/transport/http/server.go:305\nnet/http.HandlerFunc.ServeHTTP\n\t/Users/costalong/.gvm/gos/go1.25/src/net/http/server.go:2322\ngithub.com/gorilla/mux.(*Router).ServeHTTP\n\t/Users/costalong/.gvm/pkgsets/go1.25/global/pkg/mod/github.com/gorilla/mux@v1.8.1/mux.go:212\ngithub.com/gorilla/handlers.(*cors).ServeHTTP\n\t/Users/costalong/.gvm/pkgsets/go1.25/global/pkg/mod/github.com/gorilla/handlers@v1.5.2/cors.go:54\nnet/http.serverHandler.ServeHTTP\n\t/Users/costalong/.gvm/gos/go1.25/src/net/http/server.go:3340\nnet/http.(*conn).serve\n\t/Users/costalong/.gvm/gos/go1.25/src/net/http/server.go:2109"}
{"level":"info","ts":"2025-08-22T22:23:29.972+0800","caller":"logger/kratos_adapter.go:40","msg":"apiserver.v1.ApiServer.GetUser","ts":"2025-08-22T22:23:29+08:00","caller":"runtime/asm_arm64.s:1268","kind":"server","component":"http","operation":"/apiserver.v1.ApiServer/GetUser","args":"id:\"1\"","code":0,"reason":"","stack":"","latency":0.01297675}
{"level":"info","ts":"2025-08-22T22:26:26.872+0800","caller":"server/server.go:29","msg":"Shutting down server...","service":"apiserver","version":"v0.0.0-master+$Format:%h$"}
{"level":"info","ts":"2025-08-22T22:26:26.872+0800","caller":"server/kratos_server.go:54","msg":"Gracefully stop kratos application"}
{"level":"info","ts":"2025-08-22T22:26:26.872+0800","caller":"server/server.go:40","msg":"Server exited successfully.","service":"apiserver","version":"v0.0.0-master+$Format:%h$"}
{"level":"info","ts":"2025-08-22T22:27:05.757+0800","caller":"app/app.go:284","msg":"Starting application","name":"apiserver","version":"{\"gitVersion\":\"v0.0.0-master+$Format:%h$\",\"gitCommit\":\"$Format:%H$\",\"gitTreeState\":\"\",\"gitBranch\":\"unknown\",\"buildDate\":\"1970-01-01T00:00:00Z\",\"serviceName\":\"apiserver\",\"goVersion\":\"go1.25.0\",\"compiler\":\"gc\",\"platform\":\"darwin/arm64\"}"}
{"level":"info","ts":"2025-08-22T22:27:05.757+0800","caller":"app/app.go:285","msg":"Golang settings","GOGC":"","GOMAXPROCS":"","GOTRACEBACK":""}
{"level":"debug","ts":"2025-08-22T22:27:05.757+0800","caller":"app/config.go:76","func":"github.com/costa92/go-protoc/v2/pkg/app.PrintConfig","msg":"CFG: log.otlp.insecure=true","type":"zap"}
{"level":"debug","ts":"2025-08-22T22:27:05.757+0800","caller":"app/config.go:76","func":"github.com/costa92/go-protoc/v2/pkg/app.PrintConfig","msg":"CFG: log.encoder-config.time-encoder=iso8601","type":"zap"}
{"level":"debug","ts":"2025-08-22T22:27:05.757+0800","caller":"app/config.go:76","func":"github.com/costa92/go-protoc/v2/pkg/app.PrintConfig","msg":"CFG: sentry.flush-timeout=5s","type":"zap"}
{"level":"debug","ts":"2025-08-22T22:27:05.757+0800","caller":"app/config.go:76","func":"github.com/costa92/go-protoc/v2/pkg/app.PrintConfig","msg":"CFG: redis.addr=127.0.0.1:6379","type":"zap"}
{"level":"debug","ts":"2025-08-22T22:27:05.757+0800","caller":"app/config.go:76","func":"github.com/costa92/go-protoc/v2/pkg/app.PrintConfig","msg":"CFG: mysql.max-open-connections=100","type":"zap"}
{"level":"debug","ts":"2025-08-22T22:27:05.757+0800","caller":"app/config.go:76","func":"github.com/costa92/go-protoc/v2/pkg/app.PrintConfig","msg":"CFG: log.otlp.resource_attributes.service.namespace=go-protoc","type":"zap"}
{"level":"debug","ts":"2025-08-22T22:27:05.757+0800","caller":"app/config.go:76","func":"github.com/costa92/go-protoc/v2/pkg/app.PrintConfig","msg":"CFG: jaeger.env=development","type":"zap"}
{"level":"debug","ts":"2025-08-22T22:27:05.757+0800","caller":"app/config.go:76","func":"github.com/costa92/go-protoc/v2/pkg/app.PrintConfig","msg":"CFG: log.caller-skip=1","type":"zap"}
{"level":"debug","ts":"2025-08-22T22:27:05.757+0800","caller":"app/config.go:76","func":"github.com/costa92/go-protoc/v2/pkg/app.PrintConfig","msg":"CFG: jwt.expired=2h","type":"zap"}
{"level":"debug","ts":"2025-08-22T22:27:05.757+0800","caller":"app/config.go:76","func":"github.com/costa92/go-protoc/v2/pkg/app.PrintConfig","msg":"CFG: log.encoder-config.message-key=msg","type":"zap"}
{"level":"debug","ts":"2025-08-22T22:27:05.757+0800","caller":"app/config.go:76","func":"github.com/costa92/go-protoc/v2/pkg/app.PrintConfig","msg":"CFG: sentry.max-breadcrumbs=100","type":"zap"}
{"level":"debug","ts":"2025-08-22T22:27:05.757+0800","caller":"app/config.go:76","func":"github.com/costa92/go-protoc/v2/pkg/app.PrintConfig","msg":"CFG: log.disable-stacktrace=false","type":"zap"}
{"level":"debug","ts":"2025-08-22T22:27:05.757+0800","caller":"app/config.go:76","func":"github.com/costa92/go-protoc/v2/pkg/app.PrintConfig","msg":"CFG: log.error-output-paths=[stderr]","type":"zap"}
{"level":"debug","ts":"2025-08-22T22:27:05.757+0800","caller":"app/config.go:76","func":"github.com/costa92/go-protoc/v2/pkg/app.PrintConfig","msg":"CFG: pool-monitor.collect-interval=30s","type":"zap"}
{"level":"debug","ts":"2025-08-22T22:27:05.757+0800","caller":"app/config.go:76","func":"github.com/costa92/go-protoc/v2/pkg/app.PrintConfig","msg":"CFG: log.otlp.resource_attributes.service.version=v2.0.0","type":"zap"}
{"level":"debug","ts":"2025-08-22T22:27:05.757+0800","caller":"app/config.go:76","func":"github.com/costa92/go-protoc/v2/pkg/app.PrintConfig","msg":"CFG: pool-monitor.enabled=true","type":"zap"}
{"level":"debug","ts":"2025-08-22T22:27:05.757+0800","caller":"app/config.go:76","func":"github.com/costa92/go-protoc/v2/pkg/app.PrintConfig","msg":"CFG: config=configs/apiserver.yaml","type":"zap"}
{"level":"debug","ts":"2025-08-22T22:27:05.757+0800","caller":"app/config.go:76","func":"github.com/costa92/go-protoc/v2/pkg/app.PrintConfig","msg":"CFG: jaeger.reporter-log-spans=true","type":"zap"}
{"level":"debug","ts":"2025-08-22T22:27:05.757+0800","caller":"app/config.go:76","func":"github.com/costa92/go-protoc/v2/pkg/app.PrintConfig","msg":"CFG: log.otlp.export_timeout=30s","type":"zap"}
{"level":"debug","ts":"2025-08-22T22:27:05.757+0800","caller":"app/config.go:76","func":"github.com/costa92/go-protoc/v2/pkg/app.PrintConfig","msg":"CFG: log.encoder-config.level-key=level","type":"zap"}
{"level":"debug","ts":"2025-08-22T22:27:05.757+0800","caller":"app/config.go:76","func":"github.com/costa92/go-protoc/v2/pkg/app.PrintConfig","msg":"CFG: log.encoder-config.time-key=ts","type":"zap"}
{"level":"debug","ts":"2025-08-22T22:27:05.757+0800","caller":"app/config.go:76","func":"github.com/costa92/go-protoc/v2/pkg/app.PrintConfig","msg":"CFG: redis.min-idle-conns=0","type":"zap"}
{"level":"debug","ts":"2025-08-22T22:27:05.757+0800","caller":"app/config.go:76","func":"github.com/costa92/go-protoc/v2/pkg/app.PrintConfig","msg":"CFG: jaeger.agent-port=6831","type":"zap"}
{"level":"debug","ts":"2025-08-22T22:27:05.757+0800","caller":"app/config.go:76","func":"github.com/costa92/go-protoc/v2/pkg/app.PrintConfig","msg":"CFG: log.victoria-logs.enabled=false","type":"zap"}
{"level":"debug","ts":"2025-08-22T22:27:05.757+0800","caller":"app/config.go:76","func":"github.com/costa92/go-protoc/v2/pkg/app.PrintConfig","msg":"CFG: version=false","type":"zap"}
{"level":"debug","ts":"2025-08-22T22:27:05.757+0800","caller":"app/config.go:76","func":"github.com/costa92/go-protoc/v2/pkg/app.PrintConfig","msg":"CFG: sentry.release=","type":"zap"}
{"level":"debug","ts":"2025-08-22T22:27:05.757+0800","caller":"app/config.go:76","func":"github.com/costa92/go-protoc/v2/pkg/app.PrintConfig","msg":"CFG: log.encoder-config.caller-key=caller","type":"zap"}
{"level":"debug","ts":"2025-08-22T22:27:05.757+0800","caller":"app/config.go:76","func":"github.com/costa92/go-protoc/v2/pkg/app.PrintConfig","msg":"CFG: log.compress=true","type":"zap"}
{"level":"debug","ts":"2025-08-22T22:27:05.757+0800","caller":"app/config.go:76","func":"github.com/costa92/go-protoc/v2/pkg/app.PrintConfig","msg":"CFG: log.victoria-logs.endpoint=http://127.0.0.1:9428","type":"zap"}
{"level":"debug","ts":"2025-08-22T22:27:05.757+0800","caller":"app/config.go:76","func":"github.com/costa92/go-protoc/v2/pkg/app.PrintConfig","msg":"CFG: mysql.enable-trace=true","type":"zap"}
{"level":"debug","ts":"2025-08-22T22:27:05.757+0800","caller":"app/config.go:76","func":"github.com/costa92/go-protoc/v2/pkg/app.PrintConfig","msg":"CFG: log.caller-encoder=short","type":"zap"}
{"level":"debug","ts":"2025-08-22T22:27:05.757+0800","caller":"app/config.go:76","func":"github.com/costa92/go-protoc/v2/pkg/app.PrintConfig","msg":"CFG: log.level=debug","type":"zap"}
{"level":"debug","ts":"2025-08-22T22:27:05.757+0800","caller":"app/config.go:76","func":"github.com/costa92/go-protoc/v2/pkg/app.PrintConfig","msg":"CFG: sentry.server-name=","type":"zap"}
{"level":"debug","ts":"2025-08-22T22:27:05.757+0800","caller":"app/config.go:76","func":"github.com/costa92/go-protoc/v2/pkg/app.PrintConfig","msg":"CFG: v=0","type":"zap"}
{"level":"debug","ts":"2025-08-22T22:27:05.757+0800","caller":"app/config.go:76","func":"github.com/costa92/go-protoc/v2/pkg/app.PrintConfig","msg":"CFG: sentry.debug=false","type":"zap"}
{"level":"debug","ts":"2025-08-22T22:27:05.757+0800","caller":"app/config.go:76","func":"github.com/costa92/go-protoc/v2/pkg/app.PrintConfig","msg":"CFG: log.encoding=json","type":"zap"}
{"level":"debug","ts":"2025-08-22T22:27:05.757+0800","caller":"app/config.go:76","func":"github.com/costa92/go-protoc/v2/pkg/app.PrintConfig","msg":"CFG: redis.pool-size=10","type":"zap"}
{"level":"debug","ts":"2025-08-22T22:27:05.757+0800","caller":"app/config.go:76","func":"github.com/costa92/go-protoc/v2/pkg/app.PrintConfig","msg":"CFG: log.time-encoder=iso8601","type":"zap"}
{"level":"debug","ts":"2025-08-22T22:27:05.757+0800","caller":"app/config.go:76","func":"github.com/costa92/go-protoc/v2/pkg/app.PrintConfig","msg":"CFG: pool-monitor.redis.enabled=true","type":"zap"}
{"level":"debug","ts":"2025-08-22T22:27:05.757+0800","caller":"app/config.go:76","func":"github.com/costa92/go-protoc/v2/pkg/app.PrintConfig","msg":"CFG: log.caller-key=caller","type":"zap"}
{"level":"debug","ts":"2025-08-22T22:27:05.758+0800","caller":"app/config.go:76","func":"github.com/costa92/go-protoc/v2/pkg/app.PrintConfig","msg":"CFG: log.victoria-logs.environment=development","type":"zap"}
{"level":"debug","ts":"2025-08-22T22:27:05.758+0800","caller":"app/config.go:76","func":"github.com/costa92/go-protoc/v2/pkg/app.PrintConfig","msg":"CFG: http.network=tcp","type":"zap"}
{"level":"debug","ts":"2025-08-22T22:27:05.758+0800","caller":"app/config.go:76","func":"github.com/costa92/go-protoc/v2/pkg/app.PrintConfig","msg":"CFG: mysql.database=protoc","type":"zap"}
{"level":"debug","ts":"2025-08-22T22:27:05.758+0800","caller":"app/config.go:76","func":"github.com/costa92/go-protoc/v2/pkg/app.PrintConfig","msg":"CFG: jaeger.service-name=apiserver","type":"zap"}
{"level":"debug","ts":"2025-08-22T22:27:05.758+0800","caller":"app/config.go:76","func":"github.com/costa92/go-protoc/v2/pkg/app.PrintConfig","msg":"CFG: redis.pool-timeout=4s","type":"zap"}
{"level":"debug","ts":"2025-08-22T22:27:05.758+0800","caller":"app/config.go:76","func":"github.com/costa92/go-protoc/v2/pkg/app.PrintConfig","msg":"CFG: redis.read-timeout=3s","type":"zap"}
{"level":"debug","ts":"2025-08-22T22:27:05.758+0800","caller":"app/config.go:76","func":"github.com/costa92/go-protoc/v2/pkg/app.PrintConfig","msg":"CFG: pool-monitor.database.enabled=true","type":"zap"}
{"level":"debug","ts":"2025-08-22T22:27:05.758+0800","caller":"app/config.go:76","func":"github.com/costa92/go-protoc/v2/pkg/app.PrintConfig","msg":"CFG: jwt.max-refresh=2h","type":"zap"}
{"level":"debug","ts":"2025-08-22T22:27:05.758+0800","caller":"app/config.go:76","func":"github.com/costa92/go-protoc/v2/pkg/app.PrintConfig","msg":"CFG: vmodule=","type":"zap"}
{"level":"debug","ts":"2025-08-22T22:27:05.758+0800","caller":"app/config.go:76","func":"github.com/costa92/go-protoc/v2/pkg/app.PrintConfig","msg":"CFG: jwt.key=onex(#)666","type":"zap"}
{"level":"debug","ts":"2025-08-22T22:27:05.758+0800","caller":"app/config.go:76","func":"github.com/costa92/go-protoc/v2/pkg/app.PrintConfig","msg":"CFG: log.max-backups=5","type":"zap"}
{"level":"debug","ts":"2025-08-22T22:27:05.758+0800","caller":"app/config.go:76","func":"github.com/costa92/go-protoc/v2/pkg/app.PrintConfig","msg":"CFG: jaeger.sampler-type=const","type":"zap"}
{"level":"debug","ts":"2025-08-22T22:27:05.758+0800","caller":"app/config.go:76","func":"github.com/costa92/go-protoc/v2/pkg/app.PrintConfig","msg":"CFG: jaeger.agent-host=127.0.0.1","type":"zap"}
{"level":"debug","ts":"2025-08-22T22:27:05.758+0800","caller":"app/config.go:76","func":"github.com/costa92/go-protoc/v2/pkg/app.PrintConfig","msg":"CFG: feature-gates=","type":"zap"}
{"level":"debug","ts":"2025-08-22T22:27:05.758+0800","caller":"app/config.go:76","func":"github.com/costa92/go-protoc/v2/pkg/app.PrintConfig","msg":"CFG: jaeger.enabled=true","type":"zap"}
{"level":"debug","ts":"2025-08-22T22:27:05.758+0800","caller":"app/config.go:76","func":"github.com/costa92/go-protoc/v2/pkg/app.PrintConfig","msg":"CFG: log.max-size=100","type":"zap"}
{"level":"debug","ts":"2025-08-22T22:27:05.758+0800","caller":"app/config.go:76","func":"github.com/costa92/go-protoc/v2/pkg/app.PrintConfig","msg":"CFG: log.initial-fields.service=apiserver","type":"zap"}
{"level":"debug","ts":"2025-08-22T22:27:05.758+0800","caller":"app/config.go:76","func":"github.com/costa92/go-protoc/v2/pkg/app.PrintConfig","msg":"CFG: grpc.network=tcp","type":"zap"}
{"level":"debug","ts":"2025-08-22T22:27:05.758+0800","caller":"app/config.go:76","func":"github.com/costa92/go-protoc/v2/pkg/app.PrintConfig","msg":"CFG: log.message-key=msg","type":"zap"}
{"level":"debug","ts":"2025-08-22T22:27:05.758+0800","caller":"app/config.go:76","func":"github.com/costa92/go-protoc/v2/pkg/app.PrintConfig","msg":"CFG: pool-monitor.namespace=apiserver","type":"zap"}
{"level":"debug","ts":"2025-08-22T22:27:05.758+0800","caller":"app/config.go:76","func":"github.com/costa92/go-protoc/v2/pkg/app.PrintConfig","msg":"CFG: mysql.log-mode=1","type":"zap"}
{"level":"debug","ts":"2025-08-22T22:27:05.758+0800","caller":"app/config.go:76","func":"github.com/costa92/go-protoc/v2/pkg/app.PrintConfig","msg":"CFG: sentry.sample-rate=1","type":"zap"}
{"level":"debug","ts":"2025-08-22T22:27:05.758+0800","caller":"app/config.go:76","func":"github.com/costa92/go-protoc/v2/pkg/app.PrintConfig","msg":"CFG: sentry.enabled=false","type":"zap"}
{"level":"debug","ts":"2025-08-22T22:27:05.758+0800","caller":"app/config.go:76","func":"github.com/costa92/go-protoc/v2/pkg/app.PrintConfig","msg":"CFG: log.victoria-logs.buffer-size=1000","type":"zap"}
{"level":"debug","ts":"2025-08-22T22:27:05.758+0800","caller":"app/config.go:76","func":"github.com/costa92/go-protoc/v2/pkg/app.PrintConfig","msg":"CFG: log.victoria-logs.timeout=10","type":"zap"}
{"level":"debug","ts":"2025-08-22T22:27:05.758+0800","caller":"app/config.go:76","func":"github.com/costa92/go-protoc/v2/pkg/app.PrintConfig","msg":"CFG: log.otlp.timeout=10s","type":"zap"}
{"level":"debug","ts":"2025-08-22T22:27:05.758+0800","caller":"app/config.go:76","func":"github.com/costa92/go-protoc/v2/pkg/app.PrintConfig","msg":"CFG: sentry.attach-stacktrace=true","type":"zap"}
{"level":"debug","ts":"2025-08-22T22:27:05.758+0800","caller":"app/config.go:76","func":"github.com/costa92/go-protoc/v2/pkg/app.PrintConfig","msg":"CFG: pool-monitor.database.slow-query=1s","type":"zap"}
{"level":"debug","ts":"2025-08-22T22:27:05.758+0800","caller":"app/config.go:76","func":"github.com/costa92/go-protoc/v2/pkg/app.PrintConfig","msg":"CFG: log.level-key=level","type":"zap"}
{"level":"debug","ts":"2025-08-22T22:27:05.758+0800","caller":"app/config.go:76","func":"github.com/costa92/go-protoc/v2/pkg/app.PrintConfig","msg":"CFG: jaeger.server=127.0.0.1:6831","type":"zap"}
{"level":"debug","ts":"2025-08-22T22:27:05.758+0800","caller":"app/config.go:76","func":"github.com/costa92/go-protoc/v2/pkg/app.PrintConfig","msg":"CFG: log.format=json","type":"zap"}
{"level":"debug","ts":"2025-08-22T22:27:05.758+0800","caller":"app/config.go:76","func":"github.com/costa92/go-protoc/v2/pkg/app.PrintConfig","msg":"CFG: redis.dial-timeout=5s","type":"zap"}
{"level":"debug","ts":"2025-08-22T22:27:05.758+0800","caller":"app/config.go:76","func":"github.com/costa92/go-protoc/v2/pkg/app.PrintConfig","msg":"CFG: log.otlp.enabled=true","type":"zap"}
{"level":"debug","ts":"2025-08-22T22:27:05.758+0800","caller":"app/config.go:76","func":"github.com/costa92/go-protoc/v2/pkg/app.PrintConfig","msg":"CFG: log.time-key=ts","type":"zap"}
{"level":"debug","ts":"2025-08-22T22:27:05.758+0800","caller":"app/config.go:76","func":"github.com/costa92/go-protoc/v2/pkg/app.PrintConfig","msg":"CFG: jwt.signing-method=HS512","type":"zap"}
{"level":"debug","ts":"2025-08-22T22:27:05.758+0800","caller":"app/config.go:76","func":"github.com/costa92/go-protoc/v2/pkg/app.PrintConfig","msg":"CFG: log.type=zap","type":"zap"}
{"level":"debug","ts":"2025-08-22T22:27:05.758+0800","caller":"app/config.go:76","func":"github.com/costa92/go-protoc/v2/pkg/app.PrintConfig","msg":"CFG: redis.database=0","type":"zap"}
{"level":"debug","ts":"2025-08-22T22:27:05.758+0800","caller":"app/config.go:76","func":"github.com/costa92/go-protoc/v2/pkg/app.PrintConfig","msg":"CFG: log.victoria-logs.flush-interval=5","type":"zap"}
{"level":"debug","ts":"2025-08-22T22:27:05.758+0800","caller":"app/config.go:76","func":"github.com/costa92/go-protoc/v2/pkg/app.PrintConfig","msg":"CFG: log.encoder-config.function-key=func","type":"zap"}
{"level":"debug","ts":"2025-08-22T22:27:05.758+0800","caller":"app/config.go:76","func":"github.com/costa92/go-protoc/v2/pkg/app.PrintConfig","msg":"CFG: log.encoder-config.stacktrace-key=stacktrace","type":"zap"}
{"level":"debug","ts":"2025-08-22T22:27:05.758+0800","caller":"app/config.go:76","func":"github.com/costa92/go-protoc/v2/pkg/app.PrintConfig","msg":"CFG: log.disable-caller=false","type":"zap"}
{"level":"debug","ts":"2025-08-22T22:27:05.758+0800","caller":"app/config.go:76","func":"github.com/costa92/go-protoc/v2/pkg/app.PrintConfig","msg":"CFG: help=false","type":"zap"}
{"level":"debug","ts":"2025-08-22T22:27:05.758+0800","caller":"app/config.go:76","func":"github.com/costa92/go-protoc/v2/pkg/app.PrintConfig","msg":"CFG: http.timeout=10s","type":"zap"}
{"level":"debug","ts":"2025-08-22T22:27:05.758+0800","caller":"app/config.go:76","func":"github.com/costa92/go-protoc/v2/pkg/app.PrintConfig","msg":"CFG: log.encoder-config.level-encoder=lowercase","type":"zap"}
{"level":"debug","ts":"2025-08-22T22:27:05.758+0800","caller":"app/config.go:76","func":"github.com/costa92/go-protoc/v2/pkg/app.PrintConfig","msg":"CFG: log.encoder-config.caller-encoder=short","type":"zap"}
{"level":"debug","ts":"2025-08-22T22:27:05.758+0800","caller":"app/config.go:76","func":"github.com/costa92/go-protoc/v2/pkg/app.PrintConfig","msg":"CFG: log.initial-fields.version=v2.0.0","type":"zap"}
{"level":"debug","ts":"2025-08-22T22:27:05.758+0800","caller":"app/config.go:76","func":"github.com/costa92/go-protoc/v2/pkg/app.PrintConfig","msg":"CFG: mysql.max-idle-connections=100","type":"zap"}
{"level":"debug","ts":"2025-08-22T22:27:05.758+0800","caller":"app/config.go:76","func":"github.com/costa92/go-protoc/v2/pkg/app.PrintConfig","msg":"CFG: log.max-age=7","type":"zap"}
{"level":"debug","ts":"2025-08-22T22:27:05.758+0800","caller":"app/config.go:76","func":"github.com/costa92/go-protoc/v2/pkg/app.PrintConfig","msg":"CFG: log.initial-fields.environment=development","type":"zap"}
{"level":"debug","ts":"2025-08-22T22:27:05.758+0800","caller":"app/config.go:76","func":"github.com/costa92/go-protoc/v2/pkg/app.PrintConfig","msg":"CFG: sentry.dsn=","type":"zap"}
{"level":"debug","ts":"2025-08-22T22:27:05.758+0800","caller":"app/config.go:76","func":"github.com/costa92/go-protoc/v2/pkg/app.PrintConfig","msg":"CFG: log.output-paths=[stdout logs/apiserver/app.log]","type":"zap"}
{"level":"debug","ts":"2025-08-22T22:27:05.758+0800","caller":"app/config.go:76","func":"github.com/costa92/go-protoc/v2/pkg/app.PrintConfig","msg":"CFG: log.otlp.endpoint=127.0.0.1:4327","type":"zap"}
{"level":"debug","ts":"2025-08-22T22:27:05.758+0800","caller":"app/config.go:76","func":"github.com/costa92/go-protoc/v2/pkg/app.PrintConfig","msg":"CFG: mysql.password=proj(#)666","type":"zap"}
{"level":"debug","ts":"2025-08-22T22:27:05.758+0800","caller":"app/config.go:76","func":"github.com/costa92/go-protoc/v2/pkg/app.PrintConfig","msg":"CFG: sentry.send-default-pii=false","type":"zap"}
{"level":"debug","ts":"2025-08-22T22:27:05.758+0800","caller":"app/config.go:76","func":"github.com/costa92/go-protoc/v2/pkg/app.PrintConfig","msg":"CFG: redis.username=","type":"zap"}
{"level":"debug","ts":"2025-08-22T22:27:05.758+0800","caller":"app/config.go:76","func":"github.com/costa92/go-protoc/v2/pkg/app.PrintConfig","msg":"CFG: log.enable-color=false","type":"zap"}
{"level":"debug","ts":"2025-08-22T22:27:05.758+0800","caller":"app/config.go:76","func":"github.com/costa92/go-protoc/v2/pkg/app.PrintConfig","msg":"CFG: log.level-encoder=lowercase","type":"zap"}
{"level":"debug","ts":"2025-08-22T22:27:05.758+0800","caller":"app/config.go:76","func":"github.com/costa92/go-protoc/v2/pkg/app.PrintConfig","msg":"CFG: sentry.environment=development","type":"zap"}
{"level":"debug","ts":"2025-08-22T22:27:05.758+0800","caller":"app/config.go:76","func":"github.com/costa92/go-protoc/v2/pkg/app.PrintConfig","msg":"CFG: grpc.timeout=10s","type":"zap"}
{"level":"debug","ts":"2025-08-22T22:27:05.758+0800","caller":"app/config.go:76","func":"github.com/costa92/go-protoc/v2/pkg/app.PrintConfig","msg":"CFG: log.otlp.resource_attributes.service.name=apiserver","type":"zap"}
{"level":"debug","ts":"2025-08-22T22:27:05.758+0800","caller":"app/config.go:76","func":"github.com/costa92/go-protoc/v2/pkg/app.PrintConfig","msg":"CFG: log.dynamic=false","type":"zap"}
{"level":"debug","ts":"2025-08-22T22:27:05.758+0800","caller":"app/config.go:76","func":"github.com/costa92/go-protoc/v2/pkg/app.PrintConfig","msg":"CFG: mysql.host=127.0.0.1","type":"zap"}
{"level":"debug","ts":"2025-08-22T22:27:05.758+0800","caller":"app/config.go:76","func":"github.com/costa92/go-protoc/v2/pkg/app.PrintConfig","msg":"CFG: log.otlp.resource_attributes.deployment.environment=development","type":"zap"}
{"level":"debug","ts":"2025-08-22T22:27:05.758+0800","caller":"app/config.go:76","func":"github.com/costa92/go-protoc/v2/pkg/app.PrintConfig","msg":"CFG: log.otlp.batch_size=100","type":"zap"}
{"level":"debug","ts":"2025-08-22T22:27:05.758+0800","caller":"app/config.go:76","func":"github.com/costa92/go-protoc/v2/pkg/app.PrintConfig","msg":"CFG: redis.enable-trace=true","type":"zap"}
{"level":"debug","ts":"2025-08-22T22:27:05.758+0800","caller":"app/config.go:76","func":"github.com/costa92/go-protoc/v2/pkg/app.PrintConfig","msg":"CFG: log.victoria-logs.batch-size=100","type":"zap"}
{"level":"debug","ts":"2025-08-22T22:27:05.758+0800","caller":"app/config.go:76","func":"github.com/costa92/go-protoc/v2/pkg/app.PrintConfig","msg":"CFG: log.function-key=func","type":"zap"}
{"level":"debug","ts":"2025-08-22T22:27:05.758+0800","caller":"app/config.go:76","func":"github.com/costa92/go-protoc/v2/pkg/app.PrintConfig","msg":"CFG: mysql.max-connection-life-time=10s","type":"zap"}
{"level":"debug","ts":"2025-08-22T22:27:05.758+0800","caller":"app/config.go:76","func":"github.com/costa92/go-protoc/v2/pkg/app.PrintConfig","msg":"CFG: redis.password=","type":"zap"}
{"level":"debug","ts":"2025-08-22T22:27:05.758+0800","caller":"app/config.go:76","func":"github.com/costa92/go-protoc/v2/pkg/app.PrintConfig","msg":"CFG: redis.write-timeout=3s","type":"zap"}
{"level":"debug","ts":"2025-08-22T22:27:05.758+0800","caller":"app/config.go:76","func":"github.com/costa92/go-protoc/v2/pkg/app.PrintConfig","msg":"CFG: sentry.enable-profiling=false","type":"zap"}
{"level":"debug","ts":"2025-08-22T22:27:05.758+0800","caller":"app/config.go:76","func":"github.com/costa92/go-protoc/v2/pkg/app.PrintConfig","msg":"CFG: grpc.addr=0.0.0.0:9090","type":"zap"}
{"level":"debug","ts":"2025-08-22T22:27:05.758+0800","caller":"app/config.go:76","func":"github.com/costa92/go-protoc/v2/pkg/app.PrintConfig","msg":"CFG: jaeger.sampler-param=1","type":"zap"}
{"level":"debug","ts":"2025-08-22T22:27:05.758+0800","caller":"app/config.go:76","func":"github.com/costa92/go-protoc/v2/pkg/app.PrintConfig","msg":"CFG: sentry.profiles-sample-rate=0.1","type":"zap"}
{"level":"debug","ts":"2025-08-22T22:27:05.758+0800","caller":"app/config.go:76","func":"github.com/costa92/go-protoc/v2/pkg/app.PrintConfig","msg":"CFG: log.disable-function-at-info=true","type":"zap"}
{"level":"debug","ts":"2025-08-22T22:27:05.758+0800","caller":"app/config.go:76","func":"github.com/costa92/go-protoc/v2/pkg/app.PrintConfig","msg":"CFG: mysql.log-level=1","type":"zap"}
{"level":"debug","ts":"2025-08-22T22:27:05.758+0800","caller":"app/config.go:76","func":"github.com/costa92/go-protoc/v2/pkg/app.PrintConfig","msg":"CFG: log-flush-frequency=5s","type":"zap"}
{"level":"debug","ts":"2025-08-22T22:27:05.758+0800","caller":"app/config.go:76","func":"github.com/costa92/go-protoc/v2/pkg/app.PrintConfig","msg":"CFG: redis.max-retries=3","type":"zap"}
{"level":"debug","ts":"2025-08-22T22:27:05.759+0800","caller":"app/config.go:76","func":"github.com/costa92/go-protoc/v2/pkg/app.PrintConfig","msg":"CFG: http.addr=0.0.0.0:8080","type":"zap"}
{"level":"debug","ts":"2025-08-22T22:27:05.759+0800","caller":"app/config.go:76","func":"github.com/costa92/go-protoc/v2/pkg/app.PrintConfig","msg":"CFG: sentry.traces-sample-rate=0.1","type":"zap"}
{"level":"debug","ts":"2025-08-22T22:27:05.759+0800","caller":"app/config.go:76","func":"github.com/costa92/go-protoc/v2/pkg/app.PrintConfig","msg":"CFG: sentry.ignore-errors=[]","type":"zap"}
{"level":"debug","ts":"2025-08-22T22:27:05.759+0800","caller":"app/config.go:76","func":"github.com/costa92/go-protoc/v2/pkg/app.PrintConfig","msg":"CFG: mysql.username=root","type":"zap"}
{"level":"debug","ts":"2025-08-22T22:27:05.759+0800","caller":"app/config.go:76","func":"github.com/costa92/go-protoc/v2/pkg/app.PrintConfig","msg":"CFG: log.victoria-logs.version=v2.0.0","type":"zap"}
{"level":"debug","ts":"2025-08-22T22:27:05.759+0800","caller":"app/config.go:76","func":"github.com/costa92/go-protoc/v2/pkg/app.PrintConfig","msg":"CFG: sentry.enable-tracing=true","type":"zap"}
{"level":"debug","ts":"2025-08-22T22:27:05.759+0800","caller":"app/config.go:76","func":"github.com/costa92/go-protoc/v2/pkg/app.PrintConfig","msg":"CFG: log.development=false","type":"zap"}
{"level":"debug","ts":"2025-08-22T22:27:05.759+0800","caller":"app/config.go:76","func":"github.com/costa92/go-protoc/v2/pkg/app.PrintConfig","msg":"CFG: log.stacktrace-key=stacktrace","type":"zap"}
{"level":"debug","ts":"2025-08-22T22:27:05.759+0800","caller":"app/config.go:76","func":"github.com/costa92/go-protoc/v2/pkg/app.PrintConfig","msg":"CFG: log.victoria-logs.service=apiserver","type":"zap"}
{"level":"info","ts":"2025-08-22T22:27:05.759+0800","caller":"app/server.go:67","msg":"Connection pool metrics collection is enabled through dependency injection"}
{"level":"info","ts":"2025-08-22T22:27:05.759+0800","caller":"app/server.go:68","msg":"Metrics will be automatically collected by the PoolMonitor when database connections are established"}
{"level":"info","ts":"2025-08-22T22:27:05.759+0800","caller":"app/server.go:71","msg":"Database pool monitoring enabled","slow_query_threshold":1000,"collect_interval":30000}
{"level":"info","ts":"2025-08-22T22:27:05.759+0800","caller":"app/server.go:77","msg":"Redis pool monitoring enabled","collect_interval":30000}
{"level":"info","ts":"2025-08-22T22:27:05.759+0800","caller":"apiserver/server.go:66","msg":"Initializing API server","service":"apiserver","version":"v0.0.0-master+$Format:%h$","branch":"unknown","commit":"$Format:","build_date":"1970-01-01T00:00:00Z","go_version":"go1.25.0"}
{"level":"info","ts":"2025-08-22T22:27:05.759+0800","caller":"apiserver/server.go:78","msg":"Logger configuration","level":"debug","format":"json"}
{"level":"debug","ts":"2025-08-22T22:27:05.759+0800","caller":"apiserver/server.go:79","func":"github.com/costa92/go-protoc/v2/internal/apiserver.(*Config).NewServer","msg":"Debug logging enabled","type":"zap","caller_skip":2,"enable_color":false}
{"level":"info","ts":"2025-08-22T22:27:05.759+0800","caller":"apiserver/server.go:83","msg":"Validating service connections before startup..."}
{"level":"info","ts":"2025-08-22T22:27:05.759+0800","caller":"apiserver/server.go:87","msg":"Testing MySQL connection..."}
{"level":"info","ts":"2025-08-22T22:27:05.771+0800","caller":"apiserver/server.go:92","msg":"MySQL connection test passed"}
{"level":"info","ts":"2025-08-22T22:27:05.771+0800","caller":"apiserver/server.go:97","msg":"Testing Redis connection..."}
{"level":"info","ts":"2025-08-22T22:27:05.778+0800","caller":"apiserver/server.go:102","msg":"Redis connection test passed"}
{"level":"info","ts":"2025-08-22T22:27:05.778+0800","caller":"apiserver/server.go:107","msg":"Testing Jaeger connection..."}
{"level":"info","ts":"2025-08-22T22:27:05.778+0800","caller":"apiserver/server.go:112","msg":"Jaeger connection test passed"}
{"level":"info","ts":"2025-08-22T22:27:05.778+0800","caller":"apiserver/server.go:115","msg":"All service connections validated successfully"}
{"level":"info","ts":"2025-08-22T22:27:05.906+0800","caller":"server/kratos_server.go:47","msg":"Start to listening the incoming requests","protocol":"kratos"}
{"level":"info","ts":"2025-08-22T22:27:05.907+0800","caller":"logger/kratos_adapter.go:40","msg":"[HTTP] server listening on: [::]:8080","ts":"2025-08-22T22:27:05+08:00","caller":"http/server.go:330","msg":"[HTTP] server listening on: [::]:8080"}
{"level":"info","ts":"2025-08-22T22:27:05.907+0800","caller":"logger/kratos_adapter.go:40","msg":"[gRPC] server listening on: [::]:9090","ts":"2025-08-22T22:27:05+08:00","caller":"grpc/server.go:220","msg":"[gRPC] server listening on: [::]:9090"}
{"level":"info","ts":"2025-08-22T22:50:22.503+0800","caller":"app/app.go:284","msg":"Starting application","name":"apiserver","version":"{\"gitVersion\":\"v0.0.0-master+$Format:%h$\",\"gitCommit\":\"$Format:%H$\",\"gitTreeState\":\"\",\"gitBranch\":\"unknown\",\"buildDate\":\"1970-01-01T00:00:00Z\",\"serviceName\":\"Unknown\",\"goVersion\":\"go1.25.0\",\"compiler\":\"gc\",\"platform\":\"darwin/arm64\"}"}
{"level":"info","ts":"2025-08-22T22:50:22.504+0800","caller":"app/app.go:285","msg":"Golang settings","GOGC":"","GOMAXPROCS":"","GOTRACEBACK":""}
{"level":"debug","ts":"2025-08-22T22:50:22.504+0800","caller":"app/config.go:76","func":"github.com/costa92/go-protoc/v2/pkg/app.PrintConfig","msg":"CFG: log.format=json","logger_type":"zap"}
{"level":"debug","ts":"2025-08-22T22:50:22.504+0800","caller":"app/config.go:76","func":"github.com/costa92/go-protoc/v2/pkg/app.PrintConfig","msg":"CFG: jwt.max-refresh=2h","logger_type":"zap"}
{"level":"debug","ts":"2025-08-22T22:50:22.504+0800","caller":"app/config.go:76","func":"github.com/costa92/go-protoc/v2/pkg/app.PrintConfig","msg":"CFG: jaeger.agent-host=127.0.0.1","logger_type":"zap"}
{"level":"debug","ts":"2025-08-22T22:50:22.504+0800","caller":"app/config.go:76","func":"github.com/costa92/go-protoc/v2/pkg/app.PrintConfig","msg":"CFG: log.function-key=func","logger_type":"zap"}
{"level":"debug","ts":"2025-08-22T22:50:22.504+0800","caller":"app/config.go:76","func":"github.com/costa92/go-protoc/v2/pkg/app.PrintConfig","msg":"CFG: jwt.key=onex(#)666","logger_type":"zap"}
{"level":"debug","ts":"2025-08-22T22:50:22.504+0800","caller":"app/config.go:76","func":"github.com/costa92/go-protoc/v2/pkg/app.PrintConfig","msg":"CFG: log.victoria-logs.enabled=false","logger_type":"zap"}
{"level":"debug","ts":"2025-08-22T22:50:22.504+0800","caller":"app/config.go:76","func":"github.com/costa92/go-protoc/v2/pkg/app.PrintConfig","msg":"CFG: log.caller-key=caller","logger_type":"zap"}
{"level":"debug","ts":"2025-08-22T22:50:22.504+0800","caller":"app/config.go:76","func":"github.com/costa92/go-protoc/v2/pkg/app.PrintConfig","msg":"CFG: jaeger.enabled=true","logger_type":"zap"}
{"level":"debug","ts":"2025-08-22T22:50:22.504+0800","caller":"app/config.go:76","func":"github.com/costa92/go-protoc/v2/pkg/app.PrintConfig","msg":"CFG: log.time-key=ts","logger_type":"zap"}
{"level":"debug","ts":"2025-08-22T22:50:22.504+0800","caller":"app/config.go:76","func":"github.com/costa92/go-protoc/v2/pkg/app.PrintConfig","msg":"CFG: log.otlp.export_timeout=30s","logger_type":"zap"}
{"level":"debug","ts":"2025-08-22T22:50:22.504+0800","caller":"app/config.go:76","func":"github.com/costa92/go-protoc/v2/pkg/app.PrintConfig","msg":"CFG: log.otlp.resource_attributes.service.name=apiserver","logger_type":"zap"}
{"level":"debug","ts":"2025-08-22T22:50:22.504+0800","caller":"app/config.go:76","func":"github.com/costa92/go-protoc/v2/pkg/app.PrintConfig","msg":"CFG: grpc.network=tcp","logger_type":"zap"}
{"level":"debug","ts":"2025-08-22T22:50:22.504+0800","caller":"app/config.go:76","func":"github.com/costa92/go-protoc/v2/pkg/app.PrintConfig","msg":"CFG: log.stacktrace-key=stacktrace","logger_type":"zap"}
{"level":"debug","ts":"2025-08-22T22:50:22.504+0800","caller":"app/config.go:76","func":"github.com/costa92/go-protoc/v2/pkg/app.PrintConfig","msg":"CFG: log.victoria-logs.timeout=10","logger_type":"zap"}
{"level":"debug","ts":"2025-08-22T22:50:22.504+0800","caller":"app/config.go:76","func":"github.com/costa92/go-protoc/v2/pkg/app.PrintConfig","msg":"CFG: log.otlp.resource_attributes.service.version=v2.0.0","logger_type":"zap"}
{"level":"debug","ts":"2025-08-22T22:50:22.504+0800","caller":"app/config.go:76","func":"github.com/costa92/go-protoc/v2/pkg/app.PrintConfig","msg":"CFG: jaeger.server=127.0.0.1:6831","logger_type":"zap"}
{"level":"debug","ts":"2025-08-22T22:50:22.504+0800","caller":"app/config.go:76","func":"github.com/costa92/go-protoc/v2/pkg/app.PrintConfig","msg":"CFG: jwt.signing-method=HS512","logger_type":"zap"}
{"level":"debug","ts":"2025-08-22T22:50:22.504+0800","caller":"app/config.go:76","func":"github.com/costa92/go-protoc/v2/pkg/app.PrintConfig","msg":"CFG: jaeger.env=development","logger_type":"zap"}
{"level":"debug","ts":"2025-08-22T22:50:22.504+0800","caller":"app/config.go:76","func":"github.com/costa92/go-protoc/v2/pkg/app.PrintConfig","msg":"CFG: log.encoder-config.level-encoder=lowercase","logger_type":"zap"}
{"level":"debug","ts":"2025-08-22T22:50:22.504+0800","caller":"app/config.go:76","func":"github.com/costa92/go-protoc/v2/pkg/app.PrintConfig","msg":"CFG: http.addr=0.0.0.0:8080","logger_type":"zap"}
{"level":"debug","ts":"2025-08-22T22:50:22.504+0800","caller":"app/config.go:76","func":"github.com/costa92/go-protoc/v2/pkg/app.PrintConfig","msg":"CFG: log.max-age=7","logger_type":"zap"}
{"level":"debug","ts":"2025-08-22T22:50:22.504+0800","caller":"app/config.go:76","func":"github.com/costa92/go-protoc/v2/pkg/app.PrintConfig","msg":"CFG: log.level-encoder=lowercase","logger_type":"zap"}
{"level":"debug","ts":"2025-08-22T22:50:22.504+0800","caller":"app/config.go:76","func":"github.com/costa92/go-protoc/v2/pkg/app.PrintConfig","msg":"CFG: pool-monitor.collect-interval=30s","logger_type":"zap"}
{"level":"debug","ts":"2025-08-22T22:50:22.504+0800","caller":"app/config.go:76","func":"github.com/costa92/go-protoc/v2/pkg/app.PrintConfig","msg":"CFG: log.victoria-logs.service=apiserver","logger_type":"zap"}
{"level":"debug","ts":"2025-08-22T22:50:22.504+0800","caller":"app/config.go:76","func":"github.com/costa92/go-protoc/v2/pkg/app.PrintConfig","msg":"CFG: jaeger.sampler-type=const","logger_type":"zap"}
{"level":"debug","ts":"2025-08-22T22:50:22.504+0800","caller":"app/config.go:76","func":"github.com/costa92/go-protoc/v2/pkg/app.PrintConfig","msg":"CFG: log-flush-frequency=5s","logger_type":"zap"}
{"level":"debug","ts":"2025-08-22T22:50:22.504+0800","caller":"app/config.go:76","func":"github.com/costa92/go-protoc/v2/pkg/app.PrintConfig","msg":"CFG: sentry.max-breadcrumbs=100","logger_type":"zap"}
{"level":"debug","ts":"2025-08-22T22:50:22.504+0800","caller":"app/config.go:76","func":"github.com/costa92/go-protoc/v2/pkg/app.PrintConfig","msg":"CFG: mysql.host=127.0.0.1","logger_type":"zap"}
{"level":"debug","ts":"2025-08-22T22:50:22.504+0800","caller":"app/config.go:76","func":"github.com/costa92/go-protoc/v2/pkg/app.PrintConfig","msg":"CFG: log.enable-color=false","logger_type":"zap"}
{"level":"debug","ts":"2025-08-22T22:50:22.504+0800","caller":"app/config.go:76","func":"github.com/costa92/go-protoc/v2/pkg/app.PrintConfig","msg":"CFG: pool-monitor.namespace=apiserver","logger_type":"zap"}
{"level":"debug","ts":"2025-08-22T22:50:22.504+0800","caller":"app/config.go:76","func":"github.com/costa92/go-protoc/v2/pkg/app.PrintConfig","msg":"CFG: redis.write-timeout=3s","logger_type":"zap"}
{"level":"debug","ts":"2025-08-22T22:50:22.504+0800","caller":"app/config.go:76","func":"github.com/costa92/go-protoc/v2/pkg/app.PrintConfig","msg":"CFG: log.caller-skip=1","logger_type":"zap"}
{"level":"debug","ts":"2025-08-22T22:50:22.504+0800","caller":"app/config.go:76","func":"github.com/costa92/go-protoc/v2/pkg/app.PrintConfig","msg":"CFG: log.otlp.resource_attributes.service.namespace=go-protoc","logger_type":"zap"}
{"level":"debug","ts":"2025-08-22T22:50:22.504+0800","caller":"app/config.go:76","func":"github.com/costa92/go-protoc/v2/pkg/app.PrintConfig","msg":"CFG: redis.enable-trace=true","logger_type":"zap"}
{"level":"debug","ts":"2025-08-22T22:50:22.504+0800","caller":"app/config.go:76","func":"github.com/costa92/go-protoc/v2/pkg/app.PrintConfig","msg":"CFG: sentry.send-default-pii=false","logger_type":"zap"}
{"level":"debug","ts":"2025-08-22T22:50:22.504+0800","caller":"app/config.go:76","func":"github.com/costa92/go-protoc/v2/pkg/app.PrintConfig","msg":"CFG: log.type=zap","logger_type":"zap"}
{"level":"debug","ts":"2025-08-22T22:50:22.504+0800","caller":"app/config.go:76","func":"github.com/costa92/go-protoc/v2/pkg/app.PrintConfig","msg":"CFG: log.encoding=json","logger_type":"zap"}
{"level":"debug","ts":"2025-08-22T22:50:22.504+0800","caller":"app/config.go:76","func":"github.com/costa92/go-protoc/v2/pkg/app.PrintConfig","msg":"CFG: pool-monitor.redis.enabled=true","logger_type":"zap"}
{"level":"debug","ts":"2025-08-22T22:50:22.504+0800","caller":"app/config.go:76","func":"github.com/costa92/go-protoc/v2/pkg/app.PrintConfig","msg":"CFG: v=0","logger_type":"zap"}
{"level":"debug","ts":"2025-08-22T22:50:22.504+0800","caller":"app/config.go:76","func":"github.com/costa92/go-protoc/v2/pkg/app.PrintConfig","msg":"CFG: http.timeout=10s","logger_type":"zap"}
{"level":"debug","ts":"2025-08-22T22:50:22.504+0800","caller":"app/config.go:76","func":"github.com/costa92/go-protoc/v2/pkg/app.PrintConfig","msg":"CFG: pool-monitor.database.enabled=true","logger_type":"zap"}
{"level":"debug","ts":"2025-08-22T22:50:22.504+0800","caller":"app/config.go:76","func":"github.com/costa92/go-protoc/v2/pkg/app.PrintConfig","msg":"CFG: log.victoria-logs.version=v2.0.0","logger_type":"zap"}
{"level":"debug","ts":"2025-08-22T22:50:22.504+0800","caller":"app/config.go:76","func":"github.com/costa92/go-protoc/v2/pkg/app.PrintConfig","msg":"CFG: jaeger.sampler-param=1","logger_type":"zap"}
{"level":"debug","ts":"2025-08-22T22:50:22.504+0800","caller":"app/config.go:76","func":"github.com/costa92/go-protoc/v2/pkg/app.PrintConfig","msg":"CFG: log.dynamic=false","logger_type":"zap"}
{"level":"debug","ts":"2025-08-22T22:50:22.505+0800","caller":"app/config.go:76","func":"github.com/costa92/go-protoc/v2/pkg/app.PrintConfig","msg":"CFG: http.network=tcp","logger_type":"zap"}
{"level":"debug","ts":"2025-08-22T22:50:22.505+0800","caller":"app/config.go:76","func":"github.com/costa92/go-protoc/v2/pkg/app.PrintConfig","msg":"CFG: log.disable-caller=false","logger_type":"zap"}
{"level":"debug","ts":"2025-08-22T22:50:22.505+0800","caller":"app/config.go:76","func":"github.com/costa92/go-protoc/v2/pkg/app.PrintConfig","msg":"CFG: redis.password=","logger_type":"zap"}
{"level":"debug","ts":"2025-08-22T22:50:22.505+0800","caller":"app/config.go:76","func":"github.com/costa92/go-protoc/v2/pkg/app.PrintConfig","msg":"CFG: sentry.debug=false","logger_type":"zap"}
{"level":"debug","ts":"2025-08-22T22:50:22.505+0800","caller":"app/config.go:76","func":"github.com/costa92/go-protoc/v2/pkg/app.PrintConfig","msg":"CFG: redis.min-idle-conns=0","logger_type":"zap"}
{"level":"debug","ts":"2025-08-22T22:50:22.505+0800","caller":"app/config.go:76","func":"github.com/costa92/go-protoc/v2/pkg/app.PrintConfig","msg":"CFG: redis.dial-timeout=5s","logger_type":"zap"}
{"level":"debug","ts":"2025-08-22T22:50:22.505+0800","caller":"app/config.go:76","func":"github.com/costa92/go-protoc/v2/pkg/app.PrintConfig","msg":"CFG: pool-monitor.enabled=true","logger_type":"zap"}
{"level":"debug","ts":"2025-08-22T22:50:22.505+0800","caller":"app/config.go:76","func":"github.com/costa92/go-protoc/v2/pkg/app.PrintConfig","msg":"CFG: sentry.sample-rate=1","logger_type":"zap"}
{"level":"debug","ts":"2025-08-22T22:50:22.505+0800","caller":"app/config.go:76","func":"github.com/costa92/go-protoc/v2/pkg/app.PrintConfig","msg":"CFG: log.encoder-config.time-key=ts","logger_type":"zap"}
{"level":"debug","ts":"2025-08-22T22:50:22.505+0800","caller":"app/config.go:76","func":"github.com/costa92/go-protoc/v2/pkg/app.PrintConfig","msg":"CFG: sentry.traces-sample-rate=0.1","logger_type":"zap"}
{"level":"debug","ts":"2025-08-22T22:50:22.505+0800","caller":"app/config.go:76","func":"github.com/costa92/go-protoc/v2/pkg/app.PrintConfig","msg":"CFG: sentry.enable-tracing=true","logger_type":"zap"}
{"level":"debug","ts":"2025-08-22T22:50:22.505+0800","caller":"app/config.go:76","func":"github.com/costa92/go-protoc/v2/pkg/app.PrintConfig","msg":"CFG: log.encoder-config.time-encoder=iso8601","logger_type":"zap"}
{"level":"debug","ts":"2025-08-22T22:50:22.505+0800","caller":"app/config.go:76","func":"github.com/costa92/go-protoc/v2/pkg/app.PrintConfig","msg":"CFG: log.victoria-logs.endpoint=http://127.0.0.1:9428","logger_type":"zap"}
{"level":"debug","ts":"2025-08-22T22:50:22.505+0800","caller":"app/config.go:76","func":"github.com/costa92/go-protoc/v2/pkg/app.PrintConfig","msg":"CFG: sentry.ignore-errors=[]","logger_type":"zap"}
{"level":"debug","ts":"2025-08-22T22:50:22.505+0800","caller":"app/config.go:76","func":"github.com/costa92/go-protoc/v2/pkg/app.PrintConfig","msg":"CFG: log.time-encoder=iso8601","logger_type":"zap"}
{"level":"debug","ts":"2025-08-22T22:50:22.505+0800","caller":"app/config.go:76","func":"github.com/costa92/go-protoc/v2/pkg/app.PrintConfig","msg":"CFG: feature-gates=","logger_type":"zap"}
{"level":"debug","ts":"2025-08-22T22:50:22.505+0800","caller":"app/config.go:76","func":"github.com/costa92/go-protoc/v2/pkg/app.PrintConfig","msg":"CFG: log.otlp.insecure=true","logger_type":"zap"}
{"level":"debug","ts":"2025-08-22T22:50:22.505+0800","caller":"app/config.go:76","func":"github.com/costa92/go-protoc/v2/pkg/app.PrintConfig","msg":"CFG: sentry.enabled=false","logger_type":"zap"}
{"level":"debug","ts":"2025-08-22T22:50:22.505+0800","caller":"app/config.go:76","func":"github.com/costa92/go-protoc/v2/pkg/app.PrintConfig","msg":"CFG: log.otlp.timeout=10s","logger_type":"zap"}
{"level":"debug","ts":"2025-08-22T22:50:22.505+0800","caller":"app/config.go:76","func":"github.com/costa92/go-protoc/v2/pkg/app.PrintConfig","msg":"CFG: mysql.max-connection-life-time=10s","logger_type":"zap"}
{"level":"debug","ts":"2025-08-22T22:50:22.505+0800","caller":"app/config.go:76","func":"github.com/costa92/go-protoc/v2/pkg/app.PrintConfig","msg":"CFG: mysql.max-open-connections=100","logger_type":"zap"}
{"level":"debug","ts":"2025-08-22T22:50:22.505+0800","caller":"app/config.go:76","func":"github.com/costa92/go-protoc/v2/pkg/app.PrintConfig","msg":"CFG: log.encoder-config.message-key=msg","logger_type":"zap"}
{"level":"debug","ts":"2025-08-22T22:50:22.505+0800","caller":"app/config.go:76","func":"github.com/costa92/go-protoc/v2/pkg/app.PrintConfig","msg":"CFG: log.max-size=100","logger_type":"zap"}
{"level":"debug","ts":"2025-08-22T22:50:22.505+0800","caller":"app/config.go:76","func":"github.com/costa92/go-protoc/v2/pkg/app.PrintConfig","msg":"CFG: sentry.profiles-sample-rate=0.1","logger_type":"zap"}
{"level":"debug","ts":"2025-08-22T22:50:22.505+0800","caller":"app/config.go:76","func":"github.com/costa92/go-protoc/v2/pkg/app.PrintConfig","msg":"CFG: redis.username=","logger_type":"zap"}
{"level":"debug","ts":"2025-08-22T22:50:22.505+0800","caller":"app/config.go:76","func":"github.com/costa92/go-protoc/v2/pkg/app.PrintConfig","msg":"CFG: mysql.username=root","logger_type":"zap"}
{"level":"debug","ts":"2025-08-22T22:50:22.505+0800","caller":"app/config.go:76","func":"github.com/costa92/go-protoc/v2/pkg/app.PrintConfig","msg":"CFG: log.caller-encoder=short","logger_type":"zap"}
{"level":"debug","ts":"2025-08-22T22:50:22.505+0800","caller":"app/config.go:76","func":"github.com/costa92/go-protoc/v2/pkg/app.PrintConfig","msg":"CFG: grpc.timeout=10s","logger_type":"zap"}
{"level":"debug","ts":"2025-08-22T22:50:22.505+0800","caller":"app/config.go:76","func":"github.com/costa92/go-protoc/v2/pkg/app.PrintConfig","msg":"CFG: log.output-paths=[stdout logs/apiserver/app.log]","logger_type":"zap"}
{"level":"debug","ts":"2025-08-22T22:50:22.505+0800","caller":"app/config.go:76","func":"github.com/costa92/go-protoc/v2/pkg/app.PrintConfig","msg":"CFG: log.level=debug","logger_type":"zap"}
{"level":"debug","ts":"2025-08-22T22:50:22.505+0800","caller":"app/config.go:76","func":"github.com/costa92/go-protoc/v2/pkg/app.PrintConfig","msg":"CFG: sentry.server-name=","logger_type":"zap"}
{"level":"debug","ts":"2025-08-22T22:50:22.505+0800","caller":"app/config.go:76","func":"github.com/costa92/go-protoc/v2/pkg/app.PrintConfig","msg":"CFG: log.disable-stacktrace=false","logger_type":"zap"}
{"level":"debug","ts":"2025-08-22T22:50:22.505+0800","caller":"app/config.go:76","func":"github.com/costa92/go-protoc/v2/pkg/app.PrintConfig","msg":"CFG: mysql.log-mode=1","logger_type":"zap"}
{"level":"debug","ts":"2025-08-22T22:50:22.505+0800","caller":"app/config.go:76","func":"github.com/costa92/go-protoc/v2/pkg/app.PrintConfig","msg":"CFG: redis.addr=127.0.0.1:6379","logger_type":"zap"}
{"level":"debug","ts":"2025-08-22T22:50:22.505+0800","caller":"app/config.go:76","func":"github.com/costa92/go-protoc/v2/pkg/app.PrintConfig","msg":"CFG: mysql.password=proj(#)666","logger_type":"zap"}
{"level":"debug","ts":"2025-08-22T22:50:22.505+0800","caller":"app/config.go:76","func":"github.com/costa92/go-protoc/v2/pkg/app.PrintConfig","msg":"CFG: log.victoria-logs.batch-size=100","logger_type":"zap"}
{"level":"debug","ts":"2025-08-22T22:50:22.505+0800","caller":"app/config.go:76","func":"github.com/costa92/go-protoc/v2/pkg/app.PrintConfig","msg":"CFG: log.initial-fields.service=apiserver","logger_type":"zap"}
{"level":"debug","ts":"2025-08-22T22:50:22.505+0800","caller":"app/config.go:76","func":"github.com/costa92/go-protoc/v2/pkg/app.PrintConfig","msg":"CFG: log.otlp.resource_attributes.deployment.environment=development","logger_type":"zap"}
{"level":"debug","ts":"2025-08-22T22:50:22.505+0800","caller":"app/config.go:76","func":"github.com/costa92/go-protoc/v2/pkg/app.PrintConfig","msg":"CFG: log.compress=true","logger_type":"zap"}
{"level":"debug","ts":"2025-08-22T22:50:22.505+0800","caller":"app/config.go:76","func":"github.com/costa92/go-protoc/v2/pkg/app.PrintConfig","msg":"CFG: vmodule=","logger_type":"zap"}
{"level":"debug","ts":"2025-08-22T22:50:22.505+0800","caller":"app/config.go:76","func":"github.com/costa92/go-protoc/v2/pkg/app.PrintConfig","msg":"CFG: sentry.environment=development","logger_type":"zap"}
{"level":"debug","ts":"2025-08-22T22:50:22.505+0800","caller":"app/config.go:76","func":"github.com/costa92/go-protoc/v2/pkg/app.PrintConfig","msg":"CFG: config=configs/apiserver.yaml","logger_type":"zap"}
{"level":"debug","ts":"2025-08-22T22:50:22.505+0800","caller":"app/config.go:76","func":"github.com/costa92/go-protoc/v2/pkg/app.PrintConfig","msg":"CFG: redis.read-timeout=3s","logger_type":"zap"}
{"level":"debug","ts":"2025-08-22T22:50:22.505+0800","caller":"app/config.go:76","func":"github.com/costa92/go-protoc/v2/pkg/app.PrintConfig","msg":"CFG: jaeger.service-name=apiserver","logger_type":"zap"}
{"level":"debug","ts":"2025-08-22T22:50:22.505+0800","caller":"app/config.go:76","func":"github.com/costa92/go-protoc/v2/pkg/app.PrintConfig","msg":"CFG: pool-monitor.database.slow-query=1s","logger_type":"zap"}
{"level":"debug","ts":"2025-08-22T22:50:22.505+0800","caller":"app/config.go:76","func":"github.com/costa92/go-protoc/v2/pkg/app.PrintConfig","msg":"CFG: sentry.release=","logger_type":"zap"}
{"level":"debug","ts":"2025-08-22T22:50:22.505+0800","caller":"app/config.go:76","func":"github.com/costa92/go-protoc/v2/pkg/app.PrintConfig","msg":"CFG: mysql.database=protoc","logger_type":"zap"}
{"level":"debug","ts":"2025-08-22T22:50:22.505+0800","caller":"app/config.go:76","func":"github.com/costa92/go-protoc/v2/pkg/app.PrintConfig","msg":"CFG: jaeger.reporter-log-spans=true","logger_type":"zap"}
{"level":"debug","ts":"2025-08-22T22:50:22.505+0800","caller":"app/config.go:76","func":"github.com/costa92/go-protoc/v2/pkg/app.PrintConfig","msg":"CFG: sentry.enable-profiling=false","logger_type":"zap"}
{"level":"debug","ts":"2025-08-22T22:50:22.505+0800","caller":"app/config.go:76","func":"github.com/costa92/go-protoc/v2/pkg/app.PrintConfig","msg":"CFG: log.encoder-config.stacktrace-key=stacktrace","logger_type":"zap"}
{"level":"debug","ts":"2025-08-22T22:50:22.505+0800","caller":"app/config.go:76","func":"github.com/costa92/go-protoc/v2/pkg/app.PrintConfig","msg":"CFG: log.encoder-config.function-key=func","logger_type":"zap"}
{"level":"debug","ts":"2025-08-22T22:50:22.505+0800","caller":"app/config.go:76","func":"github.com/costa92/go-protoc/v2/pkg/app.PrintConfig","msg":"CFG: log.initial-fields.environment=development","logger_type":"zap"}
{"level":"debug","ts":"2025-08-22T22:50:22.505+0800","caller":"app/config.go:76","func":"github.com/costa92/go-protoc/v2/pkg/app.PrintConfig","msg":"CFG: log.otlp.enabled=true","logger_type":"zap"}
{"level":"debug","ts":"2025-08-22T22:50:22.505+0800","caller":"app/config.go:76","func":"github.com/costa92/go-protoc/v2/pkg/app.PrintConfig","msg":"CFG: grpc.addr=0.0.0.0:9090","logger_type":"zap"}
{"level":"debug","ts":"2025-08-22T22:50:22.505+0800","caller":"app/config.go:76","func":"github.com/costa92/go-protoc/v2/pkg/app.PrintConfig","msg":"CFG: log.encoder-config.level-key=level","logger_type":"zap"}
{"level":"debug","ts":"2025-08-22T22:50:22.505+0800","caller":"app/config.go:76","func":"github.com/costa92/go-protoc/v2/pkg/app.PrintConfig","msg":"CFG: log.victoria-logs.buffer-size=1000","logger_type":"zap"}
{"level":"debug","ts":"2025-08-22T22:50:22.505+0800","caller":"app/config.go:76","func":"github.com/costa92/go-protoc/v2/pkg/app.PrintConfig","msg":"CFG: redis.database=0","logger_type":"zap"}
{"level":"debug","ts":"2025-08-22T22:50:22.505+0800","caller":"app/config.go:76","func":"github.com/costa92/go-protoc/v2/pkg/app.PrintConfig","msg":"CFG: log.encoder-config.caller-encoder=short","logger_type":"zap"}
{"level":"debug","ts":"2025-08-22T22:50:22.506+0800","caller":"app/config.go:76","func":"github.com/costa92/go-protoc/v2/pkg/app.PrintConfig","msg":"CFG: log.otlp.endpoint=127.0.0.1:4327","logger_type":"zap"}
{"level":"debug","ts":"2025-08-22T22:50:22.506+0800","caller":"app/config.go:76","func":"github.com/costa92/go-protoc/v2/pkg/app.PrintConfig","msg":"CFG: log.level-key=level","logger_type":"zap"}
{"level":"debug","ts":"2025-08-22T22:50:22.506+0800","caller":"app/config.go:76","func":"github.com/costa92/go-protoc/v2/pkg/app.PrintConfig","msg":"CFG: help=false","logger_type":"zap"}
{"level":"debug","ts":"2025-08-22T22:50:22.506+0800","caller":"app/config.go:76","func":"github.com/costa92/go-protoc/v2/pkg/app.PrintConfig","msg":"CFG: log.development=false","logger_type":"zap"}
{"level":"debug","ts":"2025-08-22T22:50:22.506+0800","caller":"app/config.go:76","func":"github.com/costa92/go-protoc/v2/pkg/app.PrintConfig","msg":"CFG: log.message-key=msg","logger_type":"zap"}
{"level":"debug","ts":"2025-08-22T22:50:22.506+0800","caller":"app/config.go:76","func":"github.com/costa92/go-protoc/v2/pkg/app.PrintConfig","msg":"CFG: mysql.max-idle-connections=100","logger_type":"zap"}
{"level":"debug","ts":"2025-08-22T22:50:22.506+0800","caller":"app/config.go:76","func":"github.com/costa92/go-protoc/v2/pkg/app.PrintConfig","msg":"CFG: log.otlp.batch_size=100","logger_type":"zap"}
{"level":"debug","ts":"2025-08-22T22:50:22.506+0800","caller":"app/config.go:76","func":"github.com/costa92/go-protoc/v2/pkg/app.PrintConfig","msg":"CFG: jaeger.agent-port=6831","logger_type":"zap"}
{"level":"debug","ts":"2025-08-22T22:50:22.506+0800","caller":"app/config.go:76","func":"github.com/costa92/go-protoc/v2/pkg/app.PrintConfig","msg":"CFG: sentry.flush-timeout=5s","logger_type":"zap"}
{"level":"debug","ts":"2025-08-22T22:50:22.506+0800","caller":"app/config.go:76","func":"github.com/costa92/go-protoc/v2/pkg/app.PrintConfig","msg":"CFG: sentry.dsn=","logger_type":"zap"}
{"level":"debug","ts":"2025-08-22T22:50:22.506+0800","caller":"app/config.go:76","func":"github.com/costa92/go-protoc/v2/pkg/app.PrintConfig","msg":"CFG: log.initial-fields.version=v2.0.0","logger_type":"zap"}
{"level":"debug","ts":"2025-08-22T22:50:22.506+0800","caller":"app/config.go:76","func":"github.com/costa92/go-protoc/v2/pkg/app.PrintConfig","msg":"CFG: sentry.attach-stacktrace=true","logger_type":"zap"}
{"level":"debug","ts":"2025-08-22T22:50:22.506+0800","caller":"app/config.go:76","func":"github.com/costa92/go-protoc/v2/pkg/app.PrintConfig","msg":"CFG: redis.pool-timeout=4s","logger_type":"zap"}
{"level":"debug","ts":"2025-08-22T22:50:22.506+0800","caller":"app/config.go:76","func":"github.com/costa92/go-protoc/v2/pkg/app.PrintConfig","msg":"CFG: redis.max-retries=3","logger_type":"zap"}
{"level":"debug","ts":"2025-08-22T22:50:22.506+0800","caller":"app/config.go:76","func":"github.com/costa92/go-protoc/v2/pkg/app.PrintConfig","msg":"CFG: log.error-output-paths=[stderr]","logger_type":"zap"}
{"level":"debug","ts":"2025-08-22T22:50:22.506+0800","caller":"app/config.go:76","func":"github.com/costa92/go-protoc/v2/pkg/app.PrintConfig","msg":"CFG: log.victoria-logs.environment=development","logger_type":"zap"}
{"level":"debug","ts":"2025-08-22T22:50:22.506+0800","caller":"app/config.go:76","func":"github.com/costa92/go-protoc/v2/pkg/app.PrintConfig","msg":"CFG: jwt.expired=2h","logger_type":"zap"}
{"level":"debug","ts":"2025-08-22T22:50:22.506+0800","caller":"app/config.go:76","func":"github.com/costa92/go-protoc/v2/pkg/app.PrintConfig","msg":"CFG: version=false","logger_type":"zap"}
{"level":"debug","ts":"2025-08-22T22:50:22.506+0800","caller":"app/config.go:76","func":"github.com/costa92/go-protoc/v2/pkg/app.PrintConfig","msg":"CFG: log.disable-function-at-info=true","logger_type":"zap"}
{"level":"debug","ts":"2025-08-22T22:50:22.506+0800","caller":"app/config.go:76","func":"github.com/costa92/go-protoc/v2/pkg/app.PrintConfig","msg":"CFG: redis.pool-size=10","logger_type":"zap"}
{"level":"debug","ts":"2025-08-22T22:50:22.506+0800","caller":"app/config.go:76","func":"github.com/costa92/go-protoc/v2/pkg/app.PrintConfig","msg":"CFG: log.encoder-config.caller-key=caller","logger_type":"zap"}
{"level":"debug","ts":"2025-08-22T22:50:22.506+0800","caller":"app/config.go:76","func":"github.com/costa92/go-protoc/v2/pkg/app.PrintConfig","msg":"CFG: mysql.log-level=1","logger_type":"zap"}
{"level":"debug","ts":"2025-08-22T22:50:22.506+0800","caller":"app/config.go:76","func":"github.com/costa92/go-protoc/v2/pkg/app.PrintConfig","msg":"CFG: mysql.enable-trace=true","logger_type":"zap"}
{"level":"debug","ts":"2025-08-22T22:50:22.506+0800","caller":"app/config.go:76","func":"github.com/costa92/go-protoc/v2/pkg/app.PrintConfig","msg":"CFG: log.max-backups=5","logger_type":"zap"}
{"level":"debug","ts":"2025-08-22T22:50:22.506+0800","caller":"app/config.go:76","func":"github.com/costa92/go-protoc/v2/pkg/app.PrintConfig","msg":"CFG: log.victoria-logs.flush-interval=5","logger_type":"zap"}
{"level":"info","ts":"2025-08-22T22:50:22.506+0800","caller":"app/server.go:67","msg":"Connection pool metrics collection is enabled through dependency injection"}
{"level":"info","ts":"2025-08-22T22:50:22.506+0800","caller":"app/server.go:68","msg":"Metrics will be automatically collected by the PoolMonitor when database connections are established"}
{"level":"info","ts":"2025-08-22T22:50:22.506+0800","caller":"app/server.go:71","msg":"Database pool monitoring enabled","slow_query_threshold":1000,"collect_interval":30000}
{"level":"info","ts":"2025-08-22T22:50:22.506+0800","caller":"app/server.go:77","msg":"Redis pool monitoring enabled","collect_interval":30000}
{"level":"info","ts":"2025-08-22T22:50:22.506+0800","caller":"apiserver/server.go:66","msg":"Initializing API server","service":"Unknown","version":"v0.0.0-master+$Format:%h$","branch":"unknown","commit":"$Format:","build_date":"1970-01-01T00:00:00Z","go_version":"go1.25.0"}
{"level":"info","ts":"2025-08-22T22:50:22.506+0800","caller":"apiserver/server.go:78","msg":"Logger configuration","level":"debug","format":"json"}
{"level":"debug","ts":"2025-08-22T22:50:22.506+0800","caller":"apiserver/server.go:79","func":"github.com/costa92/go-protoc/v2/internal/apiserver.(*Config).NewServer","msg":"Debug logging enabled","logger_type":"zap","caller_skip":2,"enable_color":false}
{"level":"info","ts":"2025-08-22T22:50:22.506+0800","caller":"apiserver/server.go:83","msg":"Validating service connections before startup..."}
{"level":"info","ts":"2025-08-22T22:50:22.506+0800","caller":"apiserver/server.go:87","msg":"Testing MySQL connection..."}
{"level":"info","ts":"2025-08-22T22:50:22.515+0800","caller":"apiserver/server.go:92","msg":"MySQL connection test passed"}
{"level":"info","ts":"2025-08-22T22:50:22.515+0800","caller":"apiserver/server.go:97","msg":"Testing Redis connection..."}
{"level":"info","ts":"2025-08-22T22:50:22.521+0800","caller":"apiserver/server.go:102","msg":"Redis connection test passed"}
{"level":"info","ts":"2025-08-22T22:50:22.521+0800","caller":"apiserver/server.go:107","msg":"Testing Jaeger connection..."}
{"level":"info","ts":"2025-08-22T22:50:22.521+0800","caller":"apiserver/server.go:112","msg":"Jaeger connection test passed"}
{"level":"info","ts":"2025-08-22T22:50:22.521+0800","caller":"apiserver/server.go:115","msg":"All service connections validated successfully"}
{"level":"info","ts":"2025-08-22T22:50:22.621+0800","caller":"server/kratos_server.go:47","msg":"Start to listening the incoming requests","protocol":"kratos"}
{"level":"fatal","ts":"2025-08-22T22:50:22.621+0800","caller":"server/kratos_server.go:49","func":"github.com/costa92/go-protoc/v2/pkg/server.(*KratosServer).RunOrDie","msg":"Failed to serve kratos application","logger_type":"zap","err":"listen tcp 0.0.0.0:9090: bind: address already in use","stacktrace":"github.com/costa92/go-protoc/v2/pkg/server.(*KratosServer).RunOrDie\n\t/Users/costalong/code/go/src/github.com/costa92/go-protoc/pkg/server/kratos_server.go:49"}
{"level":"info","ts":"2025-08-22T22:52:23.107+0800","caller":"app/app.go:285","msg":"Starting application","name":"apiserver","version":"{\"gitVersion\":\"v0.0.0-master+$Format:%h$\",\"gitCommit\":\"$Format:%H$\",\"gitTreeState\":\"\",\"gitBranch\":\"unknown\",\"buildDate\":\"1970-01-01T00:00:00Z\",\"serviceName\":\"Unknown\",\"goVersion\":\"go1.25.0\",\"compiler\":\"gc\",\"platform\":\"darwin/arm64\"}"}
{"level":"info","ts":"2025-08-22T22:52:23.107+0800","caller":"app/app.go:286","msg":"Golang settings","GOGC":"","GOMAXPROCS":"","GOTRACEBACK":""}
{"level":"info","ts":"2025-08-22T22:52:23.109+0800","caller":"app/server.go:67","msg":"Connection pool metrics collection is enabled through dependency injection"}
{"level":"info","ts":"2025-08-22T22:52:23.109+0800","caller":"app/server.go:68","msg":"Metrics will be automatically collected by the PoolMonitor when database connections are established"}
{"level":"info","ts":"2025-08-22T22:52:23.109+0800","caller":"app/server.go:71","msg":"Database pool monitoring enabled","slow_query_threshold":1000,"collect_interval":30000}
{"level":"info","ts":"2025-08-22T22:52:23.109+0800","caller":"app/server.go:77","msg":"Redis pool monitoring enabled","collect_interval":30000}
{"level":"info","ts":"2025-08-22T22:52:23.109+0800","caller":"apiserver/server.go:66","msg":"Initializing API server","service":"Unknown","version":"v0.0.0-master+$Format:%h$","branch":"unknown","commit":"$Format:","build_date":"1970-01-01T00:00:00Z","go_version":"go1.25.0"}
{"level":"info","ts":"2025-08-22T22:52:23.110+0800","caller":"apiserver/server.go:78","msg":"Logger configuration","level":"info","format":"json"}
{"level":"info","ts":"2025-08-22T22:52:23.110+0800","caller":"apiserver/server.go:83","msg":"Validating service connections before startup..."}
{"level":"info","ts":"2025-08-22T22:52:23.110+0800","caller":"apiserver/server.go:87","msg":"Testing MySQL connection..."}
{"level":"info","ts":"2025-08-22T22:52:23.118+0800","caller":"apiserver/server.go:92","msg":"MySQL connection test passed"}
{"level":"info","ts":"2025-08-22T22:52:23.118+0800","caller":"apiserver/server.go:97","msg":"Testing Redis connection..."}
{"level":"info","ts":"2025-08-22T22:52:23.122+0800","caller":"apiserver/server.go:102","msg":"Redis connection test passed"}
{"level":"info","ts":"2025-08-22T22:52:23.122+0800","caller":"apiserver/server.go:107","msg":"Testing Jaeger connection..."}
{"level":"info","ts":"2025-08-22T22:52:23.122+0800","caller":"apiserver/server.go:112","msg":"Jaeger connection test passed"}
{"level":"info","ts":"2025-08-22T22:52:23.122+0800","caller":"apiserver/server.go:115","msg":"All service connections validated successfully"}
{"level":"info","ts":"2025-08-22T22:53:33.412+0800","caller":"app/app.go:285","msg":"Starting application","name":"apiserver","version":"{\"gitVersion\":\"v0.0.0-master+$Format:%h$\",\"gitCommit\":\"$Format:%H$\",\"gitTreeState\":\"\",\"gitBranch\":\"unknown\",\"buildDate\":\"1970-01-01T00:00:00Z\",\"serviceName\":\"Unknown\",\"goVersion\":\"go1.25.0\",\"compiler\":\"gc\",\"platform\":\"darwin/arm64\"}"}
{"level":"info","ts":"2025-08-22T22:53:33.412+0800","caller":"app/app.go:286","msg":"Golang settings","GOGC":"","GOMAXPROCS":"","GOTRACEBACK":""}
{"level":"info","ts":"2025-08-22T22:53:33.413+0800","caller":"app/server.go:67","msg":"Connection pool metrics collection is enabled through dependency injection"}
{"level":"info","ts":"2025-08-22T22:53:33.413+0800","caller":"app/server.go:68","msg":"Metrics will be automatically collected by the PoolMonitor when database connections are established"}
{"level":"info","ts":"2025-08-22T22:53:33.413+0800","caller":"app/server.go:71","msg":"Database pool monitoring enabled","slow_query_threshold":1000,"collect_interval":30000}
{"level":"info","ts":"2025-08-22T22:53:33.413+0800","caller":"app/server.go:77","msg":"Redis pool monitoring enabled","collect_interval":30000}
{"level":"info","ts":"2025-08-22T22:53:33.413+0800","caller":"apiserver/server.go:66","msg":"Initializing API server","service":"Unknown","version":"v0.0.0-master+$Format:%h$","branch":"unknown","commit":"$Format:","build_date":"1970-01-01T00:00:00Z","go_version":"go1.25.0"}
{"level":"info","ts":"2025-08-22T22:53:33.413+0800","caller":"apiserver/server.go:78","msg":"Logger configuration","level":"info","format":"json"}
{"level":"info","ts":"2025-08-22T22:53:33.413+0800","caller":"apiserver/server.go:83","msg":"Validating service connections before startup..."}
{"level":"info","ts":"2025-08-22T22:53:33.413+0800","caller":"apiserver/server.go:87","msg":"Testing MySQL connection..."}
{"level":"info","ts":"2025-08-22T22:53:33.419+0800","caller":"apiserver/server.go:92","msg":"MySQL connection test passed"}
{"level":"info","ts":"2025-08-22T22:53:33.419+0800","caller":"apiserver/server.go:97","msg":"Testing Redis connection..."}
{"level":"info","ts":"2025-08-22T22:55:26.836+0800","caller":"app/app.go:284","msg":"Starting application","name":"apiserver","version":"{\"gitVersion\":\"v0.0.0-master+$Format:%h$\",\"gitCommit\":\"$Format:%H$\",\"gitTreeState\":\"\",\"gitBranch\":\"unknown\",\"buildDate\":\"1970-01-01T00:00:00Z\",\"serviceName\":\"Unknown\",\"goVersion\":\"go1.25.0\",\"compiler\":\"gc\",\"platform\":\"darwin/arm64\"}"}
{"level":"info","ts":"2025-08-22T22:55:26.836+0800","caller":"app/app.go:285","msg":"Golang settings","GOGC":"","GOMAXPROCS":"","GOTRACEBACK":""}
{"level":"info","ts":"2025-08-22T22:55:26.837+0800","caller":"app/server.go:67","msg":"Connection pool metrics collection is enabled through dependency injection"}
{"level":"info","ts":"2025-08-22T22:55:26.837+0800","caller":"app/server.go:68","msg":"Metrics will be automatically collected by the PoolMonitor when database connections are established"}
{"level":"info","ts":"2025-08-22T22:55:26.837+0800","caller":"app/server.go:71","msg":"Database pool monitoring enabled","slow_query_threshold":1000,"collect_interval":30000}
{"level":"info","ts":"2025-08-22T22:55:26.837+0800","caller":"app/server.go:77","msg":"Redis pool monitoring enabled","collect_interval":30000}
{"level":"info","ts":"2025-08-22T22:55:26.837+0800","caller":"apiserver/server.go:66","msg":"Initializing API server","service":"Unknown","version":"v0.0.0-master+$Format:%h$","branch":"unknown","commit":"$Format:","build_date":"1970-01-01T00:00:00Z","go_version":"go1.25.0"}
{"level":"info","ts":"2025-08-22T22:55:26.837+0800","caller":"apiserver/server.go:78","msg":"Logger configuration","level":"info","format":"json"}
{"level":"info","ts":"2025-08-22T22:55:26.837+0800","caller":"apiserver/server.go:83","msg":"Validating service connections before startup..."}
{"level":"info","ts":"2025-08-22T22:55:26.837+0800","caller":"apiserver/server.go:87","msg":"Testing MySQL connection..."}
{"level":"info","ts":"2025-08-22T22:55:26.842+0800","caller":"apiserver/server.go:92","msg":"MySQL connection test passed"}
{"level":"info","ts":"2025-08-22T22:55:26.842+0800","caller":"apiserver/server.go:97","msg":"Testing Redis connection..."}
{"level":"info","ts":"2025-08-22T22:55:26.845+0800","caller":"apiserver/server.go:102","msg":"Redis connection test passed"}
{"level":"info","ts":"2025-08-22T22:55:26.845+0800","caller":"apiserver/server.go:107","msg":"Testing Jaeger connection..."}
{"level":"info","ts":"2025-08-22T22:55:26.845+0800","caller":"apiserver/server.go:112","msg":"Jaeger connection test passed"}
{"level":"info","ts":"2025-08-22T22:55:26.845+0800","caller":"apiserver/server.go:115","msg":"All service connections validated successfully"}
{"level":"info","ts":"2025-08-22T22:57:05.516+0800","caller":"app/app.go:284","msg":"Starting application","name":"apiserver","version":"{\"gitVersion\":\"v0.0.0-master+$Format:%h$\",\"gitCommit\":\"$Format:%H$\",\"gitTreeState\":\"\",\"gitBranch\":\"unknown\",\"buildDate\":\"1970-01-01T00:00:00Z\",\"serviceName\":\"Unknown\",\"goVersion\":\"go1.25.0\",\"compiler\":\"gc\",\"platform\":\"darwin/arm64\"}"}
{"level":"info","ts":"2025-08-22T22:57:05.516+0800","caller":"app/app.go:285","msg":"Golang settings","GOGC":"","GOMAXPROCS":"","GOTRACEBACK":""}
{"level":"debug","ts":"2025-08-22T22:57:05.516+0800","caller":"app/config.go:76","func":"github.com/costa92/go-protoc/v2/pkg/app.PrintConfig","msg":"CFG: grpc.timeout=10s","logger_type":"zap"}
{"level":"debug","ts":"2025-08-22T22:57:05.516+0800","caller":"app/config.go:76","func":"github.com/costa92/go-protoc/v2/pkg/app.PrintConfig","msg":"CFG: log.level=debug","logger_type":"zap"}
{"level":"debug","ts":"2025-08-22T22:57:05.516+0800","caller":"app/config.go:76","func":"github.com/costa92/go-protoc/v2/pkg/app.PrintConfig","msg":"CFG: log.encoder-config.message-key=msg","logger_type":"zap"}
{"level":"debug","ts":"2025-08-22T22:57:05.516+0800","caller":"app/config.go:76","func":"github.com/costa92/go-protoc/v2/pkg/app.PrintConfig","msg":"CFG: log.otlp.enabled=true","logger_type":"zap"}
{"level":"debug","ts":"2025-08-22T22:57:05.516+0800","caller":"app/config.go:76","func":"github.com/costa92/go-protoc/v2/pkg/app.PrintConfig","msg":"CFG: redis.password=","logger_type":"zap"}
{"level":"debug","ts":"2025-08-22T22:57:05.516+0800","caller":"app/config.go:76","func":"github.com/costa92/go-protoc/v2/pkg/app.PrintConfig","msg":"CFG: log-flush-frequency=5s","logger_type":"zap"}
{"level":"debug","ts":"2025-08-22T22:57:05.516+0800","caller":"app/config.go:76","func":"github.com/costa92/go-protoc/v2/pkg/app.PrintConfig","msg":"CFG: mysql.enable-trace=true","logger_type":"zap"}
{"level":"debug","ts":"2025-08-22T22:57:05.516+0800","caller":"app/config.go:76","func":"github.com/costa92/go-protoc/v2/pkg/app.PrintConfig","msg":"CFG: jaeger.reporter-log-spans=true","logger_type":"zap"}
{"level":"debug","ts":"2025-08-22T22:57:05.516+0800","caller":"app/config.go:76","func":"github.com/costa92/go-protoc/v2/pkg/app.PrintConfig","msg":"CFG: log.encoder-config.function-key=func","logger_type":"zap"}
{"level":"debug","ts":"2025-08-22T22:57:05.517+0800","caller":"app/config.go:76","func":"github.com/costa92/go-protoc/v2/pkg/app.PrintConfig","msg":"CFG: log.otlp.resource_attributes.service.name=apiserver","logger_type":"zap"}
{"level":"debug","ts":"2025-08-22T22:57:05.517+0800","caller":"app/config.go:76","func":"github.com/costa92/go-protoc/v2/pkg/app.PrintConfig","msg":"CFG: log.initial-fields.service=apiserver","logger_type":"zap"}
{"level":"debug","ts":"2025-08-22T22:57:05.517+0800","caller":"app/config.go:76","func":"github.com/costa92/go-protoc/v2/pkg/app.PrintConfig","msg":"CFG: jaeger.service-name=apiserver","logger_type":"zap"}
{"level":"debug","ts":"2025-08-22T22:57:05.517+0800","caller":"app/config.go:76","func":"github.com/costa92/go-protoc/v2/pkg/app.PrintConfig","msg":"CFG: log.victoria-logs.enabled=false","logger_type":"zap"}
{"level":"debug","ts":"2025-08-22T22:57:05.517+0800","caller":"app/config.go:76","func":"github.com/costa92/go-protoc/v2/pkg/app.PrintConfig","msg":"CFG: pool-monitor.redis.enabled=true","logger_type":"zap"}
{"level":"debug","ts":"2025-08-22T22:57:05.517+0800","caller":"app/config.go:76","func":"github.com/costa92/go-protoc/v2/pkg/app.PrintConfig","msg":"CFG: config=","logger_type":"zap"}
{"level":"debug","ts":"2025-08-22T22:57:05.517+0800","caller":"app/config.go:76","func":"github.com/costa92/go-protoc/v2/pkg/app.PrintConfig","msg":"CFG: help=false","logger_type":"zap"}
{"level":"debug","ts":"2025-08-22T22:57:05.517+0800","caller":"app/config.go:76","func":"github.com/costa92/go-protoc/v2/pkg/app.PrintConfig","msg":"CFG: sentry.dsn=","logger_type":"zap"}
{"level":"debug","ts":"2025-08-22T22:57:05.517+0800","caller":"app/config.go:76","func":"github.com/costa92/go-protoc/v2/pkg/app.PrintConfig","msg":"CFG: redis.pool-size=10","logger_type":"zap"}
{"level":"debug","ts":"2025-08-22T22:57:05.517+0800","caller":"app/config.go:76","func":"github.com/costa92/go-protoc/v2/pkg/app.PrintConfig","msg":"CFG: log.max-size=100","logger_type":"zap"}
{"level":"debug","ts":"2025-08-22T22:57:05.517+0800","caller":"app/config.go:76","func":"github.com/costa92/go-protoc/v2/pkg/app.PrintConfig","msg":"CFG: log.otlp.resource_attributes.service.namespace=go-protoc","logger_type":"zap"}
{"level":"debug","ts":"2025-08-22T22:57:05.517+0800","caller":"app/config.go:76","func":"github.com/costa92/go-protoc/v2/pkg/app.PrintConfig","msg":"CFG: log.victoria-logs.version=v2.0.0","logger_type":"zap"}
{"level":"debug","ts":"2025-08-22T22:57:05.517+0800","caller":"app/config.go:76","func":"github.com/costa92/go-protoc/v2/pkg/app.PrintConfig","msg":"CFG: log.max-age=7","logger_type":"zap"}
{"level":"debug","ts":"2025-08-22T22:57:05.517+0800","caller":"app/config.go:76","func":"github.com/costa92/go-protoc/v2/pkg/app.PrintConfig","msg":"CFG: sentry.ignore-errors=[]","logger_type":"zap"}
{"level":"debug","ts":"2025-08-22T22:57:05.517+0800","caller":"app/config.go:76","func":"github.com/costa92/go-protoc/v2/pkg/app.PrintConfig","msg":"CFG: log.output-paths=[stdout logs/apiserver/app.log]","logger_type":"zap"}
{"level":"debug","ts":"2025-08-22T22:57:05.517+0800","caller":"app/config.go:76","func":"github.com/costa92/go-protoc/v2/pkg/app.PrintConfig","msg":"CFG: log.development=false","logger_type":"zap"}
{"level":"debug","ts":"2025-08-22T22:57:05.517+0800","caller":"app/config.go:76","func":"github.com/costa92/go-protoc/v2/pkg/app.PrintConfig","msg":"CFG: mysql.host=127.0.0.1","logger_type":"zap"}
{"level":"debug","ts":"2025-08-22T22:57:05.517+0800","caller":"app/config.go:76","func":"github.com/costa92/go-protoc/v2/pkg/app.PrintConfig","msg":"CFG: log.caller-key=caller","logger_type":"zap"}
{"level":"debug","ts":"2025-08-22T22:57:05.517+0800","caller":"app/config.go:76","func":"github.com/costa92/go-protoc/v2/pkg/app.PrintConfig","msg":"CFG: redis.max-retries=3","logger_type":"zap"}
{"level":"debug","ts":"2025-08-22T22:57:05.517+0800","caller":"app/config.go:76","func":"github.com/costa92/go-protoc/v2/pkg/app.PrintConfig","msg":"CFG: http.timeout=10s","logger_type":"zap"}
{"level":"debug","ts":"2025-08-22T22:57:05.517+0800","caller":"app/config.go:76","func":"github.com/costa92/go-protoc/v2/pkg/app.PrintConfig","msg":"CFG: sentry.sample-rate=1","logger_type":"zap"}
{"level":"debug","ts":"2025-08-22T22:57:05.517+0800","caller":"app/config.go:76","func":"github.com/costa92/go-protoc/v2/pkg/app.PrintConfig","msg":"CFG: jaeger.server=127.0.0.1:6831","logger_type":"zap"}
{"level":"debug","ts":"2025-08-22T22:57:05.517+0800","caller":"app/config.go:76","func":"github.com/costa92/go-protoc/v2/pkg/app.PrintConfig","msg":"CFG: http.addr=0.0.0.0:8080","logger_type":"zap"}
{"level":"debug","ts":"2025-08-22T22:57:05.517+0800","caller":"app/config.go:76","func":"github.com/costa92/go-protoc/v2/pkg/app.PrintConfig","msg":"CFG: jaeger.sampler-param=1","logger_type":"zap"}
{"level":"debug","ts":"2025-08-22T22:57:05.517+0800","caller":"app/config.go:76","func":"github.com/costa92/go-protoc/v2/pkg/app.PrintConfig","msg":"CFG: log.error-output-paths=[stderr]","logger_type":"zap"}
{"level":"debug","ts":"2025-08-22T22:57:05.517+0800","caller":"app/config.go:76","func":"github.com/costa92/go-protoc/v2/pkg/app.PrintConfig","msg":"CFG: sentry.send-default-pii=false","logger_type":"zap"}
{"level":"debug","ts":"2025-08-22T22:57:05.517+0800","caller":"app/config.go:76","func":"github.com/costa92/go-protoc/v2/pkg/app.PrintConfig","msg":"CFG: log.victoria-logs.environment=development","logger_type":"zap"}
{"level":"debug","ts":"2025-08-22T22:57:05.517+0800","caller":"app/config.go:76","func":"github.com/costa92/go-protoc/v2/pkg/app.PrintConfig","msg":"CFG: sentry.debug=false","logger_type":"zap"}
{"level":"debug","ts":"2025-08-22T22:57:05.517+0800","caller":"app/config.go:76","func":"github.com/costa92/go-protoc/v2/pkg/app.PrintConfig","msg":"CFG: log.max-backups=5","logger_type":"zap"}
{"level":"debug","ts":"2025-08-22T22:57:05.517+0800","caller":"app/config.go:76","func":"github.com/costa92/go-protoc/v2/pkg/app.PrintConfig","msg":"CFG: log.function-key=func","logger_type":"zap"}
{"level":"debug","ts":"2025-08-22T22:57:05.517+0800","caller":"app/config.go:76","func":"github.com/costa92/go-protoc/v2/pkg/app.PrintConfig","msg":"CFG: sentry.flush-timeout=5s","logger_type":"zap"}
{"level":"debug","ts":"2025-08-22T22:57:05.517+0800","caller":"app/config.go:76","func":"github.com/costa92/go-protoc/v2/pkg/app.PrintConfig","msg":"CFG: sentry.enable-profiling=false","logger_type":"zap"}
{"level":"debug","ts":"2025-08-22T22:57:05.517+0800","caller":"app/config.go:76","func":"github.com/costa92/go-protoc/v2/pkg/app.PrintConfig","msg":"CFG: log.otlp.insecure=true","logger_type":"zap"}
{"level":"debug","ts":"2025-08-22T22:57:05.517+0800","caller":"app/config.go:76","func":"github.com/costa92/go-protoc/v2/pkg/app.PrintConfig","msg":"CFG: log.victoria-logs.buffer-size=1000","logger_type":"zap"}
{"level":"debug","ts":"2025-08-22T22:57:05.517+0800","caller":"app/config.go:76","func":"github.com/costa92/go-protoc/v2/pkg/app.PrintConfig","msg":"CFG: version=false","logger_type":"zap"}
{"level":"debug","ts":"2025-08-22T22:57:05.517+0800","caller":"app/config.go:76","func":"github.com/costa92/go-protoc/v2/pkg/app.PrintConfig","msg":"CFG: vmodule=","logger_type":"zap"}
{"level":"debug","ts":"2025-08-22T22:57:05.517+0800","caller":"app/config.go:76","func":"github.com/costa92/go-protoc/v2/pkg/app.PrintConfig","msg":"CFG: log.time-encoder=iso8601","logger_type":"zap"}
{"level":"debug","ts":"2025-08-22T22:57:05.517+0800","caller":"app/config.go:76","func":"github.com/costa92/go-protoc/v2/pkg/app.PrintConfig","msg":"CFG: redis.username=","logger_type":"zap"}
{"level":"debug","ts":"2025-08-22T22:57:05.517+0800","caller":"app/config.go:76","func":"github.com/costa92/go-protoc/v2/pkg/app.PrintConfig","msg":"CFG: jaeger.enabled=true","logger_type":"zap"}
{"level":"debug","ts":"2025-08-22T22:57:05.517+0800","caller":"app/config.go:76","func":"github.com/costa92/go-protoc/v2/pkg/app.PrintConfig","msg":"CFG: log.encoding=json","logger_type":"zap"}
{"level":"debug","ts":"2025-08-22T22:57:05.517+0800","caller":"app/config.go:76","func":"github.com/costa92/go-protoc/v2/pkg/app.PrintConfig","msg":"CFG: grpc.network=tcp","logger_type":"zap"}
{"level":"debug","ts":"2025-08-22T22:57:05.517+0800","caller":"app/config.go:76","func":"github.com/costa92/go-protoc/v2/pkg/app.PrintConfig","msg":"CFG: log.stacktrace-key=stacktrace","logger_type":"zap"}
{"level":"debug","ts":"2025-08-22T22:57:05.517+0800","caller":"app/config.go:76","func":"github.com/costa92/go-protoc/v2/pkg/app.PrintConfig","msg":"CFG: redis.write-timeout=3s","logger_type":"zap"}
{"level":"debug","ts":"2025-08-22T22:57:05.517+0800","caller":"app/config.go:76","func":"github.com/costa92/go-protoc/v2/pkg/app.PrintConfig","msg":"CFG: log.format=json","logger_type":"zap"}
{"level":"debug","ts":"2025-08-22T22:57:05.517+0800","caller":"app/config.go:76","func":"github.com/costa92/go-protoc/v2/pkg/app.PrintConfig","msg":"CFG: pool-monitor.collect-interval=30s","logger_type":"zap"}
{"level":"debug","ts":"2025-08-22T22:57:05.517+0800","caller":"app/config.go:76","func":"github.com/costa92/go-protoc/v2/pkg/app.PrintConfig","msg":"CFG: log.encoder-config.caller-key=caller","logger_type":"zap"}
{"level":"debug","ts":"2025-08-22T22:57:05.517+0800","caller":"app/config.go:76","func":"github.com/costa92/go-protoc/v2/pkg/app.PrintConfig","msg":"CFG: log.victoria-logs.endpoint=http://127.0.0.1:9428","logger_type":"zap"}
{"level":"debug","ts":"2025-08-22T22:57:05.517+0800","caller":"app/config.go:76","func":"github.com/costa92/go-protoc/v2/pkg/app.PrintConfig","msg":"CFG: log.victoria-logs.timeout=10","logger_type":"zap"}
{"level":"debug","ts":"2025-08-22T22:57:05.517+0800","caller":"app/config.go:76","func":"github.com/costa92/go-protoc/v2/pkg/app.PrintConfig","msg":"CFG: redis.enable-trace=true","logger_type":"zap"}
{"level":"debug","ts":"2025-08-22T22:57:05.517+0800","caller":"app/config.go:76","func":"github.com/costa92/go-protoc/v2/pkg/app.PrintConfig","msg":"CFG: log.encoder-config.time-encoder=iso8601","logger_type":"zap"}
{"level":"debug","ts":"2025-08-22T22:57:05.517+0800","caller":"app/config.go:76","func":"github.com/costa92/go-protoc/v2/pkg/app.PrintConfig","msg":"CFG: redis.read-timeout=3s","logger_type":"zap"}
{"level":"debug","ts":"2025-08-22T22:57:05.517+0800","caller":"app/config.go:76","func":"github.com/costa92/go-protoc/v2/pkg/app.PrintConfig","msg":"CFG: mysql.max-connection-life-time=10s","logger_type":"zap"}
{"level":"debug","ts":"2025-08-22T22:57:05.517+0800","caller":"app/config.go:76","func":"github.com/costa92/go-protoc/v2/pkg/app.PrintConfig","msg":"CFG: mysql.password=proj(#)666","logger_type":"zap"}
{"level":"debug","ts":"2025-08-22T22:57:05.517+0800","caller":"app/config.go:76","func":"github.com/costa92/go-protoc/v2/pkg/app.PrintConfig","msg":"CFG: redis.database=0","logger_type":"zap"}
{"level":"debug","ts":"2025-08-22T22:57:05.517+0800","caller":"app/config.go:76","func":"github.com/costa92/go-protoc/v2/pkg/app.PrintConfig","msg":"CFG: jaeger.agent-port=6831","logger_type":"zap"}
{"level":"debug","ts":"2025-08-22T22:57:05.517+0800","caller":"app/config.go:76","func":"github.com/costa92/go-protoc/v2/pkg/app.PrintConfig","msg":"CFG: log.enable-color=false","logger_type":"zap"}
{"level":"debug","ts":"2025-08-22T22:57:05.517+0800","caller":"app/config.go:76","func":"github.com/costa92/go-protoc/v2/pkg/app.PrintConfig","msg":"CFG: log.initial-fields.version=v2.0.0","logger_type":"zap"}
{"level":"debug","ts":"2025-08-22T22:57:05.517+0800","caller":"app/config.go:76","func":"github.com/costa92/go-protoc/v2/pkg/app.PrintConfig","msg":"CFG: log.dynamic=false","logger_type":"zap"}
{"level":"debug","ts":"2025-08-22T22:57:05.517+0800","caller":"app/config.go:76","func":"github.com/costa92/go-protoc/v2/pkg/app.PrintConfig","msg":"CFG: feature-gates=","logger_type":"zap"}
{"level":"debug","ts":"2025-08-22T22:57:05.517+0800","caller":"app/config.go:76","func":"github.com/costa92/go-protoc/v2/pkg/app.PrintConfig","msg":"CFG: sentry.environment=development","logger_type":"zap"}
{"level":"debug","ts":"2025-08-22T22:57:05.517+0800","caller":"app/config.go:76","func":"github.com/costa92/go-protoc/v2/pkg/app.PrintConfig","msg":"CFG: log.initial-fields.environment=development","logger_type":"zap"}
{"level":"debug","ts":"2025-08-22T22:57:05.517+0800","caller":"app/config.go:76","func":"github.com/costa92/go-protoc/v2/pkg/app.PrintConfig","msg":"CFG: v=0","logger_type":"zap"}
{"level":"debug","ts":"2025-08-22T22:57:05.517+0800","caller":"app/config.go:76","func":"github.com/costa92/go-protoc/v2/pkg/app.PrintConfig","msg":"CFG: mysql.username=root","logger_type":"zap"}
{"level":"debug","ts":"2025-08-22T22:57:05.517+0800","caller":"app/config.go:76","func":"github.com/costa92/go-protoc/v2/pkg/app.PrintConfig","msg":"CFG: sentry.attach-stacktrace=true","logger_type":"zap"}
{"level":"debug","ts":"2025-08-22T22:57:05.517+0800","caller":"app/config.go:76","func":"github.com/costa92/go-protoc/v2/pkg/app.PrintConfig","msg":"CFG: mysql.log-level=1","logger_type":"zap"}
{"level":"debug","ts":"2025-08-22T22:57:05.517+0800","caller":"app/config.go:76","func":"github.com/costa92/go-protoc/v2/pkg/app.PrintConfig","msg":"CFG: log.encoder-config.stacktrace-key=stacktrace","logger_type":"zap"}
{"level":"debug","ts":"2025-08-22T22:57:05.517+0800","caller":"app/config.go:76","func":"github.com/costa92/go-protoc/v2/pkg/app.PrintConfig","msg":"CFG: log.otlp.endpoint=127.0.0.1:4327","logger_type":"zap"}
{"level":"debug","ts":"2025-08-22T22:57:05.517+0800","caller":"app/config.go:76","func":"github.com/costa92/go-protoc/v2/pkg/app.PrintConfig","msg":"CFG: log.otlp.export_timeout=30s","logger_type":"zap"}
{"level":"debug","ts":"2025-08-22T22:57:05.517+0800","caller":"app/config.go:76","func":"github.com/costa92/go-protoc/v2/pkg/app.PrintConfig","msg":"CFG: http.network=tcp","logger_type":"zap"}
{"level":"debug","ts":"2025-08-22T22:57:05.517+0800","caller":"app/config.go:76","func":"github.com/costa92/go-protoc/v2/pkg/app.PrintConfig","msg":"CFG: log.encoder-config.level-key=level","logger_type":"zap"}
{"level":"debug","ts":"2025-08-22T22:57:05.517+0800","caller":"app/config.go:76","func":"github.com/costa92/go-protoc/v2/pkg/app.PrintConfig","msg":"CFG: sentry.profiles-sample-rate=0.1","logger_type":"zap"}
{"level":"debug","ts":"2025-08-22T22:57:05.517+0800","caller":"app/config.go:76","func":"github.com/costa92/go-protoc/v2/pkg/app.PrintConfig","msg":"CFG: log.encoder-config.time-key=ts","logger_type":"zap"}
{"level":"debug","ts":"2025-08-22T22:57:05.517+0800","caller":"app/config.go:76","func":"github.com/costa92/go-protoc/v2/pkg/app.PrintConfig","msg":"CFG: log.victoria-logs.flush-interval=5","logger_type":"zap"}
{"level":"debug","ts":"2025-08-22T22:57:05.517+0800","caller":"app/config.go:76","func":"github.com/costa92/go-protoc/v2/pkg/app.PrintConfig","msg":"CFG: log.otlp.resource_attributes.deployment.environment=development","logger_type":"zap"}
{"level":"debug","ts":"2025-08-22T22:57:05.517+0800","caller":"app/config.go:76","func":"github.com/costa92/go-protoc/v2/pkg/app.PrintConfig","msg":"CFG: pool-monitor.enabled=true","logger_type":"zap"}
{"level":"debug","ts":"2025-08-22T22:57:05.517+0800","caller":"app/config.go:76","func":"github.com/costa92/go-protoc/v2/pkg/app.PrintConfig","msg":"CFG: jwt.max-refresh=2h","logger_type":"zap"}
{"level":"debug","ts":"2025-08-22T22:57:05.517+0800","caller":"app/config.go:76","func":"github.com/costa92/go-protoc/v2/pkg/app.PrintConfig","msg":"CFG: sentry.server-name=","logger_type":"zap"}
{"level":"debug","ts":"2025-08-22T22:57:05.517+0800","caller":"app/config.go:76","func":"github.com/costa92/go-protoc/v2/pkg/app.PrintConfig","msg":"CFG: log.disable-stacktrace=false","logger_type":"zap"}
{"level":"debug","ts":"2025-08-22T22:57:05.517+0800","caller":"app/config.go:76","func":"github.com/costa92/go-protoc/v2/pkg/app.PrintConfig","msg":"CFG: jwt.signing-method=HS512","logger_type":"zap"}
{"level":"debug","ts":"2025-08-22T22:57:05.517+0800","caller":"app/config.go:76","func":"github.com/costa92/go-protoc/v2/pkg/app.PrintConfig","msg":"CFG: log.level-encoder=lowercase","logger_type":"zap"}
{"level":"debug","ts":"2025-08-22T22:57:05.517+0800","caller":"app/config.go:76","func":"github.com/costa92/go-protoc/v2/pkg/app.PrintConfig","msg":"CFG: redis.addr=127.0.0.1:6379","logger_type":"zap"}
{"level":"debug","ts":"2025-08-22T22:57:05.518+0800","caller":"app/config.go:76","func":"github.com/costa92/go-protoc/v2/pkg/app.PrintConfig","msg":"CFG: jwt.key=onex(#)666","logger_type":"zap"}
{"level":"debug","ts":"2025-08-22T22:57:05.518+0800","caller":"app/config.go:76","func":"github.com/costa92/go-protoc/v2/pkg/app.PrintConfig","msg":"CFG: mysql.max-open-connections=100","logger_type":"zap"}
{"level":"debug","ts":"2025-08-22T22:57:05.518+0800","caller":"app/config.go:76","func":"github.com/costa92/go-protoc/v2/pkg/app.PrintConfig","msg":"CFG: sentry.release=","logger_type":"zap"}
{"level":"debug","ts":"2025-08-22T22:57:05.518+0800","caller":"app/config.go:76","func":"github.com/costa92/go-protoc/v2/pkg/app.PrintConfig","msg":"CFG: log.encoder-config.level-encoder=lowercase","logger_type":"zap"}
{"level":"debug","ts":"2025-08-22T22:57:05.518+0800","caller":"app/config.go:76","func":"github.com/costa92/go-protoc/v2/pkg/app.PrintConfig","msg":"CFG: pool-monitor.database.enabled=true","logger_type":"zap"}
{"level":"debug","ts":"2025-08-22T22:57:05.518+0800","caller":"app/config.go:76","func":"github.com/costa92/go-protoc/v2/pkg/app.PrintConfig","msg":"CFG: log.time-key=ts","logger_type":"zap"}
{"level":"debug","ts":"2025-08-22T22:57:05.518+0800","caller":"app/config.go:76","func":"github.com/costa92/go-protoc/v2/pkg/app.PrintConfig","msg":"CFG: sentry.enabled=false","logger_type":"zap"}
{"level":"debug","ts":"2025-08-22T22:57:05.518+0800","caller":"app/config.go:76","func":"github.com/costa92/go-protoc/v2/pkg/app.PrintConfig","msg":"CFG: mysql.max-idle-connections=100","logger_type":"zap"}
{"level":"debug","ts":"2025-08-22T22:57:05.518+0800","caller":"app/config.go:76","func":"github.com/costa92/go-protoc/v2/pkg/app.PrintConfig","msg":"CFG: log.message-key=msg","logger_type":"zap"}
{"level":"debug","ts":"2025-08-22T22:57:05.518+0800","caller":"app/config.go:76","func":"github.com/costa92/go-protoc/v2/pkg/app.PrintConfig","msg":"CFG: log.victoria-logs.service=apiserver","logger_type":"zap"}
{"level":"debug","ts":"2025-08-22T22:57:05.518+0800","caller":"app/config.go:76","func":"github.com/costa92/go-protoc/v2/pkg/app.PrintConfig","msg":"CFG: jwt.expired=2h","logger_type":"zap"}
{"level":"debug","ts":"2025-08-22T22:57:05.518+0800","caller":"app/config.go:76","func":"github.com/costa92/go-protoc/v2/pkg/app.PrintConfig","msg":"CFG: sentry.max-breadcrumbs=100","logger_type":"zap"}
{"level":"debug","ts":"2025-08-22T22:57:05.518+0800","caller":"app/config.go:76","func":"github.com/costa92/go-protoc/v2/pkg/app.PrintConfig","msg":"CFG: redis.dial-timeout=5s","logger_type":"zap"}
{"level":"debug","ts":"2025-08-22T22:57:05.518+0800","caller":"app/config.go:76","func":"github.com/costa92/go-protoc/v2/pkg/app.PrintConfig","msg":"CFG: redis.pool-timeout=4s","logger_type":"zap"}
{"level":"debug","ts":"2025-08-22T22:57:05.518+0800","caller":"app/config.go:76","func":"github.com/costa92/go-protoc/v2/pkg/app.PrintConfig","msg":"CFG: jaeger.agent-host=127.0.0.1","logger_type":"zap"}
{"level":"debug","ts":"2025-08-22T22:57:05.518+0800","caller":"app/config.go:76","func":"github.com/costa92/go-protoc/v2/pkg/app.PrintConfig","msg":"CFG: log.encoder-config.caller-encoder=short","logger_type":"zap"}
{"level":"debug","ts":"2025-08-22T22:57:05.518+0800","caller":"app/config.go:76","func":"github.com/costa92/go-protoc/v2/pkg/app.PrintConfig","msg":"CFG: log.otlp.resource_attributes.service.version=v2.0.0","logger_type":"zap"}
{"level":"debug","ts":"2025-08-22T22:57:05.518+0800","caller":"app/config.go:76","func":"github.com/costa92/go-protoc/v2/pkg/app.PrintConfig","msg":"CFG: log.otlp.batch_size=100","logger_type":"zap"}
{"level":"debug","ts":"2025-08-22T22:57:05.518+0800","caller":"app/config.go:76","func":"github.com/costa92/go-protoc/v2/pkg/app.PrintConfig","msg":"CFG: mysql.database=protoc","logger_type":"zap"}
{"level":"debug","ts":"2025-08-22T22:57:05.518+0800","caller":"app/config.go:76","func":"github.com/costa92/go-protoc/v2/pkg/app.PrintConfig","msg":"CFG: sentry.traces-sample-rate=0.1","logger_type":"zap"}
{"level":"debug","ts":"2025-08-22T22:57:05.518+0800","caller":"app/config.go:76","func":"github.com/costa92/go-protoc/v2/pkg/app.PrintConfig","msg":"CFG: pool-monitor.namespace=apiserver","logger_type":"zap"}
{"level":"debug","ts":"2025-08-22T22:57:05.518+0800","caller":"app/config.go:76","func":"github.com/costa92/go-protoc/v2/pkg/app.PrintConfig","msg":"CFG: jaeger.env=development","logger_type":"zap"}
{"level":"debug","ts":"2025-08-22T22:57:05.518+0800","caller":"app/config.go:76","func":"github.com/costa92/go-protoc/v2/pkg/app.PrintConfig","msg":"CFG: log.level-key=level","logger_type":"zap"}
{"level":"debug","ts":"2025-08-22T22:57:05.518+0800","caller":"app/config.go:76","func":"github.com/costa92/go-protoc/v2/pkg/app.PrintConfig","msg":"CFG: redis.min-idle-conns=0","logger_type":"zap"}
{"level":"debug","ts":"2025-08-22T22:57:05.518+0800","caller":"app/config.go:76","func":"github.com/costa92/go-protoc/v2/pkg/app.PrintConfig","msg":"CFG: log.disable-caller=false","logger_type":"zap"}
{"level":"debug","ts":"2025-08-22T22:57:05.518+0800","caller":"app/config.go:76","func":"github.com/costa92/go-protoc/v2/pkg/app.PrintConfig","msg":"CFG: jaeger.sampler-type=const","logger_type":"zap"}
{"level":"debug","ts":"2025-08-22T22:57:05.518+0800","caller":"app/config.go:76","func":"github.com/costa92/go-protoc/v2/pkg/app.PrintConfig","msg":"CFG: sentry.enable-tracing=true","logger_type":"zap"}
{"level":"debug","ts":"2025-08-22T22:57:05.518+0800","caller":"app/config.go:76","func":"github.com/costa92/go-protoc/v2/pkg/app.PrintConfig","msg":"CFG: log.disable-function-at-info=true","logger_type":"zap"}
{"level":"debug","ts":"2025-08-22T22:57:05.518+0800","caller":"app/config.go:76","func":"github.com/costa92/go-protoc/v2/pkg/app.PrintConfig","msg":"CFG: pool-monitor.database.slow-query=1s","logger_type":"zap"}
{"level":"debug","ts":"2025-08-22T22:57:05.518+0800","caller":"app/config.go:76","func":"github.com/costa92/go-protoc/v2/pkg/app.PrintConfig","msg":"CFG: mysql.log-mode=1","logger_type":"zap"}
{"level":"debug","ts":"2025-08-22T22:57:05.518+0800","caller":"app/config.go:76","func":"github.com/costa92/go-protoc/v2/pkg/app.PrintConfig","msg":"CFG: log.caller-encoder=short","logger_type":"zap"}
{"level":"debug","ts":"2025-08-22T22:57:05.518+0800","caller":"app/config.go:76","func":"github.com/costa92/go-protoc/v2/pkg/app.PrintConfig","msg":"CFG: grpc.addr=0.0.0.0:9090","logger_type":"zap"}
{"level":"debug","ts":"2025-08-22T22:57:05.518+0800","caller":"app/config.go:76","func":"github.com/costa92/go-protoc/v2/pkg/app.PrintConfig","msg":"CFG: log.otlp.timeout=10s","logger_type":"zap"}
{"level":"debug","ts":"2025-08-22T22:57:05.518+0800","caller":"app/config.go:76","func":"github.com/costa92/go-protoc/v2/pkg/app.PrintConfig","msg":"CFG: log.victoria-logs.batch-size=100","logger_type":"zap"}
{"level":"debug","ts":"2025-08-22T22:57:05.518+0800","caller":"app/config.go:76","func":"github.com/costa92/go-protoc/v2/pkg/app.PrintConfig","msg":"CFG: log.compress=true","logger_type":"zap"}
{"level":"debug","ts":"2025-08-22T22:57:05.518+0800","caller":"app/config.go:76","func":"github.com/costa92/go-protoc/v2/pkg/app.PrintConfig","msg":"CFG: log.caller-skip=1","logger_type":"zap"}
{"level":"debug","ts":"2025-08-22T22:57:05.518+0800","caller":"app/config.go:76","func":"github.com/costa92/go-protoc/v2/pkg/app.PrintConfig","msg":"CFG: log.type=zap","logger_type":"zap"}
{"level":"info","ts":"2025-08-22T22:57:05.518+0800","caller":"app/server.go:67","msg":"Connection pool metrics collection is enabled through dependency injection"}
{"level":"info","ts":"2025-08-22T22:57:05.518+0800","caller":"app/server.go:68","msg":"Metrics will be automatically collected by the PoolMonitor when database connections are established"}
{"level":"info","ts":"2025-08-22T22:57:05.518+0800","caller":"app/server.go:71","msg":"Database pool monitoring enabled","slow_query_threshold":1000,"collect_interval":30000}
{"level":"info","ts":"2025-08-22T22:57:05.518+0800","caller":"app/server.go:77","msg":"Redis pool monitoring enabled","collect_interval":30000}
{"level":"info","ts":"2025-08-22T22:57:05.519+0800","caller":"apiserver/server.go:66","msg":"Initializing API server","service":"Unknown","version":"v0.0.0-master+$Format:%h$","branch":"unknown","commit":"$Format:","build_date":"1970-01-01T00:00:00Z","go_version":"go1.25.0"}
{"level":"info","ts":"2025-08-22T22:57:05.519+0800","caller":"apiserver/server.go:78","msg":"Logger configuration","level":"debug","format":"json"}
{"level":"debug","ts":"2025-08-22T22:57:05.519+0800","caller":"apiserver/server.go:79","func":"github.com/costa92/go-protoc/v2/internal/apiserver.(*Config).NewServer","msg":"Debug logging enabled","logger_type":"zap","caller_skip":2,"enable_color":false}
{"level":"info","ts":"2025-08-22T22:57:05.519+0800","caller":"apiserver/server.go:83","msg":"Validating service connections before startup..."}
{"level":"info","ts":"2025-08-22T22:57:05.519+0800","caller":"apiserver/server.go:87","msg":"Testing MySQL connection..."}
{"level":"info","ts":"2025-08-22T22:57:05.524+0800","caller":"apiserver/server.go:92","msg":"MySQL connection test passed"}
{"level":"info","ts":"2025-08-22T22:57:05.524+0800","caller":"apiserver/server.go:97","msg":"Testing Redis connection..."}
{"level":"info","ts":"2025-08-22T22:57:05.528+0800","caller":"apiserver/server.go:102","msg":"Redis connection test passed"}
{"level":"info","ts":"2025-08-22T22:57:05.528+0800","caller":"apiserver/server.go:107","msg":"Testing Jaeger connection..."}
{"level":"info","ts":"2025-08-22T22:57:05.528+0800","caller":"apiserver/server.go:112","msg":"Jaeger connection test passed"}
{"level":"info","ts":"2025-08-22T22:57:05.528+0800","caller":"apiserver/server.go:115","msg":"All service connections validated successfully"}
{"level":"info","ts":"2025-08-22T22:57:05.643+0800","caller":"server/kratos_server.go:47","msg":"Start to listening the incoming requests","protocol":"kratos"}
{"level":"fatal","ts":"2025-08-22T22:57:05.644+0800","caller":"server/kratos_server.go:49","func":"github.com/costa92/go-protoc/v2/pkg/server.(*KratosServer).RunOrDie","msg":"Failed to serve kratos application","logger_type":"zap","err":"listen tcp 0.0.0.0:9090: bind: address already in use","stacktrace":"github.com/costa92/go-protoc/v2/pkg/server.(*KratosServer).RunOrDie\n\t/Users/costalong/code/go/src/github.com/costa92/go-protoc/pkg/server/kratos_server.go:49"}
{"level":"info","ts":"2025-08-22T22:58:03.152+0800","caller":"app/app.go:284","msg":"Starting application","name":"apiserver","version":"{\"gitVersion\":\"v0.0.0-master+$Format:%h$\",\"gitCommit\":\"$Format:%H$\",\"gitTreeState\":\"\",\"gitBranch\":\"unknown\",\"buildDate\":\"1970-01-01T00:00:00Z\",\"serviceName\":\"Unknown\",\"goVersion\":\"go1.25.0\",\"compiler\":\"gc\",\"platform\":\"darwin/arm64\"}"}
{"level":"info","ts":"2025-08-22T22:58:03.153+0800","caller":"app/app.go:285","msg":"Golang settings","GOGC":"","GOMAXPROCS":"","GOTRACEBACK":""}
{"level":"info","ts":"2025-08-22T22:58:03.154+0800","caller":"app/server.go:67","msg":"Connection pool metrics collection is enabled through dependency injection"}
{"level":"info","ts":"2025-08-22T22:58:03.154+0800","caller":"app/server.go:68","msg":"Metrics will be automatically collected by the PoolMonitor when database connections are established"}
{"level":"info","ts":"2025-08-22T22:58:03.154+0800","caller":"app/server.go:71","msg":"Database pool monitoring enabled","slow_query_threshold":1000,"collect_interval":30000}
{"level":"info","ts":"2025-08-22T22:58:03.154+0800","caller":"app/server.go:77","msg":"Redis pool monitoring enabled","collect_interval":30000}
{"level":"info","ts":"2025-08-22T22:58:03.154+0800","caller":"apiserver/server.go:66","msg":"Initializing API server","service":"Unknown","version":"v0.0.0-master+$Format:%h$","branch":"unknown","commit":"$Format:","build_date":"1970-01-01T00:00:00Z","go_version":"go1.25.0"}
{"level":"info","ts":"2025-08-22T22:58:03.155+0800","caller":"apiserver/server.go:78","msg":"Logger configuration","level":"info","format":"json"}
{"level":"info","ts":"2025-08-22T22:58:03.155+0800","caller":"apiserver/server.go:83","msg":"Validating service connections before startup..."}
{"level":"info","ts":"2025-08-22T22:58:03.155+0800","caller":"apiserver/server.go:87","msg":"Testing MySQL connection..."}
{"level":"info","ts":"2025-08-22T22:58:03.164+0800","caller":"apiserver/server.go:92","msg":"MySQL connection test passed"}
{"level":"info","ts":"2025-08-22T22:58:03.164+0800","caller":"apiserver/server.go:97","msg":"Testing Redis connection..."}
{"level":"info","ts":"2025-08-22T22:58:03.167+0800","caller":"apiserver/server.go:102","msg":"Redis connection test passed"}
{"level":"info","ts":"2025-08-22T22:58:03.167+0800","caller":"apiserver/server.go:107","msg":"Testing Jaeger connection..."}
{"level":"info","ts":"2025-08-22T22:58:03.167+0800","caller":"apiserver/server.go:112","msg":"Jaeger connection test passed"}
{"level":"info","ts":"2025-08-22T22:58:03.167+0800","caller":"apiserver/server.go:115","msg":"All service connections validated successfully"}
{"level":"info","ts":"2025-08-22T22:59:08.167+0800","caller":"app/app.go:388","msg":"Logger initialized with initial fields","test_message":"initial fields test"}
{"level":"info","ts":"2025-08-22T22:59:08.167+0800","caller":"app/app.go:284","msg":"Starting application","name":"apiserver","version":"{\"gitVersion\":\"v0.0.0-master+$Format:%h$\",\"gitCommit\":\"$Format:%H$\",\"gitTreeState\":\"\",\"gitBranch\":\"unknown\",\"buildDate\":\"1970-01-01T00:00:00Z\",\"serviceName\":\"Unknown\",\"goVersion\":\"go1.25.0\",\"compiler\":\"gc\",\"platform\":\"darwin/arm64\"}"}
{"level":"info","ts":"2025-08-22T22:59:08.167+0800","caller":"app/app.go:285","msg":"Golang settings","GOGC":"","GOMAXPROCS":"","GOTRACEBACK":""}
{"level":"info","ts":"2025-08-22T22:59:08.168+0800","caller":"app/server.go:67","msg":"Connection pool metrics collection is enabled through dependency injection"}
{"level":"info","ts":"2025-08-22T22:59:08.168+0800","caller":"app/server.go:68","msg":"Metrics will be automatically collected by the PoolMonitor when database connections are established"}
{"level":"info","ts":"2025-08-22T22:59:08.168+0800","caller":"app/server.go:71","msg":"Database pool monitoring enabled","slow_query_threshold":1000,"collect_interval":30000}
{"level":"info","ts":"2025-08-22T22:59:08.168+0800","caller":"app/server.go:77","msg":"Redis pool monitoring enabled","collect_interval":30000}
{"level":"info","ts":"2025-08-22T22:59:08.168+0800","caller":"apiserver/server.go:66","msg":"Initializing API server","service":"Unknown","version":"v0.0.0-master+$Format:%h$","branch":"unknown","commit":"$Format:","build_date":"1970-01-01T00:00:00Z","go_version":"go1.25.0"}
{"level":"info","ts":"2025-08-22T22:59:08.168+0800","caller":"apiserver/server.go:78","msg":"Logger configuration","level":"info","format":"json"}
{"level":"info","ts":"2025-08-22T22:59:08.168+0800","caller":"apiserver/server.go:83","msg":"Validating service connections before startup..."}
{"level":"info","ts":"2025-08-22T22:59:08.168+0800","caller":"apiserver/server.go:87","msg":"Testing MySQL connection..."}
{"level":"info","ts":"2025-08-22T22:59:08.175+0800","caller":"apiserver/server.go:92","msg":"MySQL connection test passed"}
{"level":"info","ts":"2025-08-22T22:59:08.175+0800","caller":"apiserver/server.go:97","msg":"Testing Redis connection..."}
{"level":"info","ts":"2025-08-22T22:59:08.179+0800","caller":"apiserver/server.go:102","msg":"Redis connection test passed"}
{"level":"info","ts":"2025-08-22T22:59:08.179+0800","caller":"apiserver/server.go:107","msg":"Testing Jaeger connection..."}
{"level":"info","ts":"2025-08-22T22:59:08.179+0800","caller":"apiserver/server.go:112","msg":"Jaeger connection test passed"}
{"level":"info","ts":"2025-08-22T22:59:08.179+0800","caller":"apiserver/server.go:115","msg":"All service connections validated successfully"}
{"level":"info","ts":"2025-08-22T22:59:08.282+0800","caller":"server/kratos_server.go:47","msg":"Start to listening the incoming requests","protocol":"kratos"}
{"level":"fatal","ts":"2025-08-22T22:59:08.282+0800","caller":"server/kratos_server.go:49","func":"github.com/costa92/go-protoc/v2/pkg/server.(*KratosServer).RunOrDie","msg":"Failed to serve kratos application","err":"listen tcp 0.0.0.0:9090: bind: address already in use","stacktrace":"github.com/costa92/go-protoc/v2/pkg/server.(*KratosServer).RunOrDie\n\t/Users/costalong/code/go/src/github.com/costa92/go-protoc/pkg/server/kratos_server.go:49"}
{"level":"info","ts":"2025-08-22T23:01:32.008+0800","caller":"app/app.go:388","msg":"Logger initialized with initial fields","test_message":"initial fields test"}
{"level":"info","ts":"2025-08-22T23:01:32.008+0800","caller":"app/app.go:284","msg":"Starting application","name":"apiserver","version":"{\"gitVersion\":\"v0.0.0-master+$Format:%h$\",\"gitCommit\":\"$Format:%H$\",\"gitTreeState\":\"\",\"gitBranch\":\"unknown\",\"buildDate\":\"1970-01-01T00:00:00Z\",\"serviceName\":\"Unknown\",\"goVersion\":\"go1.25.0\",\"compiler\":\"gc\",\"platform\":\"darwin/arm64\"}"}
{"level":"info","ts":"2025-08-22T23:01:32.008+0800","caller":"app/app.go:285","msg":"Golang settings","GOGC":"","GOMAXPROCS":"","GOTRACEBACK":""}
{"level":"info","ts":"2025-08-22T23:01:32.009+0800","caller":"app/server.go:67","msg":"Connection pool metrics collection is enabled through dependency injection"}
{"level":"info","ts":"2025-08-22T23:01:32.009+0800","caller":"app/server.go:68","msg":"Metrics will be automatically collected by the PoolMonitor when database connections are established"}
{"level":"info","ts":"2025-08-22T23:01:32.009+0800","caller":"app/server.go:71","msg":"Database pool monitoring enabled","slow_query_threshold":1000,"collect_interval":30000}
{"level":"info","ts":"2025-08-22T23:01:32.009+0800","caller":"app/server.go:77","msg":"Redis pool monitoring enabled","collect_interval":30000}
{"level":"info","ts":"2025-08-22T23:01:32.009+0800","caller":"apiserver/server.go:66","msg":"Initializing API server","service":"Unknown","version":"v0.0.0-master+$Format:%h$","branch":"unknown","commit":"$Format:","build_date":"1970-01-01T00:00:00Z","go_version":"go1.25.0"}
{"level":"info","ts":"2025-08-22T23:01:32.010+0800","caller":"apiserver/server.go:78","msg":"Logger configuration","level":"info","format":"json"}
{"level":"info","ts":"2025-08-22T23:01:32.010+0800","caller":"apiserver/server.go:83","msg":"Validating service connections before startup..."}
{"level":"info","ts":"2025-08-22T23:01:32.010+0800","caller":"apiserver/server.go:87","msg":"Testing MySQL connection..."}
{"level":"info","ts":"2025-08-22T23:01:32.015+0800","caller":"apiserver/server.go:92","msg":"MySQL connection test passed"}
{"level":"info","ts":"2025-08-22T23:01:32.015+0800","caller":"apiserver/server.go:97","msg":"Testing Redis connection..."}
{"level":"info","ts":"2025-08-22T23:01:32.018+0800","caller":"apiserver/server.go:102","msg":"Redis connection test passed"}
{"level":"info","ts":"2025-08-22T23:01:32.019+0800","caller":"apiserver/server.go:107","msg":"Testing Jaeger connection..."}
{"level":"info","ts":"2025-08-22T23:01:32.019+0800","caller":"apiserver/server.go:112","msg":"Jaeger connection test passed"}
{"level":"info","ts":"2025-08-22T23:01:32.019+0800","caller":"apiserver/server.go:115","msg":"All service connections validated successfully"}
{"level":"info","ts":"2025-08-22T23:01:32.112+0800","caller":"server/kratos_server.go:47","msg":"Start to listening the incoming requests","protocol":"kratos"}
{"level":"fatal","ts":"2025-08-22T23:01:32.113+0800","caller":"server/kratos_server.go:49","func":"github.com/costa92/go-protoc/v2/pkg/server.(*KratosServer).RunOrDie","msg":"Failed to serve kratos application","service":"apiserver","version":"v2.0.0","logger_type":"zap","environment":"development","err":"listen tcp 0.0.0.0:9090: bind: address already in use","stacktrace":"github.com/costa92/go-protoc/v2/pkg/server.(*KratosServer).RunOrDie\n\t/Users/costalong/code/go/src/github.com/costa92/go-protoc/pkg/server/kratos_server.go:49"}
{"level":"info","ts":"2025-08-22T23:02:02.511+0800","caller":"app/app.go:388","msg":"Logger initialized with initial fields","test_message":"initial fields test"}
{"level":"info","ts":"2025-08-22T23:02:02.511+0800","caller":"app/app.go:284","msg":"Starting application","name":"apiserver","version":"{\"gitVersion\":\"v0.0.0-master+$Format:%h$\",\"gitCommit\":\"$Format:%H$\",\"gitTreeState\":\"\",\"gitBranch\":\"unknown\",\"buildDate\":\"1970-01-01T00:00:00Z\",\"serviceName\":\"Unknown\",\"goVersion\":\"go1.25.0\",\"compiler\":\"gc\",\"platform\":\"darwin/arm64\"}"}
{"level":"info","ts":"2025-08-22T23:02:02.511+0800","caller":"app/app.go:285","msg":"Golang settings","GOGC":"","GOMAXPROCS":"","GOTRACEBACK":""}
{"level":"info","ts":"2025-08-22T23:02:02.512+0800","caller":"app/server.go:67","msg":"Connection pool metrics collection is enabled through dependency injection"}
{"level":"info","ts":"2025-08-22T23:02:02.512+0800","caller":"app/server.go:68","msg":"Metrics will be automatically collected by the PoolMonitor when database connections are established"}
{"level":"info","ts":"2025-08-22T23:02:02.512+0800","caller":"app/server.go:71","msg":"Database pool monitoring enabled","slow_query_threshold":1000,"collect_interval":30000}
{"level":"info","ts":"2025-08-22T23:02:02.512+0800","caller":"app/server.go:77","msg":"Redis pool monitoring enabled","collect_interval":30000}
{"level":"info","ts":"2025-08-22T23:02:02.513+0800","caller":"apiserver/server.go:66","msg":"Initializing API server","service":"Unknown","version":"v0.0.0-master+$Format:%h$","branch":"unknown","commit":"$Format:","build_date":"1970-01-01T00:00:00Z","go_version":"go1.25.0"}
{"level":"info","ts":"2025-08-22T23:02:02.513+0800","caller":"apiserver/server.go:78","msg":"Logger configuration","level":"info","format":"json"}
{"level":"info","ts":"2025-08-22T23:02:02.513+0800","caller":"apiserver/server.go:83","msg":"Validating service connections before startup..."}
{"level":"info","ts":"2025-08-22T23:02:02.513+0800","caller":"apiserver/server.go:87","msg":"Testing MySQL connection..."}
{"level":"info","ts":"2025-08-22T23:02:02.517+0800","caller":"apiserver/server.go:92","msg":"MySQL connection test passed"}
{"level":"info","ts":"2025-08-22T23:02:02.517+0800","caller":"apiserver/server.go:97","msg":"Testing Redis connection..."}
{"level":"info","ts":"2025-08-22T23:02:02.520+0800","caller":"apiserver/server.go:102","msg":"Redis connection test passed"}
{"level":"info","ts":"2025-08-22T23:02:02.520+0800","caller":"apiserver/server.go:107","msg":"Testing Jaeger connection..."}
{"level":"info","ts":"2025-08-22T23:02:02.520+0800","caller":"apiserver/server.go:112","msg":"Jaeger connection test passed"}
{"level":"info","ts":"2025-08-22T23:02:02.520+0800","caller":"apiserver/server.go:115","msg":"All service connections validated successfully"}
{"level":"info","ts":"2025-08-22T23:02:02.617+0800","caller":"server/kratos_server.go:47","msg":"Start to listening the incoming requests","protocol":"kratos"}
{"level":"fatal","ts":"2025-08-22T23:02:02.617+0800","caller":"server/kratos_server.go:49","func":"github.com/costa92/go-protoc/v2/pkg/server.(*KratosServer).RunOrDie","msg":"Failed to serve kratos application","logger_type":"zap","environment":"development","service":"apiserver","version":"v2.0.0","err":"listen tcp 0.0.0.0:9090: bind: address already in use","stacktrace":"github.com/costa92/go-protoc/v2/pkg/server.(*KratosServer).RunOrDie\n\t/Users/costalong/code/go/src/github.com/costa92/go-protoc/pkg/server/kratos_server.go:49"}
{"level":"info","ts":"2025-08-22T23:05:15.266+0800","caller":"app/app.go:284","msg":"Starting application","name":"apiserver","version":"{\"gitVersion\":\"v0.0.0-master+$Format:%h$\",\"gitCommit\":\"$Format:%H$\",\"gitTreeState\":\"\",\"gitBranch\":\"unknown\",\"buildDate\":\"1970-01-01T00:00:00Z\",\"serviceName\":\"Unknown\",\"goVersion\":\"go1.25.0\",\"compiler\":\"gc\",\"platform\":\"darwin/arm64\"}"}
{"level":"info","ts":"2025-08-22T23:05:15.266+0800","caller":"app/app.go:285","msg":"Golang settings","GOGC":"","GOMAXPROCS":"","GOTRACEBACK":""}
{"level":"info","ts":"2025-08-22T23:05:15.267+0800","caller":"app/server.go:67","msg":"Connection pool metrics collection is enabled through dependency injection"}
{"level":"info","ts":"2025-08-22T23:05:15.267+0800","caller":"app/server.go:68","msg":"Metrics will be automatically collected by the PoolMonitor when database connections are established"}
{"level":"info","ts":"2025-08-22T23:05:15.267+0800","caller":"app/server.go:71","msg":"Database pool monitoring enabled","slow_query_threshold":1000,"collect_interval":30000}
{"level":"info","ts":"2025-08-22T23:05:15.267+0800","caller":"app/server.go:77","msg":"Redis pool monitoring enabled","collect_interval":30000}
{"level":"info","ts":"2025-08-22T23:05:15.268+0800","caller":"apiserver/server.go:66","msg":"Initializing API server","service":"Unknown","version":"v0.0.0-master+$Format:%h$","branch":"unknown","commit":"$Format:","build_date":"1970-01-01T00:00:00Z","go_version":"go1.25.0"}
{"level":"info","ts":"2025-08-22T23:05:15.268+0800","caller":"apiserver/server.go:78","msg":"Logger configuration","level":"info","format":"json"}
{"level":"info","ts":"2025-08-22T23:05:15.268+0800","caller":"apiserver/server.go:83","msg":"Validating service connections before startup..."}
{"level":"info","ts":"2025-08-22T23:05:15.268+0800","caller":"apiserver/server.go:87","msg":"Testing MySQL connection..."}
{"level":"info","ts":"2025-08-22T23:05:15.274+0800","caller":"apiserver/server.go:92","msg":"MySQL connection test passed"}
{"level":"info","ts":"2025-08-22T23:05:15.274+0800","caller":"apiserver/server.go:97","msg":"Testing Redis connection..."}
{"level":"info","ts":"2025-08-22T23:05:15.277+0800","caller":"apiserver/server.go:102","msg":"Redis connection test passed"}
{"level":"info","ts":"2025-08-22T23:05:15.277+0800","caller":"apiserver/server.go:107","msg":"Testing Jaeger connection..."}
{"level":"info","ts":"2025-08-22T23:05:15.277+0800","caller":"apiserver/server.go:112","msg":"Jaeger connection test passed"}
{"level":"info","ts":"2025-08-22T23:05:15.277+0800","caller":"apiserver/server.go:115","msg":"All service connections validated successfully"}
{"level":"info","ts":"2025-08-22T23:05:15.373+0800","caller":"server/kratos_server.go:47","msg":"Start to listening the incoming requests","protocol":"kratos"}
{"level":"fatal","ts":"2025-08-22T23:05:15.373+0800","caller":"server/kratos_server.go:49","func":"github.com/costa92/go-protoc/v2/pkg/server.(*KratosServer).RunOrDie","msg":"Failed to serve kratos application","service":"apiserver","version":"v2.0.0","logger_type":"zap","environment":"development","err":"listen tcp 0.0.0.0:8080: bind: address already in use","stacktrace":"github.com/costa92/go-protoc/v2/pkg/server.(*KratosServer).RunOrDie\n\t/Users/costalong/code/go/src/github.com/costa92/go-protoc/pkg/server/kratos_server.go:49"}
{"level":"error","ts":"2025-08-22T23:06:06.495+0800","caller":"handler/user.go:14","func":"github.com/costa92/go-protoc/v2/internal/apiserver/handler.(*Handler).GetUser","msg":"GetUser failed","type":"zap","error":"business logic error","user_id":"1","stacktrace":"github.com/costa92/go-protoc/v2/internal/apiserver/handler.(*Handler).GetUser\n\t/Users/costalong/code/go/src/github.com/costa92/go-protoc/internal/apiserver/handler/user.go:14\ngithub.com/costa92/go-protoc/v2/pkg/api/apiserver/v1.RegisterApiServerHTTPServer._ApiServer_GetUser0_HTTP_Handler.func1.1\n\t/Users/costalong/code/go/src/github.com/costa92/go-protoc/pkg/api/apiserver/v1/apiserver_http.pb.go:47\ngithub.com/costa92/go-protoc/v2/internal/apiserver.NewMiddlewares.Server.func5.1\n\t/Users/costalong/code/go/src/github.com/costa92/go-protoc/internal/pkg/middleware/logging/logging.go:107\ngithub.com/costa92/go-protoc/v2/internal/pkg/middleware/i18n.Translator.func1.1\n\t/Users/costalong/code/go/src/github.com/costa92/go-protoc/internal/pkg/middleware/i18n/i18n.go:28\ngithub.com/costa92/go-protoc/v2/internal/pkg/middleware/tracing.Server.func1.1\n\t/Users/costalong/code/go/src/github.com/costa92/go-protoc/internal/pkg/middleware/tracing/tracing.go:62\ngithub.com/costa92/go-protoc/v2/internal/apiserver.NewMiddlewares.ServerJWTAuth.func2.1\n\t/Users/costalong/code/go/src/github.com/costa92/go-protoc/pkg/middleware/authn/jwt_auth.go:102\ngithub.com/costa92/go-protoc/v2/internal/apiserver.NewMiddlewares.Validator.func1.1\n\t/Users/costalong/code/go/src/github.com/costa92/go-protoc/internal/pkg/middleware/validate/validate_kratos.go:38\ngithub.com/costa92/go-protoc/v2/pkg/api/apiserver/v1.RegisterApiServerHTTPServer._ApiServer_GetUser0_HTTP_Handler.func1\n\t/Users/costalong/code/go/src/github.com/costa92/go-protoc/pkg/api/apiserver/v1/apiserver_http.pb.go:49\ngithub.com/go-kratos/kratos/v2/transport/http.(*Router).Handle.func1\n\t/Users/costalong/.gvm/pkgsets/go1.25/global/pkg/mod/github.com/go-kratos/kratos/v2@v2.8.3/transport/http/router.go:49\nnet/http.HandlerFunc.ServeHTTP\n\t/Users/costalong/.gvm/gos/go1.25/src/net/http/server.go:2322\ngithub.com/go-kratos/kratos/v2/transport/http.NewServer.(*Server).filter.func1.1\n\t/Users/costalong/.gvm/pkgsets/go1.25/global/pkg/mod/github.com/go-kratos/kratos/v2@v2.8.3/transport/http/server.go:305\nnet/http.HandlerFunc.ServeHTTP\n\t/Users/costalong/.gvm/gos/go1.25/src/net/http/server.go:2322\ngithub.com/gorilla/mux.(*Router).ServeHTTP\n\t/Users/costalong/.gvm/pkgsets/go1.25/global/pkg/mod/github.com/gorilla/mux@v1.8.1/mux.go:212\ngithub.com/gorilla/handlers.(*cors).ServeHTTP\n\t/Users/costalong/.gvm/pkgsets/go1.25/global/pkg/mod/github.com/gorilla/handlers@v1.5.2/cors.go:54\nnet/http.serverHandler.ServeHTTP\n\t/Users/costalong/.gvm/gos/go1.25/src/net/http/server.go:3340\nnet/http.(*conn).serve\n\t/Users/costalong/.gvm/gos/go1.25/src/net/http/server.go:2109"}
{"level":"info","ts":"2025-08-22T23:06:06.532+0800","caller":"logger/kratos_adapter.go:40","msg":"apiserver.v1.ApiServer.GetUser","ts":"2025-08-22T23:06:06+08:00","caller":"runtime/asm_arm64.s:1268","kind":"server","component":"http","operation":"/apiserver.v1.ApiServer/GetUser","args":"id:\"1\"","code":0,"reason":"","stack":"","latency":0.036831166}
{"level":"error","ts":"2025-08-22T23:06:11.331+0800","caller":"handler/user.go:14","func":"github.com/costa92/go-protoc/v2/internal/apiserver/handler.(*Handler).GetUser","msg":"GetUser failed","type":"zap","error":"business logic error","user_id":"1","stacktrace":"github.com/costa92/go-protoc/v2/internal/apiserver/handler.(*Handler).GetUser\n\t/Users/costalong/code/go/src/github.com/costa92/go-protoc/internal/apiserver/handler/user.go:14\ngithub.com/costa92/go-protoc/v2/pkg/api/apiserver/v1.RegisterApiServerHTTPServer._ApiServer_GetUser0_HTTP_Handler.func1.1\n\t/Users/costalong/code/go/src/github.com/costa92/go-protoc/pkg/api/apiserver/v1/apiserver_http.pb.go:47\ngithub.com/costa92/go-protoc/v2/internal/apiserver.NewMiddlewares.Server.func5.1\n\t/Users/costalong/code/go/src/github.com/costa92/go-protoc/internal/pkg/middleware/logging/logging.go:107\ngithub.com/costa92/go-protoc/v2/internal/pkg/middleware/i18n.Translator.func1.1\n\t/Users/costalong/code/go/src/github.com/costa92/go-protoc/internal/pkg/middleware/i18n/i18n.go:28\ngithub.com/costa92/go-protoc/v2/internal/pkg/middleware/tracing.Server.func1.1\n\t/Users/costalong/code/go/src/github.com/costa92/go-protoc/internal/pkg/middleware/tracing/tracing.go:62\ngithub.com/costa92/go-protoc/v2/internal/apiserver.NewMiddlewares.ServerJWTAuth.func2.1\n\t/Users/costalong/code/go/src/github.com/costa92/go-protoc/pkg/middleware/authn/jwt_auth.go:102\ngithub.com/costa92/go-protoc/v2/internal/apiserver.NewMiddlewares.Validator.func1.1\n\t/Users/costalong/code/go/src/github.com/costa92/go-protoc/internal/pkg/middleware/validate/validate_kratos.go:38\ngithub.com/costa92/go-protoc/v2/pkg/api/apiserver/v1.RegisterApiServerHTTPServer._ApiServer_GetUser0_HTTP_Handler.func1\n\t/Users/costalong/code/go/src/github.com/costa92/go-protoc/pkg/api/apiserver/v1/apiserver_http.pb.go:49\ngithub.com/go-kratos/kratos/v2/transport/http.(*Router).Handle.func1\n\t/Users/costalong/.gvm/pkgsets/go1.25/global/pkg/mod/github.com/go-kratos/kratos/v2@v2.8.3/transport/http/router.go:49\nnet/http.HandlerFunc.ServeHTTP\n\t/Users/costalong/.gvm/gos/go1.25/src/net/http/server.go:2322\ngithub.com/go-kratos/kratos/v2/transport/http.NewServer.(*Server).filter.func1.1\n\t/Users/costalong/.gvm/pkgsets/go1.25/global/pkg/mod/github.com/go-kratos/kratos/v2@v2.8.3/transport/http/server.go:305\nnet/http.HandlerFunc.ServeHTTP\n\t/Users/costalong/.gvm/gos/go1.25/src/net/http/server.go:2322\ngithub.com/gorilla/mux.(*Router).ServeHTTP\n\t/Users/costalong/.gvm/pkgsets/go1.25/global/pkg/mod/github.com/gorilla/mux@v1.8.1/mux.go:212\ngithub.com/gorilla/handlers.(*cors).ServeHTTP\n\t/Users/costalong/.gvm/pkgsets/go1.25/global/pkg/mod/github.com/gorilla/handlers@v1.5.2/cors.go:54\nnet/http.serverHandler.ServeHTTP\n\t/Users/costalong/.gvm/gos/go1.25/src/net/http/server.go:3340\nnet/http.(*conn).serve\n\t/Users/costalong/.gvm/gos/go1.25/src/net/http/server.go:2109"}
{"level":"info","ts":"2025-08-22T23:06:32.334+0800","caller":"app/app.go:284","msg":"Starting application","name":"apiserver","version":"{\"gitVersion\":\"v0.0.0-master+$Format:%h$\",\"gitCommit\":\"$Format:%H$\",\"gitTreeState\":\"\",\"gitBranch\":\"unknown\",\"buildDate\":\"1970-01-01T00:00:00Z\",\"serviceName\":\"Unknown\",\"goVersion\":\"go1.25.0\",\"compiler\":\"gc\",\"platform\":\"darwin/arm64\"}"}
{"level":"info","ts":"2025-08-22T23:06:32.334+0800","caller":"app/app.go:285","msg":"Golang settings","GOGC":"","GOMAXPROCS":"","GOTRACEBACK":""}
{"level":"debug","ts":"2025-08-22T23:06:32.334+0800","caller":"app/config.go:76","func":"github.com/costa92/go-protoc/v2/pkg/app.PrintConfig","msg":"CFG: log.output-paths=[stdout logs/apiserver/app.log]","logger_type":"zap","environment":"development","service":"apiserver","version":"v2.0.0"}
{"level":"debug","ts":"2025-08-22T23:06:32.334+0800","caller":"app/config.go:76","func":"github.com/costa92/go-protoc/v2/pkg/app.PrintConfig","msg":"CFG: log.encoding=json","logger_type":"zap","environment":"development","service":"apiserver","version":"v2.0.0"}
{"level":"debug","ts":"2025-08-22T23:06:32.334+0800","caller":"app/config.go:76","func":"github.com/costa92/go-protoc/v2/pkg/app.PrintConfig","msg":"CFG: log.type=zap","logger_type":"zap","environment":"development","service":"apiserver","version":"v2.0.0"}
{"level":"debug","ts":"2025-08-22T23:06:32.334+0800","caller":"app/config.go:76","func":"github.com/costa92/go-protoc/v2/pkg/app.PrintConfig","msg":"CFG: mysql.max-open-connections=100","logger_type":"zap","environment":"development","service":"apiserver","version":"v2.0.0"}
{"level":"debug","ts":"2025-08-22T23:06:32.334+0800","caller":"app/config.go:76","func":"github.com/costa92/go-protoc/v2/pkg/app.PrintConfig","msg":"CFG: jwt.expired=2h","logger_type":"zap","environment":"development","service":"apiserver","version":"v2.0.0"}
{"level":"debug","ts":"2025-08-22T23:06:32.334+0800","caller":"app/config.go:76","func":"github.com/costa92/go-protoc/v2/pkg/app.PrintConfig","msg":"CFG: pool-monitor.enabled=true","logger_type":"zap","environment":"development","service":"apiserver","version":"v2.0.0"}
{"level":"debug","ts":"2025-08-22T23:06:32.334+0800","caller":"app/config.go:76","func":"github.com/costa92/go-protoc/v2/pkg/app.PrintConfig","msg":"CFG: help=false","logger_type":"zap","environment":"development","service":"apiserver","version":"v2.0.0"}
{"level":"debug","ts":"2025-08-22T23:06:32.334+0800","caller":"app/config.go:76","func":"github.com/costa92/go-protoc/v2/pkg/app.PrintConfig","msg":"CFG: log.caller-key=caller","logger_type":"zap","environment":"development","service":"apiserver","version":"v2.0.0"}
{"level":"debug","ts":"2025-08-22T23:06:32.334+0800","caller":"app/config.go:76","func":"github.com/costa92/go-protoc/v2/pkg/app.PrintConfig","msg":"CFG: log-flush-frequency=5s","logger_type":"zap","environment":"development","service":"apiserver","version":"v2.0.0"}
{"level":"debug","ts":"2025-08-22T23:06:32.335+0800","caller":"app/config.go:76","func":"github.com/costa92/go-protoc/v2/pkg/app.PrintConfig","msg":"CFG: redis.password=","logger_type":"zap","environment":"development","service":"apiserver","version":"v2.0.0"}
{"level":"debug","ts":"2025-08-22T23:06:32.335+0800","caller":"app/config.go:76","func":"github.com/costa92/go-protoc/v2/pkg/app.PrintConfig","msg":"CFG: sentry.ignore-errors=[]","logger_type":"zap","environment":"development","service":"apiserver","version":"v2.0.0"}
{"level":"debug","ts":"2025-08-22T23:06:32.335+0800","caller":"app/config.go:76","func":"github.com/costa92/go-protoc/v2/pkg/app.PrintConfig","msg":"CFG: log.encoder-config.caller-key=caller","logger_type":"zap","environment":"development","service":"apiserver","version":"v2.0.0"}
{"level":"debug","ts":"2025-08-22T23:06:32.335+0800","caller":"app/config.go:76","func":"github.com/costa92/go-protoc/v2/pkg/app.PrintConfig","msg":"CFG: log.victoria-logs.buffer-size=1000","logger_type":"zap","environment":"development","service":"apiserver","version":"v2.0.0"}
{"level":"debug","ts":"2025-08-22T23:06:32.335+0800","caller":"app/config.go:76","func":"github.com/costa92/go-protoc/v2/pkg/app.PrintConfig","msg":"CFG: log.victoria-logs.endpoint=http://127.0.0.1:9428","logger_type":"zap","environment":"development","service":"apiserver","version":"v2.0.0"}
{"level":"debug","ts":"2025-08-22T23:06:32.335+0800","caller":"app/config.go:76","func":"github.com/costa92/go-protoc/v2/pkg/app.PrintConfig","msg":"CFG: redis.database=0","logger_type":"zap","environment":"development","service":"apiserver","version":"v2.0.0"}
{"level":"debug","ts":"2025-08-22T23:06:32.335+0800","caller":"app/config.go:76","func":"github.com/costa92/go-protoc/v2/pkg/app.PrintConfig","msg":"CFG: pool-monitor.redis.enabled=true","logger_type":"zap","environment":"development","service":"apiserver","version":"v2.0.0"}
{"level":"debug","ts":"2025-08-22T23:06:32.335+0800","caller":"app/config.go:76","func":"github.com/costa92/go-protoc/v2/pkg/app.PrintConfig","msg":"CFG: pool-monitor.database.enabled=true","logger_type":"zap","environment":"development","service":"apiserver","version":"v2.0.0"}
{"level":"debug","ts":"2025-08-22T23:06:32.335+0800","caller":"app/config.go:76","func":"github.com/costa92/go-protoc/v2/pkg/app.PrintConfig","msg":"CFG: mysql.database=protoc","logger_type":"zap","environment":"development","service":"apiserver","version":"v2.0.0"}
{"level":"debug","ts":"2025-08-22T23:06:32.335+0800","caller":"app/config.go:76","func":"github.com/costa92/go-protoc/v2/pkg/app.PrintConfig","msg":"CFG: jwt.key=onex(#)666","logger_type":"zap","environment":"development","service":"apiserver","version":"v2.0.0"}
{"level":"debug","ts":"2025-08-22T23:06:32.335+0800","caller":"app/config.go:76","func":"github.com/costa92/go-protoc/v2/pkg/app.PrintConfig","msg":"CFG: redis.max-retries=3","logger_type":"zap","environment":"development","service":"apiserver","version":"v2.0.0"}
{"level":"debug","ts":"2025-08-22T23:06:32.335+0800","caller":"app/config.go:76","func":"github.com/costa92/go-protoc/v2/pkg/app.PrintConfig","msg":"CFG: log.caller-encoder=short","logger_type":"zap","environment":"development","service":"apiserver","version":"v2.0.0"}
{"level":"debug","ts":"2025-08-22T23:06:32.335+0800","caller":"app/config.go:76","func":"github.com/costa92/go-protoc/v2/pkg/app.PrintConfig","msg":"CFG: sentry.dsn=","logger_type":"zap","environment":"development","service":"apiserver","version":"v2.0.0"}
{"level":"debug","ts":"2025-08-22T23:06:32.335+0800","caller":"app/config.go:76","func":"github.com/costa92/go-protoc/v2/pkg/app.PrintConfig","msg":"CFG: mysql.host=127.0.0.1","logger_type":"zap","environment":"development","service":"apiserver","version":"v2.0.0"}
{"level":"debug","ts":"2025-08-22T23:06:32.335+0800","caller":"app/config.go:76","func":"github.com/costa92/go-protoc/v2/pkg/app.PrintConfig","msg":"CFG: mysql.log-level=1","logger_type":"zap","environment":"development","service":"apiserver","version":"v2.0.0"}
{"level":"debug","ts":"2025-08-22T23:06:32.335+0800","caller":"app/config.go:76","func":"github.com/costa92/go-protoc/v2/pkg/app.PrintConfig","msg":"CFG: redis.enable-trace=true","logger_type":"zap","environment":"development","service":"apiserver","version":"v2.0.0"}
{"level":"debug","ts":"2025-08-22T23:06:32.335+0800","caller":"app/config.go:76","func":"github.com/costa92/go-protoc/v2/pkg/app.PrintConfig","msg":"CFG: jaeger.reporter-log-spans=true","logger_type":"zap","environment":"development","service":"apiserver","version":"v2.0.0"}
{"level":"debug","ts":"2025-08-22T23:06:32.335+0800","caller":"app/config.go:76","func":"github.com/costa92/go-protoc/v2/pkg/app.PrintConfig","msg":"CFG: sentry.traces-sample-rate=0.1","logger_type":"zap","environment":"development","service":"apiserver","version":"v2.0.0"}
{"level":"debug","ts":"2025-08-22T23:06:32.335+0800","caller":"app/config.go:76","func":"github.com/costa92/go-protoc/v2/pkg/app.PrintConfig","msg":"CFG: log.caller-skip=1","logger_type":"zap","environment":"development","service":"apiserver","version":"v2.0.0"}
{"level":"debug","ts":"2025-08-22T23:06:32.335+0800","caller":"app/config.go:76","func":"github.com/costa92/go-protoc/v2/pkg/app.PrintConfig","msg":"CFG: sentry.send-default-pii=false","logger_type":"zap","environment":"development","service":"apiserver","version":"v2.0.0"}
{"level":"debug","ts":"2025-08-22T23:06:32.335+0800","caller":"app/config.go:76","func":"github.com/costa92/go-protoc/v2/pkg/app.PrintConfig","msg":"CFG: log.encoder-config.level-encoder=lowercase","logger_type":"zap","environment":"development","service":"apiserver","version":"v2.0.0"}
{"level":"debug","ts":"2025-08-22T23:06:32.335+0800","caller":"app/config.go:76","func":"github.com/costa92/go-protoc/v2/pkg/app.PrintConfig","msg":"CFG: log.initial-fields.service=apiserver","logger_type":"zap","environment":"development","service":"apiserver","version":"v2.0.0"}
{"level":"debug","ts":"2025-08-22T23:06:32.335+0800","caller":"app/config.go:76","func":"github.com/costa92/go-protoc/v2/pkg/app.PrintConfig","msg":"CFG: log.encoder-config.time-key=ts","logger_type":"zap","environment":"development","service":"apiserver","version":"v2.0.0"}
{"level":"debug","ts":"2025-08-22T23:06:32.335+0800","caller":"app/config.go:76","func":"github.com/costa92/go-protoc/v2/pkg/app.PrintConfig","msg":"CFG: log.victoria-logs.flush-interval=5","logger_type":"zap","environment":"development","service":"apiserver","version":"v2.0.0"}
{"level":"debug","ts":"2025-08-22T23:06:32.335+0800","caller":"app/config.go:76","func":"github.com/costa92/go-protoc/v2/pkg/app.PrintConfig","msg":"CFG: log.otlp.resource_attributes.service.namespace=go-protoc","logger_type":"zap","environment":"development","service":"apiserver","version":"v2.0.0"}
{"level":"debug","ts":"2025-08-22T23:06:32.335+0800","caller":"app/config.go:76","func":"github.com/costa92/go-protoc/v2/pkg/app.PrintConfig","msg":"CFG: jaeger.server=127.0.0.1:6831","logger_type":"zap","environment":"development","service":"apiserver","version":"v2.0.0"}
{"level":"debug","ts":"2025-08-22T23:06:32.335+0800","caller":"app/config.go:76","func":"github.com/costa92/go-protoc/v2/pkg/app.PrintConfig","msg":"CFG: redis.pool-size=10","logger_type":"zap","environment":"development","service":"apiserver","version":"v2.0.0"}
{"level":"debug","ts":"2025-08-22T23:06:32.335+0800","caller":"app/config.go:76","func":"github.com/costa92/go-protoc/v2/pkg/app.PrintConfig","msg":"CFG: grpc.addr=0.0.0.0:9090","logger_type":"zap","environment":"development","service":"apiserver","version":"v2.0.0"}
{"level":"debug","ts":"2025-08-22T23:06:32.335+0800","caller":"app/config.go:76","func":"github.com/costa92/go-protoc/v2/pkg/app.PrintConfig","msg":"CFG: log.initial-fields.version=v2.0.0","logger_type":"zap","environment":"development","service":"apiserver","version":"v2.0.0"}
{"level":"debug","ts":"2025-08-22T23:06:32.335+0800","caller":"app/config.go:76","func":"github.com/costa92/go-protoc/v2/pkg/app.PrintConfig","msg":"CFG: jaeger.service-name=apiserver","logger_type":"zap","environment":"development","service":"apiserver","version":"v2.0.0"}
{"level":"debug","ts":"2025-08-22T23:06:32.335+0800","caller":"app/config.go:76","func":"github.com/costa92/go-protoc/v2/pkg/app.PrintConfig","msg":"CFG: http.addr=0.0.0.0:8080","logger_type":"zap","environment":"development","service":"apiserver","version":"v2.0.0"}
{"level":"debug","ts":"2025-08-22T23:06:32.335+0800","caller":"app/config.go:76","func":"github.com/costa92/go-protoc/v2/pkg/app.PrintConfig","msg":"CFG: config=configs/apiserver.yaml","logger_type":"zap","environment":"development","service":"apiserver","version":"v2.0.0"}
{"level":"debug","ts":"2025-08-22T23:06:32.335+0800","caller":"app/config.go:76","func":"github.com/costa92/go-protoc/v2/pkg/app.PrintConfig","msg":"CFG: log.enable-color=false","logger_type":"zap","environment":"development","service":"apiserver","version":"v2.0.0"}
{"level":"debug","ts":"2025-08-22T23:06:32.335+0800","caller":"app/config.go:76","func":"github.com/costa92/go-protoc/v2/pkg/app.PrintConfig","msg":"CFG: log.encoder-config.stacktrace-key=stacktrace","logger_type":"zap","environment":"development","service":"apiserver","version":"v2.0.0"}
{"level":"debug","ts":"2025-08-22T23:06:32.335+0800","caller":"app/config.go:76","func":"github.com/costa92/go-protoc/v2/pkg/app.PrintConfig","msg":"CFG: log.victoria-logs.environment=development","logger_type":"zap","environment":"development","service":"apiserver","version":"v2.0.0"}
{"level":"debug","ts":"2025-08-22T23:06:32.335+0800","caller":"app/config.go:76","func":"github.com/costa92/go-protoc/v2/pkg/app.PrintConfig","msg":"CFG: mysql.max-connection-life-time=10s","logger_type":"zap","environment":"development","service":"apiserver","version":"v2.0.0"}
{"level":"debug","ts":"2025-08-22T23:06:32.335+0800","caller":"app/config.go:76","func":"github.com/costa92/go-protoc/v2/pkg/app.PrintConfig","msg":"CFG: log.format=json","logger_type":"zap","environment":"development","service":"apiserver","version":"v2.0.0"}
{"level":"debug","ts":"2025-08-22T23:06:32.335+0800","caller":"app/config.go:76","func":"github.com/costa92/go-protoc/v2/pkg/app.PrintConfig","msg":"CFG: log.otlp.timeout=10s","logger_type":"zap","environment":"development","service":"apiserver","version":"v2.0.0"}
{"level":"debug","ts":"2025-08-22T23:06:32.335+0800","caller":"app/config.go:76","func":"github.com/costa92/go-protoc/v2/pkg/app.PrintConfig","msg":"CFG: log.otlp.resource_attributes.service.name=apiserver","logger_type":"zap","environment":"development","service":"apiserver","version":"v2.0.0"}
{"level":"debug","ts":"2025-08-22T23:06:32.335+0800","caller":"app/config.go:76","func":"github.com/costa92/go-protoc/v2/pkg/app.PrintConfig","msg":"CFG: log.time-encoder=iso8601","logger_type":"zap","environment":"development","service":"apiserver","version":"v2.0.0"}
{"level":"debug","ts":"2025-08-22T23:06:32.335+0800","caller":"app/config.go:76","func":"github.com/costa92/go-protoc/v2/pkg/app.PrintConfig","msg":"CFG: log.compress=true","logger_type":"zap","environment":"development","service":"apiserver","version":"v2.0.0"}
{"level":"debug","ts":"2025-08-22T23:06:32.335+0800","caller":"app/config.go:76","func":"github.com/costa92/go-protoc/v2/pkg/app.PrintConfig","msg":"CFG: log.encoder-config.caller-encoder=short","logger_type":"zap","environment":"development","service":"apiserver","version":"v2.0.0"}
{"level":"debug","ts":"2025-08-22T23:06:32.335+0800","caller":"app/config.go:76","func":"github.com/costa92/go-protoc/v2/pkg/app.PrintConfig","msg":"CFG: sentry.debug=false","logger_type":"zap","environment":"development","service":"apiserver","version":"v2.0.0"}
{"level":"debug","ts":"2025-08-22T23:06:32.335+0800","caller":"app/config.go:76","func":"github.com/costa92/go-protoc/v2/pkg/app.PrintConfig","msg":"CFG: jaeger.enabled=true","logger_type":"zap","environment":"development","service":"apiserver","version":"v2.0.0"}
{"level":"debug","ts":"2025-08-22T23:06:32.335+0800","caller":"app/config.go:76","func":"github.com/costa92/go-protoc/v2/pkg/app.PrintConfig","msg":"CFG: sentry.sample-rate=1","logger_type":"zap","environment":"development","service":"apiserver","version":"v2.0.0"}
{"level":"debug","ts":"2025-08-22T23:06:32.335+0800","caller":"app/config.go:76","func":"github.com/costa92/go-protoc/v2/pkg/app.PrintConfig","msg":"CFG: log.function-key=func","logger_type":"zap","environment":"development","service":"apiserver","version":"v2.0.0"}
{"level":"debug","ts":"2025-08-22T23:06:32.335+0800","caller":"app/config.go:76","func":"github.com/costa92/go-protoc/v2/pkg/app.PrintConfig","msg":"CFG: log.level=debug","logger_type":"zap","environment":"development","service":"apiserver","version":"v2.0.0"}
{"level":"debug","ts":"2025-08-22T23:06:32.335+0800","caller":"app/config.go:76","func":"github.com/costa92/go-protoc/v2/pkg/app.PrintConfig","msg":"CFG: log.level-key=level","logger_type":"zap","environment":"development","service":"apiserver","version":"v2.0.0"}
{"level":"debug","ts":"2025-08-22T23:06:32.335+0800","caller":"app/config.go:76","func":"github.com/costa92/go-protoc/v2/pkg/app.PrintConfig","msg":"CFG: log.victoria-logs.version=v2.0.0","logger_type":"zap","environment":"development","service":"apiserver","version":"v2.0.0"}
{"level":"debug","ts":"2025-08-22T23:06:32.335+0800","caller":"app/config.go:76","func":"github.com/costa92/go-protoc/v2/pkg/app.PrintConfig","msg":"CFG: redis.username=","logger_type":"zap","environment":"development","service":"apiserver","version":"v2.0.0"}
{"level":"debug","ts":"2025-08-22T23:06:32.335+0800","caller":"app/config.go:76","func":"github.com/costa92/go-protoc/v2/pkg/app.PrintConfig","msg":"CFG: http.network=tcp","logger_type":"zap","environment":"development","service":"apiserver","version":"v2.0.0"}
{"level":"debug","ts":"2025-08-22T23:06:32.335+0800","caller":"app/config.go:76","func":"github.com/costa92/go-protoc/v2/pkg/app.PrintConfig","msg":"CFG: log.time-key=ts","logger_type":"zap","environment":"development","service":"apiserver","version":"v2.0.0"}
{"level":"debug","ts":"2025-08-22T23:06:32.335+0800","caller":"app/config.go:76","func":"github.com/costa92/go-protoc/v2/pkg/app.PrintConfig","msg":"CFG: sentry.max-breadcrumbs=100","logger_type":"zap","environment":"development","service":"apiserver","version":"v2.0.0"}
{"level":"debug","ts":"2025-08-22T23:06:32.335+0800","caller":"app/config.go:76","func":"github.com/costa92/go-protoc/v2/pkg/app.PrintConfig","msg":"CFG: mysql.password=proj(#)666","logger_type":"zap","environment":"development","service":"apiserver","version":"v2.0.0"}
{"level":"debug","ts":"2025-08-22T23:06:32.335+0800","caller":"app/config.go:76","func":"github.com/costa92/go-protoc/v2/pkg/app.PrintConfig","msg":"CFG: pool-monitor.collect-interval=30s","logger_type":"zap","environment":"development","service":"apiserver","version":"v2.0.0"}
{"level":"debug","ts":"2025-08-22T23:06:32.335+0800","caller":"app/config.go:76","func":"github.com/costa92/go-protoc/v2/pkg/app.PrintConfig","msg":"CFG: mysql.enable-trace=true","logger_type":"zap","environment":"development","service":"apiserver","version":"v2.0.0"}
{"level":"debug","ts":"2025-08-22T23:06:32.335+0800","caller":"app/config.go:76","func":"github.com/costa92/go-protoc/v2/pkg/app.PrintConfig","msg":"CFG: jaeger.agent-port=6831","logger_type":"zap","environment":"development","service":"apiserver","version":"v2.0.0"}
{"level":"debug","ts":"2025-08-22T23:06:32.335+0800","caller":"app/config.go:76","func":"github.com/costa92/go-protoc/v2/pkg/app.PrintConfig","msg":"CFG: v=0","logger_type":"zap","environment":"development","service":"apiserver","version":"v2.0.0"}
{"level":"debug","ts":"2025-08-22T23:06:32.335+0800","caller":"app/config.go:76","func":"github.com/costa92/go-protoc/v2/pkg/app.PrintConfig","msg":"CFG: pool-monitor.namespace=apiserver","logger_type":"zap","environment":"development","service":"apiserver","version":"v2.0.0"}
{"level":"debug","ts":"2025-08-22T23:06:32.335+0800","caller":"app/config.go:76","func":"github.com/costa92/go-protoc/v2/pkg/app.PrintConfig","msg":"CFG: log.initial-fields.environment=development","logger_type":"zap","environment":"development","service":"apiserver","version":"v2.0.0"}
{"level":"debug","ts":"2025-08-22T23:06:32.336+0800","caller":"app/config.go:76","func":"github.com/costa92/go-protoc/v2/pkg/app.PrintConfig","msg":"CFG: log.victoria-logs.service=apiserver","logger_type":"zap","environment":"development","service":"apiserver","version":"v2.0.0"}
{"level":"debug","ts":"2025-08-22T23:06:32.336+0800","caller":"app/config.go:76","func":"github.com/costa92/go-protoc/v2/pkg/app.PrintConfig","msg":"CFG: redis.pool-timeout=4s","logger_type":"zap","environment":"development","service":"apiserver","version":"v2.0.0"}
{"level":"debug","ts":"2025-08-22T23:06:32.336+0800","caller":"app/config.go:76","func":"github.com/costa92/go-protoc/v2/pkg/app.PrintConfig","msg":"CFG: sentry.flush-timeout=5s","logger_type":"zap","environment":"development","service":"apiserver","version":"v2.0.0"}
{"level":"debug","ts":"2025-08-22T23:06:32.336+0800","caller":"app/config.go:76","func":"github.com/costa92/go-protoc/v2/pkg/app.PrintConfig","msg":"CFG: sentry.server-name=","logger_type":"zap","environment":"development","service":"apiserver","version":"v2.0.0"}
{"level":"debug","ts":"2025-08-22T23:06:32.336+0800","caller":"app/config.go:76","func":"github.com/costa92/go-protoc/v2/pkg/app.PrintConfig","msg":"CFG: sentry.release=","logger_type":"zap","environment":"development","service":"apiserver","version":"v2.0.0"}
{"level":"debug","ts":"2025-08-22T23:06:32.336+0800","caller":"app/config.go:76","func":"github.com/costa92/go-protoc/v2/pkg/app.PrintConfig","msg":"CFG: log.otlp.insecure=true","logger_type":"zap","environment":"development","service":"apiserver","version":"v2.0.0"}
{"level":"debug","ts":"2025-08-22T23:06:32.336+0800","caller":"app/config.go:76","func":"github.com/costa92/go-protoc/v2/pkg/app.PrintConfig","msg":"CFG: log.otlp.resource_attributes.service.version=v2.0.0","logger_type":"zap","environment":"development","service":"apiserver","version":"v2.0.0"}
{"level":"debug","ts":"2025-08-22T23:06:32.336+0800","caller":"app/config.go:76","func":"github.com/costa92/go-protoc/v2/pkg/app.PrintConfig","msg":"CFG: sentry.attach-stacktrace=true","logger_type":"zap","environment":"development","service":"apiserver","version":"v2.0.0"}
{"level":"debug","ts":"2025-08-22T23:06:32.336+0800","caller":"app/config.go:76","func":"github.com/costa92/go-protoc/v2/pkg/app.PrintConfig","msg":"CFG: vmodule=","logger_type":"zap","environment":"development","service":"apiserver","version":"v2.0.0"}
{"level":"debug","ts":"2025-08-22T23:06:32.336+0800","caller":"app/config.go:76","func":"github.com/costa92/go-protoc/v2/pkg/app.PrintConfig","msg":"CFG: log.max-size=100","logger_type":"zap","environment":"development","service":"apiserver","version":"v2.0.0"}
{"level":"debug","ts":"2025-08-22T23:06:32.336+0800","caller":"app/config.go:76","func":"github.com/costa92/go-protoc/v2/pkg/app.PrintConfig","msg":"CFG: mysql.log-mode=1","logger_type":"zap","environment":"development","service":"apiserver","version":"v2.0.0"}
{"level":"debug","ts":"2025-08-22T23:06:32.336+0800","caller":"app/config.go:76","func":"github.com/costa92/go-protoc/v2/pkg/app.PrintConfig","msg":"CFG: log.development=false","logger_type":"zap","environment":"development","service":"apiserver","version":"v2.0.0"}
{"level":"debug","ts":"2025-08-22T23:06:32.336+0800","caller":"app/config.go:76","func":"github.com/costa92/go-protoc/v2/pkg/app.PrintConfig","msg":"CFG: sentry.environment=development","logger_type":"zap","environment":"development","service":"apiserver","version":"v2.0.0"}
{"level":"debug","ts":"2025-08-22T23:06:32.336+0800","caller":"app/config.go:76","func":"github.com/costa92/go-protoc/v2/pkg/app.PrintConfig","msg":"CFG: sentry.enable-profiling=false","logger_type":"zap","environment":"development","service":"apiserver","version":"v2.0.0"}
{"level":"debug","ts":"2025-08-22T23:06:32.336+0800","caller":"app/config.go:76","func":"github.com/costa92/go-protoc/v2/pkg/app.PrintConfig","msg":"CFG: log.encoder-config.function-key=func","logger_type":"zap","environment":"development","service":"apiserver","version":"v2.0.0"}
{"level":"debug","ts":"2025-08-22T23:06:32.336+0800","caller":"app/config.go:76","func":"github.com/costa92/go-protoc/v2/pkg/app.PrintConfig","msg":"CFG: log.disable-function-at-info=true","logger_type":"zap","environment":"development","service":"apiserver","version":"v2.0.0"}
{"level":"debug","ts":"2025-08-22T23:06:32.336+0800","caller":"app/config.go:76","func":"github.com/costa92/go-protoc/v2/pkg/app.PrintConfig","msg":"CFG: log.disable-caller=false","logger_type":"zap","environment":"development","service":"apiserver","version":"v2.0.0"}
{"level":"debug","ts":"2025-08-22T23:06:32.336+0800","caller":"app/config.go:76","func":"github.com/costa92/go-protoc/v2/pkg/app.PrintConfig","msg":"CFG: jaeger.sampler-param=1","logger_type":"zap","environment":"development","service":"apiserver","version":"v2.0.0"}
{"level":"debug","ts":"2025-08-22T23:06:32.336+0800","caller":"app/config.go:76","func":"github.com/costa92/go-protoc/v2/pkg/app.PrintConfig","msg":"CFG: log.victoria-logs.timeout=10","logger_type":"zap","environment":"development","service":"apiserver","version":"v2.0.0"}
{"level":"debug","ts":"2025-08-22T23:06:32.336+0800","caller":"app/config.go:76","func":"github.com/costa92/go-protoc/v2/pkg/app.PrintConfig","msg":"CFG: log.otlp.resource_attributes.deployment.environment=development","logger_type":"zap","environment":"development","service":"apiserver","version":"v2.0.0"}
{"level":"debug","ts":"2025-08-22T23:06:32.336+0800","caller":"app/config.go:76","func":"github.com/costa92/go-protoc/v2/pkg/app.PrintConfig","msg":"CFG: jaeger.agent-host=127.0.0.1","logger_type":"zap","environment":"development","service":"apiserver","version":"v2.0.0"}
{"level":"debug","ts":"2025-08-22T23:06:32.336+0800","caller":"app/config.go:76","func":"github.com/costa92/go-protoc/v2/pkg/app.PrintConfig","msg":"CFG: redis.read-timeout=3s","logger_type":"zap","environment":"development","service":"apiserver","version":"v2.0.0"}
{"level":"debug","ts":"2025-08-22T23:06:32.336+0800","caller":"app/config.go:76","func":"github.com/costa92/go-protoc/v2/pkg/app.PrintConfig","msg":"CFG: sentry.enable-tracing=true","logger_type":"zap","environment":"development","service":"apiserver","version":"v2.0.0"}
{"level":"debug","ts":"2025-08-22T23:06:32.336+0800","caller":"app/config.go:76","func":"github.com/costa92/go-protoc/v2/pkg/app.PrintConfig","msg":"CFG: log.max-backups=5","logger_type":"zap","environment":"development","service":"apiserver","version":"v2.0.0"}
{"level":"debug","ts":"2025-08-22T23:06:32.336+0800","caller":"app/config.go:76","func":"github.com/costa92/go-protoc/v2/pkg/app.PrintConfig","msg":"CFG: mysql.username=root","logger_type":"zap","environment":"development","service":"apiserver","version":"v2.0.0"}
{"level":"debug","ts":"2025-08-22T23:06:32.336+0800","caller":"app/config.go:76","func":"github.com/costa92/go-protoc/v2/pkg/app.PrintConfig","msg":"CFG: log.message-key=msg","logger_type":"zap","environment":"development","service":"apiserver","version":"v2.0.0"}
{"level":"debug","ts":"2025-08-22T23:06:32.336+0800","caller":"app/config.go:76","func":"github.com/costa92/go-protoc/v2/pkg/app.PrintConfig","msg":"CFG: jaeger.sampler-type=const","logger_type":"zap","environment":"development","service":"apiserver","version":"v2.0.0"}
{"level":"debug","ts":"2025-08-22T23:06:32.336+0800","caller":"app/config.go:76","func":"github.com/costa92/go-protoc/v2/pkg/app.PrintConfig","msg":"CFG: log.otlp.batch_size=100","logger_type":"zap","environment":"development","service":"apiserver","version":"v2.0.0"}
{"level":"debug","ts":"2025-08-22T23:06:32.336+0800","caller":"app/config.go:76","func":"github.com/costa92/go-protoc/v2/pkg/app.PrintConfig","msg":"CFG: log.disable-stacktrace=false","logger_type":"zap","environment":"development","service":"apiserver","version":"v2.0.0"}
{"level":"debug","ts":"2025-08-22T23:06:32.336+0800","caller":"app/config.go:76","func":"github.com/costa92/go-protoc/v2/pkg/app.PrintConfig","msg":"CFG: log.stacktrace-key=stacktrace","logger_type":"zap","environment":"development","service":"apiserver","version":"v2.0.0"}
{"level":"debug","ts":"2025-08-22T23:06:32.336+0800","caller":"app/config.go:76","func":"github.com/costa92/go-protoc/v2/pkg/app.PrintConfig","msg":"CFG: sentry.enabled=false","logger_type":"zap","environment":"development","service":"apiserver","version":"v2.0.0"}
{"level":"debug","ts":"2025-08-22T23:06:32.336+0800","caller":"app/config.go:76","func":"github.com/costa92/go-protoc/v2/pkg/app.PrintConfig","msg":"CFG: log.error-output-paths=[stderr]","logger_type":"zap","environment":"development","service":"apiserver","version":"v2.0.0"}
{"level":"debug","ts":"2025-08-22T23:06:32.336+0800","caller":"app/config.go:76","func":"github.com/costa92/go-protoc/v2/pkg/app.PrintConfig","msg":"CFG: log.victoria-logs.enabled=false","logger_type":"zap","environment":"development","service":"apiserver","version":"v2.0.0"}
{"level":"debug","ts":"2025-08-22T23:06:32.336+0800","caller":"app/config.go:76","func":"github.com/costa92/go-protoc/v2/pkg/app.PrintConfig","msg":"CFG: redis.addr=127.0.0.1:6379","logger_type":"zap","environment":"development","service":"apiserver","version":"v2.0.0"}
{"level":"debug","ts":"2025-08-22T23:06:32.336+0800","caller":"app/config.go:76","func":"github.com/costa92/go-protoc/v2/pkg/app.PrintConfig","msg":"CFG: version=false","logger_type":"zap","environment":"development","service":"apiserver","version":"v2.0.0"}
{"level":"debug","ts":"2025-08-22T23:06:32.336+0800","caller":"app/config.go:76","func":"github.com/costa92/go-protoc/v2/pkg/app.PrintConfig","msg":"CFG: log.encoder-config.level-key=level","logger_type":"zap","environment":"development","service":"apiserver","version":"v2.0.0"}
{"level":"debug","ts":"2025-08-22T23:06:32.336+0800","caller":"app/config.go:76","func":"github.com/costa92/go-protoc/v2/pkg/app.PrintConfig","msg":"CFG: log.dynamic=false","logger_type":"zap","environment":"development","service":"apiserver","version":"v2.0.0"}
{"level":"debug","ts":"2025-08-22T23:06:32.336+0800","caller":"app/config.go:76","func":"github.com/costa92/go-protoc/v2/pkg/app.PrintConfig","msg":"CFG: jwt.signing-method=HS512","logger_type":"zap","environment":"development","service":"apiserver","version":"v2.0.0"}
{"level":"debug","ts":"2025-08-22T23:06:32.336+0800","caller":"app/config.go:76","func":"github.com/costa92/go-protoc/v2/pkg/app.PrintConfig","msg":"CFG: feature-gates=","logger_type":"zap","environment":"development","service":"apiserver","version":"v2.0.0"}
{"level":"debug","ts":"2025-08-22T23:06:32.336+0800","caller":"app/config.go:76","func":"github.com/costa92/go-protoc/v2/pkg/app.PrintConfig","msg":"CFG: log.level-encoder=lowercase","logger_type":"zap","environment":"development","service":"apiserver","version":"v2.0.0"}
{"level":"debug","ts":"2025-08-22T23:06:32.336+0800","caller":"app/config.go:76","func":"github.com/costa92/go-protoc/v2/pkg/app.PrintConfig","msg":"CFG: sentry.profiles-sample-rate=0.1","logger_type":"zap","environment":"development","service":"apiserver","version":"v2.0.0"}
{"level":"debug","ts":"2025-08-22T23:06:32.336+0800","caller":"app/config.go:76","func":"github.com/costa92/go-protoc/v2/pkg/app.PrintConfig","msg":"CFG: log.otlp.enabled=true","logger_type":"zap","environment":"development","service":"apiserver","version":"v2.0.0"}
{"level":"debug","ts":"2025-08-22T23:06:32.336+0800","caller":"app/config.go:76","func":"github.com/costa92/go-protoc/v2/pkg/app.PrintConfig","msg":"CFG: redis.dial-timeout=5s","logger_type":"zap","environment":"development","service":"apiserver","version":"v2.0.0"}
{"level":"debug","ts":"2025-08-22T23:06:32.336+0800","caller":"app/config.go:76","func":"github.com/costa92/go-protoc/v2/pkg/app.PrintConfig","msg":"CFG: grpc.timeout=10s","logger_type":"zap","environment":"development","service":"apiserver","version":"v2.0.0"}
{"level":"debug","ts":"2025-08-22T23:06:32.336+0800","caller":"app/config.go:76","func":"github.com/costa92/go-protoc/v2/pkg/app.PrintConfig","msg":"CFG: http.timeout=10s","logger_type":"zap","environment":"development","service":"apiserver","version":"v2.0.0"}
{"level":"debug","ts":"2025-08-22T23:06:32.336+0800","caller":"app/config.go:76","func":"github.com/costa92/go-protoc/v2/pkg/app.PrintConfig","msg":"CFG: jaeger.env=development","logger_type":"zap","environment":"development","service":"apiserver","version":"v2.0.0"}
{"level":"debug","ts":"2025-08-22T23:06:32.336+0800","caller":"app/config.go:76","func":"github.com/costa92/go-protoc/v2/pkg/app.PrintConfig","msg":"CFG: log.otlp.export_timeout=30s","logger_type":"zap","environment":"development","service":"apiserver","version":"v2.0.0"}
{"level":"debug","ts":"2025-08-22T23:06:32.336+0800","caller":"app/config.go:76","func":"github.com/costa92/go-protoc/v2/pkg/app.PrintConfig","msg":"CFG: redis.write-timeout=3s","logger_type":"zap","environment":"development","service":"apiserver","version":"v2.0.0"}
{"level":"debug","ts":"2025-08-22T23:06:32.336+0800","caller":"app/config.go:76","func":"github.com/costa92/go-protoc/v2/pkg/app.PrintConfig","msg":"CFG: grpc.network=tcp","logger_type":"zap","environment":"development","service":"apiserver","version":"v2.0.0"}
{"level":"debug","ts":"2025-08-22T23:06:32.336+0800","caller":"app/config.go:76","func":"github.com/costa92/go-protoc/v2/pkg/app.PrintConfig","msg":"CFG: pool-monitor.database.slow-query=1s","logger_type":"zap","environment":"development","service":"apiserver","version":"v2.0.0"}
{"level":"debug","ts":"2025-08-22T23:06:32.336+0800","caller":"app/config.go:76","func":"github.com/costa92/go-protoc/v2/pkg/app.PrintConfig","msg":"CFG: mysql.max-idle-connections=100","logger_type":"zap","environment":"development","service":"apiserver","version":"v2.0.0"}
{"level":"debug","ts":"2025-08-22T23:06:32.336+0800","caller":"app/config.go:76","func":"github.com/costa92/go-protoc/v2/pkg/app.PrintConfig","msg":"CFG: log.encoder-config.message-key=msg","logger_type":"zap","environment":"development","service":"apiserver","version":"v2.0.0"}
{"level":"debug","ts":"2025-08-22T23:06:32.336+0800","caller":"app/config.go:76","func":"github.com/costa92/go-protoc/v2/pkg/app.PrintConfig","msg":"CFG: log.victoria-logs.batch-size=100","logger_type":"zap","environment":"development","service":"apiserver","version":"v2.0.0"}
{"level":"debug","ts":"2025-08-22T23:06:32.336+0800","caller":"app/config.go:76","func":"github.com/costa92/go-protoc/v2/pkg/app.PrintConfig","msg":"CFG: jwt.max-refresh=2h","logger_type":"zap","environment":"development","service":"apiserver","version":"v2.0.0"}
{"level":"debug","ts":"2025-08-22T23:06:32.336+0800","caller":"app/config.go:76","func":"github.com/costa92/go-protoc/v2/pkg/app.PrintConfig","msg":"CFG: redis.min-idle-conns=0","logger_type":"zap","environment":"development","service":"apiserver","version":"v2.0.0"}
{"level":"debug","ts":"2025-08-22T23:06:32.336+0800","caller":"app/config.go:76","func":"github.com/costa92/go-protoc/v2/pkg/app.PrintConfig","msg":"CFG: log.max-age=7","logger_type":"zap","environment":"development","service":"apiserver","version":"v2.0.0"}
{"level":"debug","ts":"2025-08-22T23:06:32.336+0800","caller":"app/config.go:76","func":"github.com/costa92/go-protoc/v2/pkg/app.PrintConfig","msg":"CFG: log.encoder-config.time-encoder=iso8601","logger_type":"zap","environment":"development","service":"apiserver","version":"v2.0.0"}
{"level":"debug","ts":"2025-08-22T23:06:32.336+0800","caller":"app/config.go:76","func":"github.com/costa92/go-protoc/v2/pkg/app.PrintConfig","msg":"CFG: log.otlp.endpoint=127.0.0.1:4327","logger_type":"zap","environment":"development","service":"apiserver","version":"v2.0.0"}
{"level":"info","ts":"2025-08-22T23:06:32.336+0800","caller":"app/server.go:67","msg":"Connection pool metrics collection is enabled through dependency injection"}
{"level":"info","ts":"2025-08-22T23:06:32.336+0800","caller":"app/server.go:68","msg":"Metrics will be automatically collected by the PoolMonitor when database connections are established"}
{"level":"info","ts":"2025-08-22T23:06:32.336+0800","caller":"app/server.go:71","msg":"Database pool monitoring enabled","slow_query_threshold":1000,"collect_interval":30000}
{"level":"info","ts":"2025-08-22T23:06:32.336+0800","caller":"app/server.go:77","msg":"Redis pool monitoring enabled","collect_interval":30000}
{"level":"info","ts":"2025-08-22T23:06:32.337+0800","caller":"apiserver/server.go:66","msg":"Initializing API server","service":"Unknown","version":"v0.0.0-master+$Format:%h$","branch":"unknown","commit":"$Format:","build_date":"1970-01-01T00:00:00Z","go_version":"go1.25.0"}
{"level":"info","ts":"2025-08-22T23:06:32.337+0800","caller":"apiserver/server.go:78","msg":"Logger configuration","level":"debug","format":"json"}
{"level":"debug","ts":"2025-08-22T23:06:32.337+0800","caller":"apiserver/server.go:79","func":"github.com/costa92/go-protoc/v2/internal/apiserver.(*Config).NewServer","msg":"Debug logging enabled","logger_type":"zap","environment":"development","service":"apiserver","version":"v2.0.0","caller_skip":2,"enable_color":false}
{"level":"info","ts":"2025-08-22T23:06:32.337+0800","caller":"apiserver/server.go:83","msg":"Validating service connections before startup..."}
{"level":"info","ts":"2025-08-22T23:06:32.337+0800","caller":"apiserver/server.go:87","msg":"Testing MySQL connection..."}
{"level":"info","ts":"2025-08-22T23:06:32.342+0800","caller":"apiserver/server.go:92","msg":"MySQL connection test passed"}
{"level":"info","ts":"2025-08-22T23:06:32.342+0800","caller":"apiserver/server.go:97","msg":"Testing Redis connection..."}
{"level":"info","ts":"2025-08-22T23:06:32.345+0800","caller":"apiserver/server.go:102","msg":"Redis connection test passed"}
{"level":"info","ts":"2025-08-22T23:06:32.346+0800","caller":"apiserver/server.go:107","msg":"Testing Jaeger connection..."}
{"level":"info","ts":"2025-08-22T23:06:32.346+0800","caller":"apiserver/server.go:112","msg":"Jaeger connection test passed"}
{"level":"info","ts":"2025-08-22T23:06:32.346+0800","caller":"apiserver/server.go:115","msg":"All service connections validated successfully"}
{"level":"info","ts":"2025-08-22T23:06:32.448+0800","caller":"server/kratos_server.go:47","msg":"Start to listening the incoming requests","protocol":"kratos"}
{"level":"info","ts":"2025-08-22T23:06:32.448+0800","caller":"logger/kratos_adapter.go:40","msg":"[HTTP] server listening on: [::]:8080","ts":"2025-08-22T23:06:32+08:00","caller":"http/server.go:330","msg":"[HTTP] server listening on: [::]:8080"}
{"level":"info","ts":"2025-08-22T23:06:32.448+0800","caller":"logger/kratos_adapter.go:40","msg":"[gRPC] server listening on: [::]:9090","ts":"2025-08-22T23:06:32+08:00","caller":"grpc/server.go:220","msg":"[gRPC] server listening on: [::]:9090"}
{"level":"error","ts":"2025-08-22T23:06:50.326+0800","caller":"handler/user.go:14","func":"github.com/costa92/go-protoc/v2/internal/apiserver/handler.(*Handler).GetUser","msg":"GetUser failed","logger_type":"zap","environment":"development","service":"apiserver","version":"v2.0.0","error":"business logic error","user_id":"1","stacktrace":"github.com/costa92/go-protoc/v2/internal/apiserver/handler.(*Handler).GetUser\n\t/Users/costalong/code/go/src/github.com/costa92/go-protoc/internal/apiserver/handler/user.go:14\ngithub.com/costa92/go-protoc/v2/pkg/api/apiserver/v1.RegisterApiServerHTTPServer._ApiServer_GetUser0_HTTP_Handler.func1.1\n\t/Users/costalong/code/go/src/github.com/costa92/go-protoc/pkg/api/apiserver/v1/apiserver_http.pb.go:47\ngithub.com/costa92/go-protoc/v2/internal/apiserver.NewMiddlewares.Server.func5.1\n\t/Users/costalong/code/go/src/github.com/costa92/go-protoc/internal/pkg/middleware/logging/logging.go:107\ngithub.com/costa92/go-protoc/v2/internal/pkg/middleware/i18n.Translator.func1.1\n\t/Users/costalong/code/go/src/github.com/costa92/go-protoc/internal/pkg/middleware/i18n/i18n.go:28\ngithub.com/costa92/go-protoc/v2/internal/pkg/middleware/tracing.Server.func1.1\n\t/Users/costalong/code/go/src/github.com/costa92/go-protoc/internal/pkg/middleware/tracing/tracing.go:62\ngithub.com/costa92/go-protoc/v2/internal/apiserver.NewMiddlewares.ServerJWTAuth.func2.1\n\t/Users/costalong/code/go/src/github.com/costa92/go-protoc/pkg/middleware/authn/jwt_auth.go:102\ngithub.com/costa92/go-protoc/v2/internal/apiserver.NewMiddlewares.Validator.func1.1\n\t/Users/costalong/code/go/src/github.com/costa92/go-protoc/internal/pkg/middleware/validate/validate_kratos.go:38\ngithub.com/costa92/go-protoc/v2/pkg/api/apiserver/v1.RegisterApiServerHTTPServer._ApiServer_GetUser0_HTTP_Handler.func1\n\t/Users/costalong/code/go/src/github.com/costa92/go-protoc/pkg/api/apiserver/v1/apiserver_http.pb.go:49\ngithub.com/go-kratos/kratos/v2/transport/http.(*Router).Handle.func1\n\t/Users/costalong/.gvm/pkgsets/go1.25/global/pkg/mod/github.com/go-kratos/kratos/v2@v2.8.3/transport/http/router.go:49\nnet/http.HandlerFunc.ServeHTTP\n\t/Users/costalong/.gvm/gos/go1.25/src/net/http/server.go:2322\ngithub.com/go-kratos/kratos/v2/transport/http.NewServer.(*Server).filter.func1.1\n\t/Users/costalong/.gvm/pkgsets/go1.25/global/pkg/mod/github.com/go-kratos/kratos/v2@v2.8.3/transport/http/server.go:305\nnet/http.HandlerFunc.ServeHTTP\n\t/Users/costalong/.gvm/gos/go1.25/src/net/http/server.go:2322\ngithub.com/gorilla/mux.(*Router).ServeHTTP\n\t/Users/costalong/.gvm/pkgsets/go1.25/global/pkg/mod/github.com/gorilla/mux@v1.8.1/mux.go:212\ngithub.com/gorilla/handlers.(*cors).ServeHTTP\n\t/Users/costalong/.gvm/pkgsets/go1.25/global/pkg/mod/github.com/gorilla/handlers@v1.5.2/cors.go:54\nnet/http.serverHandler.ServeHTTP\n\t/Users/costalong/.gvm/gos/go1.25/src/net/http/server.go:3340\nnet/http.(*conn).serve\n\t/Users/costalong/.gvm/gos/go1.25/src/net/http/server.go:2109"}
{"level":"info","ts":"2025-08-22T23:06:50.475+0800","caller":"logger/kratos_adapter.go:40","msg":"apiserver.v1.ApiServer.GetUser","ts":"2025-08-22T23:06:50+08:00","caller":"runtime/asm_arm64.s:1268","kind":"server","component":"http","operation":"/apiserver.v1.ApiServer/GetUser","args":"id:\"1\"","code":0,"reason":"","stack":"","latency":0.148968459}
{"level":"error","ts":"2025-08-22T23:07:16.425+0800","caller":"handler/user.go:14","func":"github.com/costa92/go-protoc/v2/internal/apiserver/handler.(*Handler).GetUser","msg":"GetUser failed","logger_type":"zap","environment":"development","service":"apiserver","version":"v2.0.0","error":"business logic error","user_id":"1","stacktrace":"github.com/costa92/go-protoc/v2/internal/apiserver/handler.(*Handler).GetUser\n\t/Users/costalong/code/go/src/github.com/costa92/go-protoc/internal/apiserver/handler/user.go:14\ngithub.com/costa92/go-protoc/v2/pkg/api/apiserver/v1.RegisterApiServerHTTPServer._ApiServer_GetUser0_HTTP_Handler.func1.1\n\t/Users/costalong/code/go/src/github.com/costa92/go-protoc/pkg/api/apiserver/v1/apiserver_http.pb.go:47\ngithub.com/costa92/go-protoc/v2/internal/apiserver.NewMiddlewares.Server.func5.1\n\t/Users/costalong/code/go/src/github.com/costa92/go-protoc/internal/pkg/middleware/logging/logging.go:107\ngithub.com/costa92/go-protoc/v2/internal/pkg/middleware/i18n.Translator.func1.1\n\t/Users/costalong/code/go/src/github.com/costa92/go-protoc/internal/pkg/middleware/i18n/i18n.go:28\ngithub.com/costa92/go-protoc/v2/internal/pkg/middleware/tracing.Server.func1.1\n\t/Users/costalong/code/go/src/github.com/costa92/go-protoc/internal/pkg/middleware/tracing/tracing.go:62\ngithub.com/costa92/go-protoc/v2/internal/apiserver.NewMiddlewares.ServerJWTAuth.func2.1\n\t/Users/costalong/code/go/src/github.com/costa92/go-protoc/pkg/middleware/authn/jwt_auth.go:102\ngithub.com/costa92/go-protoc/v2/internal/apiserver.NewMiddlewares.Validator.func1.1\n\t/Users/costalong/code/go/src/github.com/costa92/go-protoc/internal/pkg/middleware/validate/validate_kratos.go:38\ngithub.com/costa92/go-protoc/v2/pkg/api/apiserver/v1.RegisterApiServerHTTPServer._ApiServer_GetUser0_HTTP_Handler.func1\n\t/Users/costalong/code/go/src/github.com/costa92/go-protoc/pkg/api/apiserver/v1/apiserver_http.pb.go:49\ngithub.com/go-kratos/kratos/v2/transport/http.(*Router).Handle.func1\n\t/Users/costalong/.gvm/pkgsets/go1.25/global/pkg/mod/github.com/go-kratos/kratos/v2@v2.8.3/transport/http/router.go:49\nnet/http.HandlerFunc.ServeHTTP\n\t/Users/costalong/.gvm/gos/go1.25/src/net/http/server.go:2322\ngithub.com/go-kratos/kratos/v2/transport/http.NewServer.(*Server).filter.func1.1\n\t/Users/costalong/.gvm/pkgsets/go1.25/global/pkg/mod/github.com/go-kratos/kratos/v2@v2.8.3/transport/http/server.go:305\nnet/http.HandlerFunc.ServeHTTP\n\t/Users/costalong/.gvm/gos/go1.25/src/net/http/server.go:2322\ngithub.com/gorilla/mux.(*Router).ServeHTTP\n\t/Users/costalong/.gvm/pkgsets/go1.25/global/pkg/mod/github.com/gorilla/mux@v1.8.1/mux.go:212\ngithub.com/gorilla/handlers.(*cors).ServeHTTP\n\t/Users/costalong/.gvm/pkgsets/go1.25/global/pkg/mod/github.com/gorilla/handlers@v1.5.2/cors.go:54\nnet/http.serverHandler.ServeHTTP\n\t/Users/costalong/.gvm/gos/go1.25/src/net/http/server.go:3340\nnet/http.(*conn).serve\n\t/Users/costalong/.gvm/gos/go1.25/src/net/http/server.go:2109"}
{"level":"info","ts":"2025-08-22T23:07:16.444+0800","caller":"logger/kratos_adapter.go:40","msg":"apiserver.v1.ApiServer.GetUser","ts":"2025-08-22T23:07:16+08:00","caller":"runtime/asm_arm64.s:1268","kind":"server","component":"http","operation":"/apiserver.v1.ApiServer/GetUser","args":"id:\"1\"","code":0,"reason":"","stack":"","latency":0.018200625}
{"level":"info","ts":"2025-08-22T23:09:56.212+0800","caller":"server/server.go:29","msg":"Shutting down server...","service":"Unknown","version":"v0.0.0-master+$Format:%h$"}
{"level":"info","ts":"2025-08-22T23:09:56.213+0800","caller":"server/kratos_server.go:54","msg":"Gracefully stop kratos application"}
{"level":"info","ts":"2025-08-22T23:09:56.213+0800","caller":"server/server.go:40","msg":"Server exited successfully.","service":"Unknown","version":"v0.0.0-master+$Format:%h$"}
{"level":"info","ts":"2025-08-22T23:09:56.212+0800","caller":"logger/kratos_adapter.go:40","msg":"[HTTP] server stopping","ts":"2025-08-22T23:09:56+08:00","caller":"http/server.go:345","msg":"[HTTP] server stopping"}
{"level":"info","ts":"2025-08-22T23:09:57.915+0800","caller":"app/app.go:284","msg":"Starting application","name":"apiserver","version":"{\"gitVersion\":\"v0.0.0-master+$Format:%h$\",\"gitCommit\":\"$Format:%H$\",\"gitTreeState\":\"\",\"gitBranch\":\"unknown\",\"buildDate\":\"1970-01-01T00:00:00Z\",\"serviceName\":\"Unknown\",\"goVersion\":\"go1.25.0\",\"compiler\":\"gc\",\"platform\":\"darwin/arm64\"}"}
{"level":"info","ts":"2025-08-22T23:09:57.915+0800","caller":"app/app.go:285","msg":"Golang settings","GOGC":"","GOMAXPROCS":"","GOTRACEBACK":""}
{"level":"debug","ts":"2025-08-22T23:09:57.915+0800","caller":"app/config.go:76","func":"github.com/costa92/go-protoc/v2/pkg/app.PrintConfig","msg":"CFG: redis.password=","logger_type":"zap","service":"apiserver111","version":"v2.0.0","environment":"development"}
{"level":"debug","ts":"2025-08-22T23:09:57.915+0800","caller":"app/config.go:76","func":"github.com/costa92/go-protoc/v2/pkg/app.PrintConfig","msg":"CFG: pool-monitor.collect-interval=30s","logger_type":"zap","service":"apiserver111","version":"v2.0.0","environment":"development"}
{"level":"debug","ts":"2025-08-22T23:09:57.915+0800","caller":"app/config.go:76","func":"github.com/costa92/go-protoc/v2/pkg/app.PrintConfig","msg":"CFG: sentry.environment=development","logger_type":"zap","service":"apiserver111","version":"v2.0.0","environment":"development"}
{"level":"debug","ts":"2025-08-22T23:09:57.915+0800","caller":"app/config.go:76","func":"github.com/costa92/go-protoc/v2/pkg/app.PrintConfig","msg":"CFG: log.output-paths=[stdout logs/apiserver/app.log]","logger_type":"zap","service":"apiserver111","version":"v2.0.0","environment":"development"}
{"level":"debug","ts":"2025-08-22T23:09:57.915+0800","caller":"app/config.go:76","func":"github.com/costa92/go-protoc/v2/pkg/app.PrintConfig","msg":"CFG: sentry.enable-profiling=false","logger_type":"zap","service":"apiserver111","version":"v2.0.0","environment":"development"}
{"level":"debug","ts":"2025-08-22T23:09:57.915+0800","caller":"app/config.go:76","func":"github.com/costa92/go-protoc/v2/pkg/app.PrintConfig","msg":"CFG: sentry.server-name=","logger_type":"zap","service":"apiserver111","version":"v2.0.0","environment":"development"}
{"level":"debug","ts":"2025-08-22T23:09:57.915+0800","caller":"app/config.go:76","func":"github.com/costa92/go-protoc/v2/pkg/app.PrintConfig","msg":"CFG: grpc.addr=0.0.0.0:9090","logger_type":"zap","service":"apiserver111","version":"v2.0.0","environment":"development"}
{"level":"debug","ts":"2025-08-22T23:09:57.915+0800","caller":"app/config.go:76","func":"github.com/costa92/go-protoc/v2/pkg/app.PrintConfig","msg":"CFG: sentry.send-default-pii=false","logger_type":"zap","service":"apiserver111","version":"v2.0.0","environment":"development"}
{"level":"debug","ts":"2025-08-22T23:09:57.915+0800","caller":"app/config.go:76","func":"github.com/costa92/go-protoc/v2/pkg/app.PrintConfig","msg":"CFG: mysql.max-idle-connections=100","logger_type":"zap","service":"apiserver111","version":"v2.0.0","environment":"development"}
{"level":"debug","ts":"2025-08-22T23:09:57.915+0800","caller":"app/config.go:76","func":"github.com/costa92/go-protoc/v2/pkg/app.PrintConfig","msg":"CFG: log.initial-fields.version=v2.0.0","logger_type":"zap","service":"apiserver111","version":"v2.0.0","environment":"development"}
{"level":"debug","ts":"2025-08-22T23:09:57.915+0800","caller":"app/config.go:76","func":"github.com/costa92/go-protoc/v2/pkg/app.PrintConfig","msg":"CFG: log.victoria-logs.version=v2.0.0","logger_type":"zap","service":"apiserver111","version":"v2.0.0","environment":"development"}
{"level":"debug","ts":"2025-08-22T23:09:57.915+0800","caller":"app/config.go:76","func":"github.com/costa92/go-protoc/v2/pkg/app.PrintConfig","msg":"CFG: log.disable-function-at-info=true","logger_type":"zap","service":"apiserver111","version":"v2.0.0","environment":"development"}
{"level":"debug","ts":"2025-08-22T23:09:57.915+0800","caller":"app/config.go:76","func":"github.com/costa92/go-protoc/v2/pkg/app.PrintConfig","msg":"CFG: sentry.debug=false","logger_type":"zap","service":"apiserver111","version":"v2.0.0","environment":"development"}
{"level":"debug","ts":"2025-08-22T23:09:57.915+0800","caller":"app/config.go:76","func":"github.com/costa92/go-protoc/v2/pkg/app.PrintConfig","msg":"CFG: log.development=false","logger_type":"zap","service":"apiserver111","version":"v2.0.0","environment":"development"}
{"level":"debug","ts":"2025-08-22T23:09:57.915+0800","caller":"app/config.go:76","func":"github.com/costa92/go-protoc/v2/pkg/app.PrintConfig","msg":"CFG: mysql.database=protoc","logger_type":"zap","service":"apiserver111","version":"v2.0.0","environment":"development"}
{"level":"debug","ts":"2025-08-22T23:09:57.915+0800","caller":"app/config.go:76","func":"github.com/costa92/go-protoc/v2/pkg/app.PrintConfig","msg":"CFG: log.message-key=msg","logger_type":"zap","service":"apiserver111","version":"v2.0.0","environment":"development"}
{"level":"debug","ts":"2025-08-22T23:09:57.915+0800","caller":"app/config.go:76","func":"github.com/costa92/go-protoc/v2/pkg/app.PrintConfig","msg":"CFG: log.encoder-config.caller-encoder=short","logger_type":"zap","service":"apiserver111","version":"v2.0.0","environment":"development"}
{"level":"debug","ts":"2025-08-22T23:09:57.915+0800","caller":"app/config.go:76","func":"github.com/costa92/go-protoc/v2/pkg/app.PrintConfig","msg":"CFG: log.otlp.enabled=true","logger_type":"zap","service":"apiserver111","version":"v2.0.0","environment":"development"}
{"level":"debug","ts":"2025-08-22T23:09:57.915+0800","caller":"app/config.go:76","func":"github.com/costa92/go-protoc/v2/pkg/app.PrintConfig","msg":"CFG: log.otlp.batch_size=100","logger_type":"zap","service":"apiserver111","version":"v2.0.0","environment":"development"}
{"level":"debug","ts":"2025-08-22T23:09:57.915+0800","caller":"app/config.go:76","func":"github.com/costa92/go-protoc/v2/pkg/app.PrintConfig","msg":"CFG: sentry.release=","logger_type":"zap","service":"apiserver111","version":"v2.0.0","environment":"development"}
{"level":"debug","ts":"2025-08-22T23:09:57.915+0800","caller":"app/config.go:76","func":"github.com/costa92/go-protoc/v2/pkg/app.PrintConfig","msg":"CFG: jwt.expired=2h","logger_type":"zap","service":"apiserver111","version":"v2.0.0","environment":"development"}
{"level":"debug","ts":"2025-08-22T23:09:57.915+0800","caller":"app/config.go:76","func":"github.com/costa92/go-protoc/v2/pkg/app.PrintConfig","msg":"CFG: log.max-size=100","logger_type":"zap","service":"apiserver111","version":"v2.0.0","environment":"development"}
{"level":"debug","ts":"2025-08-22T23:09:57.915+0800","caller":"app/config.go:76","func":"github.com/costa92/go-protoc/v2/pkg/app.PrintConfig","msg":"CFG: pool-monitor.enabled=true","logger_type":"zap","service":"apiserver111","version":"v2.0.0","environment":"development"}
{"level":"debug","ts":"2025-08-22T23:09:57.915+0800","caller":"app/config.go:76","func":"github.com/costa92/go-protoc/v2/pkg/app.PrintConfig","msg":"CFG: jaeger.env=development","logger_type":"zap","service":"apiserver111","version":"v2.0.0","environment":"development"}
{"level":"debug","ts":"2025-08-22T23:09:57.915+0800","caller":"app/config.go:76","func":"github.com/costa92/go-protoc/v2/pkg/app.PrintConfig","msg":"CFG: mysql.max-connection-life-time=10s","logger_type":"zap","service":"apiserver111","version":"v2.0.0","environment":"development"}
{"level":"debug","ts":"2025-08-22T23:09:57.915+0800","caller":"app/config.go:76","func":"github.com/costa92/go-protoc/v2/pkg/app.PrintConfig","msg":"CFG: http.network=tcp","logger_type":"zap","service":"apiserver111","version":"v2.0.0","environment":"development"}
{"level":"debug","ts":"2025-08-22T23:09:57.915+0800","caller":"app/config.go:76","func":"github.com/costa92/go-protoc/v2/pkg/app.PrintConfig","msg":"CFG: log.initial-fields.environment=development","logger_type":"zap","service":"apiserver111","version":"v2.0.0","environment":"development"}
{"level":"debug","ts":"2025-08-22T23:09:57.915+0800","caller":"app/config.go:76","func":"github.com/costa92/go-protoc/v2/pkg/app.PrintConfig","msg":"CFG: log.victoria-logs.environment=development","logger_type":"zap","service":"apiserver111","version":"v2.0.0","environment":"development"}
{"level":"debug","ts":"2025-08-22T23:09:57.915+0800","caller":"app/config.go:76","func":"github.com/costa92/go-protoc/v2/pkg/app.PrintConfig","msg":"CFG: redis.enable-trace=true","logger_type":"zap","service":"apiserver111","version":"v2.0.0","environment":"development"}
{"level":"debug","ts":"2025-08-22T23:09:57.915+0800","caller":"app/config.go:76","func":"github.com/costa92/go-protoc/v2/pkg/app.PrintConfig","msg":"CFG: mysql.host=127.0.0.1","logger_type":"zap","service":"apiserver111","version":"v2.0.0","environment":"development"}
{"level":"debug","ts":"2025-08-22T23:09:57.915+0800","caller":"app/config.go:76","func":"github.com/costa92/go-protoc/v2/pkg/app.PrintConfig","msg":"CFG: sentry.max-breadcrumbs=100","logger_type":"zap","service":"apiserver111","version":"v2.0.0","environment":"development"}
{"level":"debug","ts":"2025-08-22T23:09:57.915+0800","caller":"app/config.go:76","func":"github.com/costa92/go-protoc/v2/pkg/app.PrintConfig","msg":"CFG: sentry.sample-rate=1","logger_type":"zap","service":"apiserver111","version":"v2.0.0","environment":"development"}
{"level":"debug","ts":"2025-08-22T23:09:57.915+0800","caller":"app/config.go:76","func":"github.com/costa92/go-protoc/v2/pkg/app.PrintConfig","msg":"CFG: redis.max-retries=3","logger_type":"zap","service":"apiserver111","version":"v2.0.0","environment":"development"}
{"level":"debug","ts":"2025-08-22T23:09:57.915+0800","caller":"app/config.go:76","func":"github.com/costa92/go-protoc/v2/pkg/app.PrintConfig","msg":"CFG: log.encoder-config.function-key=func","logger_type":"zap","service":"apiserver111","version":"v2.0.0","environment":"development"}
{"level":"debug","ts":"2025-08-22T23:09:57.915+0800","caller":"app/config.go:76","func":"github.com/costa92/go-protoc/v2/pkg/app.PrintConfig","msg":"CFG: feature-gates=","logger_type":"zap","service":"apiserver111","version":"v2.0.0","environment":"development"}
{"level":"debug","ts":"2025-08-22T23:09:57.915+0800","caller":"app/config.go:76","func":"github.com/costa92/go-protoc/v2/pkg/app.PrintConfig","msg":"CFG: log.time-key=ts","logger_type":"zap","service":"apiserver111","version":"v2.0.0","environment":"development"}
{"level":"debug","ts":"2025-08-22T23:09:57.915+0800","caller":"app/config.go:76","func":"github.com/costa92/go-protoc/v2/pkg/app.PrintConfig","msg":"CFG: log.victoria-logs.timeout=10","logger_type":"zap","service":"apiserver111","version":"v2.0.0","environment":"development"}
{"level":"debug","ts":"2025-08-22T23:09:57.915+0800","caller":"app/config.go:76","func":"github.com/costa92/go-protoc/v2/pkg/app.PrintConfig","msg":"CFG: v=0","logger_type":"zap","service":"apiserver111","version":"v2.0.0","environment":"development"}
{"level":"debug","ts":"2025-08-22T23:09:57.915+0800","caller":"app/config.go:76","func":"github.com/costa92/go-protoc/v2/pkg/app.PrintConfig","msg":"CFG: pool-monitor.namespace=apiserver","logger_type":"zap","service":"apiserver111","version":"v2.0.0","environment":"development"}
{"level":"debug","ts":"2025-08-22T23:09:57.915+0800","caller":"app/config.go:76","func":"github.com/costa92/go-protoc/v2/pkg/app.PrintConfig","msg":"CFG: jwt.max-refresh=2h","logger_type":"zap","service":"apiserver111","version":"v2.0.0","environment":"development"}
{"level":"debug","ts":"2025-08-22T23:09:57.915+0800","caller":"app/config.go:76","func":"github.com/costa92/go-protoc/v2/pkg/app.PrintConfig","msg":"CFG: log.encoder-config.stacktrace-key=stacktrace","logger_type":"zap","service":"apiserver111","version":"v2.0.0","environment":"development"}
{"level":"debug","ts":"2025-08-22T23:09:57.915+0800","caller":"app/config.go:76","func":"github.com/costa92/go-protoc/v2/pkg/app.PrintConfig","msg":"CFG: log.encoder-config.time-encoder=iso8601","logger_type":"zap","service":"apiserver111","version":"v2.0.0","environment":"development"}
{"level":"debug","ts":"2025-08-22T23:09:57.915+0800","caller":"app/config.go:76","func":"github.com/costa92/go-protoc/v2/pkg/app.PrintConfig","msg":"CFG: log.victoria-logs.batch-size=100","logger_type":"zap","service":"apiserver111","version":"v2.0.0","environment":"development"}
{"level":"debug","ts":"2025-08-22T23:09:57.916+0800","caller":"app/config.go:76","func":"github.com/costa92/go-protoc/v2/pkg/app.PrintConfig","msg":"CFG: jaeger.agent-port=6831","logger_type":"zap","service":"apiserver111","version":"v2.0.0","environment":"development"}
{"level":"debug","ts":"2025-08-22T23:09:57.916+0800","caller":"app/config.go:76","func":"github.com/costa92/go-protoc/v2/pkg/app.PrintConfig","msg":"CFG: log.victoria-logs.enabled=false","logger_type":"zap","service":"apiserver111","version":"v2.0.0","environment":"development"}
{"level":"debug","ts":"2025-08-22T23:09:57.916+0800","caller":"app/config.go:76","func":"github.com/costa92/go-protoc/v2/pkg/app.PrintConfig","msg":"CFG: help=false","logger_type":"zap","service":"apiserver111","version":"v2.0.0","environment":"development"}
{"level":"debug","ts":"2025-08-22T23:09:57.916+0800","caller":"app/config.go:76","func":"github.com/costa92/go-protoc/v2/pkg/app.PrintConfig","msg":"CFG: log-flush-frequency=5s","logger_type":"zap","service":"apiserver111","version":"v2.0.0","environment":"development"}
{"level":"debug","ts":"2025-08-22T23:09:57.916+0800","caller":"app/config.go:76","func":"github.com/costa92/go-protoc/v2/pkg/app.PrintConfig","msg":"CFG: sentry.ignore-errors=[]","logger_type":"zap","service":"apiserver111","version":"v2.0.0","environment":"development"}
{"level":"debug","ts":"2025-08-22T23:09:57.916+0800","caller":"app/config.go:76","func":"github.com/costa92/go-protoc/v2/pkg/app.PrintConfig","msg":"CFG: redis.pool-timeout=4s","logger_type":"zap","service":"apiserver111","version":"v2.0.0","environment":"development"}
{"level":"debug","ts":"2025-08-22T23:09:57.916+0800","caller":"app/config.go:76","func":"github.com/costa92/go-protoc/v2/pkg/app.PrintConfig","msg":"CFG: jwt.key=onex(#)666","logger_type":"zap","service":"apiserver111","version":"v2.0.0","environment":"development"}
{"level":"debug","ts":"2025-08-22T23:09:57.916+0800","caller":"app/config.go:76","func":"github.com/costa92/go-protoc/v2/pkg/app.PrintConfig","msg":"CFG: version=false","logger_type":"zap","service":"apiserver111","version":"v2.0.0","environment":"development"}
{"level":"debug","ts":"2025-08-22T23:09:57.916+0800","caller":"app/config.go:76","func":"github.com/costa92/go-protoc/v2/pkg/app.PrintConfig","msg":"CFG: redis.dial-timeout=5s","logger_type":"zap","service":"apiserver111","version":"v2.0.0","environment":"development"}
{"level":"debug","ts":"2025-08-22T23:09:57.916+0800","caller":"app/config.go:76","func":"github.com/costa92/go-protoc/v2/pkg/app.PrintConfig","msg":"CFG: mysql.enable-trace=true","logger_type":"zap","service":"apiserver111","version":"v2.0.0","environment":"development"}
{"level":"debug","ts":"2025-08-22T23:09:57.916+0800","caller":"app/config.go:76","func":"github.com/costa92/go-protoc/v2/pkg/app.PrintConfig","msg":"CFG: log.caller-key=caller","logger_type":"zap","service":"apiserver111","version":"v2.0.0","environment":"development"}
{"level":"debug","ts":"2025-08-22T23:09:57.916+0800","caller":"app/config.go:76","func":"github.com/costa92/go-protoc/v2/pkg/app.PrintConfig","msg":"CFG: sentry.enable-tracing=true","logger_type":"zap","service":"apiserver111","version":"v2.0.0","environment":"development"}
{"level":"debug","ts":"2025-08-22T23:09:57.916+0800","caller":"app/config.go:76","func":"github.com/costa92/go-protoc/v2/pkg/app.PrintConfig","msg":"CFG: log.encoder-config.level-key=level","logger_type":"zap","service":"apiserver111","version":"v2.0.0","environment":"development"}
{"level":"debug","ts":"2025-08-22T23:09:57.916+0800","caller":"app/config.go:76","func":"github.com/costa92/go-protoc/v2/pkg/app.PrintConfig","msg":"CFG: log.initial-fields.service=apiserver111","logger_type":"zap","service":"apiserver111","version":"v2.0.0","environment":"development"}
{"level":"debug","ts":"2025-08-22T23:09:57.916+0800","caller":"app/config.go:76","func":"github.com/costa92/go-protoc/v2/pkg/app.PrintConfig","msg":"CFG: log.victoria-logs.service=apiserver","logger_type":"zap","service":"apiserver111","version":"v2.0.0","environment":"development"}
{"level":"debug","ts":"2025-08-22T23:09:57.916+0800","caller":"app/config.go:76","func":"github.com/costa92/go-protoc/v2/pkg/app.PrintConfig","msg":"CFG: log.otlp.resource_attributes.service.name=apiserver","logger_type":"zap","service":"apiserver111","version":"v2.0.0","environment":"development"}
{"level":"debug","ts":"2025-08-22T23:09:57.916+0800","caller":"app/config.go:76","func":"github.com/costa92/go-protoc/v2/pkg/app.PrintConfig","msg":"CFG: redis.username=","logger_type":"zap","service":"apiserver111","version":"v2.0.0","environment":"development"}
{"level":"debug","ts":"2025-08-22T23:09:57.916+0800","caller":"app/config.go:76","func":"github.com/costa92/go-protoc/v2/pkg/app.PrintConfig","msg":"CFG: jaeger.reporter-log-spans=true","logger_type":"zap","service":"apiserver111","version":"v2.0.0","environment":"development"}
{"level":"debug","ts":"2025-08-22T23:09:57.916+0800","caller":"app/config.go:76","func":"github.com/costa92/go-protoc/v2/pkg/app.PrintConfig","msg":"CFG: redis.min-idle-conns=0","logger_type":"zap","service":"apiserver111","version":"v2.0.0","environment":"development"}
{"level":"debug","ts":"2025-08-22T23:09:57.916+0800","caller":"app/config.go:76","func":"github.com/costa92/go-protoc/v2/pkg/app.PrintConfig","msg":"CFG: log.time-encoder=iso8601","logger_type":"zap","service":"apiserver111","version":"v2.0.0","environment":"development"}
{"level":"debug","ts":"2025-08-22T23:09:57.916+0800","caller":"app/config.go:76","func":"github.com/costa92/go-protoc/v2/pkg/app.PrintConfig","msg":"CFG: log.caller-encoder=short","logger_type":"zap","service":"apiserver111","version":"v2.0.0","environment":"development"}
{"level":"debug","ts":"2025-08-22T23:09:57.916+0800","caller":"app/config.go:76","func":"github.com/costa92/go-protoc/v2/pkg/app.PrintConfig","msg":"CFG: log.error-output-paths=[stderr]","logger_type":"zap","service":"apiserver111","version":"v2.0.0","environment":"development"}
{"level":"debug","ts":"2025-08-22T23:09:57.916+0800","caller":"app/config.go:76","func":"github.com/costa92/go-protoc/v2/pkg/app.PrintConfig","msg":"CFG: log.encoding=json","logger_type":"zap","service":"apiserver111","version":"v2.0.0","environment":"development"}
{"level":"debug","ts":"2025-08-22T23:09:57.916+0800","caller":"app/config.go:76","func":"github.com/costa92/go-protoc/v2/pkg/app.PrintConfig","msg":"CFG: jaeger.server=127.0.0.1:6831","logger_type":"zap","service":"apiserver111","version":"v2.0.0","environment":"development"}
{"level":"debug","ts":"2025-08-22T23:09:57.916+0800","caller":"app/config.go:76","func":"github.com/costa92/go-protoc/v2/pkg/app.PrintConfig","msg":"CFG: jaeger.sampler-type=const","logger_type":"zap","service":"apiserver111","version":"v2.0.0","environment":"development"}
{"level":"debug","ts":"2025-08-22T23:09:57.916+0800","caller":"app/config.go:76","func":"github.com/costa92/go-protoc/v2/pkg/app.PrintConfig","msg":"CFG: jaeger.agent-host=127.0.0.1","logger_type":"zap","service":"apiserver111","version":"v2.0.0","environment":"development"}
{"level":"debug","ts":"2025-08-22T23:09:57.916+0800","caller":"app/config.go:76","func":"github.com/costa92/go-protoc/v2/pkg/app.PrintConfig","msg":"CFG: http.timeout=10s","logger_type":"zap","service":"apiserver111","version":"v2.0.0","environment":"development"}
{"level":"debug","ts":"2025-08-22T23:09:57.916+0800","caller":"app/config.go:76","func":"github.com/costa92/go-protoc/v2/pkg/app.PrintConfig","msg":"CFG: log.enable-color=false","logger_type":"zap","service":"apiserver111","version":"v2.0.0","environment":"development"}
{"level":"debug","ts":"2025-08-22T23:09:57.916+0800","caller":"app/config.go:76","func":"github.com/costa92/go-protoc/v2/pkg/app.PrintConfig","msg":"CFG: sentry.flush-timeout=5s","logger_type":"zap","service":"apiserver111","version":"v2.0.0","environment":"development"}
{"level":"debug","ts":"2025-08-22T23:09:57.916+0800","caller":"app/config.go:76","func":"github.com/costa92/go-protoc/v2/pkg/app.PrintConfig","msg":"CFG: pool-monitor.database.enabled=true","logger_type":"zap","service":"apiserver111","version":"v2.0.0","environment":"development"}
{"level":"debug","ts":"2025-08-22T23:09:57.916+0800","caller":"app/config.go:76","func":"github.com/costa92/go-protoc/v2/pkg/app.PrintConfig","msg":"CFG: log.compress=true","logger_type":"zap","service":"apiserver111","version":"v2.0.0","environment":"development"}
{"level":"debug","ts":"2025-08-22T23:09:57.916+0800","caller":"app/config.go:76","func":"github.com/costa92/go-protoc/v2/pkg/app.PrintConfig","msg":"CFG: log.max-backups=5","logger_type":"zap","service":"apiserver111","version":"v2.0.0","environment":"development"}
{"level":"debug","ts":"2025-08-22T23:09:57.916+0800","caller":"app/config.go:76","func":"github.com/costa92/go-protoc/v2/pkg/app.PrintConfig","msg":"CFG: jwt.signing-method=HS512","logger_type":"zap","service":"apiserver111","version":"v2.0.0","environment":"development"}
{"level":"debug","ts":"2025-08-22T23:09:57.916+0800","caller":"app/config.go:76","func":"github.com/costa92/go-protoc/v2/pkg/app.PrintConfig","msg":"CFG: sentry.dsn=","logger_type":"zap","service":"apiserver111","version":"v2.0.0","environment":"development"}
{"level":"debug","ts":"2025-08-22T23:09:57.916+0800","caller":"app/config.go:76","func":"github.com/costa92/go-protoc/v2/pkg/app.PrintConfig","msg":"CFG: redis.write-timeout=3s","logger_type":"zap","service":"apiserver111","version":"v2.0.0","environment":"development"}
{"level":"debug","ts":"2025-08-22T23:09:57.916+0800","caller":"app/config.go:76","func":"github.com/costa92/go-protoc/v2/pkg/app.PrintConfig","msg":"CFG: log.encoder-config.level-encoder=lowercase","logger_type":"zap","service":"apiserver111","version":"v2.0.0","environment":"development"}
{"level":"debug","ts":"2025-08-22T23:09:57.916+0800","caller":"app/config.go:76","func":"github.com/costa92/go-protoc/v2/pkg/app.PrintConfig","msg":"CFG: redis.addr=127.0.0.1:6379","logger_type":"zap","service":"apiserver111","version":"v2.0.0","environment":"development"}
{"level":"debug","ts":"2025-08-22T23:09:57.916+0800","caller":"app/config.go:76","func":"github.com/costa92/go-protoc/v2/pkg/app.PrintConfig","msg":"CFG: mysql.password=proj(#)666","logger_type":"zap","service":"apiserver111","version":"v2.0.0","environment":"development"}
{"level":"debug","ts":"2025-08-22T23:09:57.917+0800","caller":"app/config.go:76","func":"github.com/costa92/go-protoc/v2/pkg/app.PrintConfig","msg":"CFG: log.encoder-config.message-key=msg","logger_type":"zap","service":"apiserver111","version":"v2.0.0","environment":"development"}
{"level":"debug","ts":"2025-08-22T23:09:57.917+0800","caller":"app/config.go:76","func":"github.com/costa92/go-protoc/v2/pkg/app.PrintConfig","msg":"CFG: mysql.log-level=1","logger_type":"zap","service":"apiserver111","version":"v2.0.0","environment":"development"}
{"level":"debug","ts":"2025-08-22T23:09:57.917+0800","caller":"app/config.go:76","func":"github.com/costa92/go-protoc/v2/pkg/app.PrintConfig","msg":"CFG: log.dynamic=false","logger_type":"zap","service":"apiserver111","version":"v2.0.0","environment":"development"}
{"level":"debug","ts":"2025-08-22T23:09:57.917+0800","caller":"app/config.go:76","func":"github.com/costa92/go-protoc/v2/pkg/app.PrintConfig","msg":"CFG: log.format=json","logger_type":"zap","service":"apiserver111","version":"v2.0.0","environment":"development"}
{"level":"debug","ts":"2025-08-22T23:09:57.917+0800","caller":"app/config.go:76","func":"github.com/costa92/go-protoc/v2/pkg/app.PrintConfig","msg":"CFG: pool-monitor.redis.enabled=true","logger_type":"zap","service":"apiserver111","version":"v2.0.0","environment":"development"}
{"level":"debug","ts":"2025-08-22T23:09:57.917+0800","caller":"app/config.go:76","func":"github.com/costa92/go-protoc/v2/pkg/app.PrintConfig","msg":"CFG: redis.database=0","logger_type":"zap","service":"apiserver111","version":"v2.0.0","environment":"development"}
{"level":"debug","ts":"2025-08-22T23:09:57.917+0800","caller":"app/config.go:76","func":"github.com/costa92/go-protoc/v2/pkg/app.PrintConfig","msg":"CFG: sentry.traces-sample-rate=0.1","logger_type":"zap","service":"apiserver111","version":"v2.0.0","environment":"development"}
{"level":"debug","ts":"2025-08-22T23:09:57.917+0800","caller":"app/config.go:76","func":"github.com/costa92/go-protoc/v2/pkg/app.PrintConfig","msg":"CFG: log.stacktrace-key=stacktrace","logger_type":"zap","service":"apiserver111","version":"v2.0.0","environment":"development"}
{"level":"debug","ts":"2025-08-22T23:09:57.917+0800","caller":"app/config.go:76","func":"github.com/costa92/go-protoc/v2/pkg/app.PrintConfig","msg":"CFG: redis.pool-size=10","logger_type":"zap","service":"apiserver111","version":"v2.0.0","environment":"development"}
{"level":"debug","ts":"2025-08-22T23:09:57.917+0800","caller":"app/config.go:76","func":"github.com/costa92/go-protoc/v2/pkg/app.PrintConfig","msg":"CFG: jaeger.service-name=apiserver","logger_type":"zap","service":"apiserver111","version":"v2.0.0","environment":"development"}
{"level":"debug","ts":"2025-08-22T23:09:57.917+0800","caller":"app/config.go:76","func":"github.com/costa92/go-protoc/v2/pkg/app.PrintConfig","msg":"CFG: log.otlp.export_timeout=30s","logger_type":"zap","service":"apiserver111","version":"v2.0.0","environment":"development"}
{"level":"debug","ts":"2025-08-22T23:09:57.917+0800","caller":"app/config.go:76","func":"github.com/costa92/go-protoc/v2/pkg/app.PrintConfig","msg":"CFG: log.otlp.endpoint=127.0.0.1:4327","logger_type":"zap","service":"apiserver111","version":"v2.0.0","environment":"development"}
{"level":"debug","ts":"2025-08-22T23:09:57.917+0800","caller":"app/config.go:76","func":"github.com/costa92/go-protoc/v2/pkg/app.PrintConfig","msg":"CFG: sentry.profiles-sample-rate=0.1","logger_type":"zap","service":"apiserver111","version":"v2.0.0","environment":"development"}
{"level":"debug","ts":"2025-08-22T23:09:57.917+0800","caller":"app/config.go:76","func":"github.com/costa92/go-protoc/v2/pkg/app.PrintConfig","msg":"CFG: sentry.enabled=false","logger_type":"zap","service":"apiserver111","version":"v2.0.0","environment":"development"}
{"level":"debug","ts":"2025-08-22T23:09:57.917+0800","caller":"app/config.go:76","func":"github.com/costa92/go-protoc/v2/pkg/app.PrintConfig","msg":"CFG: log.victoria-logs.endpoint=http://127.0.0.1:9428","logger_type":"zap","service":"apiserver111","version":"v2.0.0","environment":"development"}
{"level":"debug","ts":"2025-08-22T23:09:57.917+0800","caller":"app/config.go:76","func":"github.com/costa92/go-protoc/v2/pkg/app.PrintConfig","msg":"CFG: jaeger.sampler-param=1","logger_type":"zap","service":"apiserver111","version":"v2.0.0","environment":"development"}
{"level":"debug","ts":"2025-08-22T23:09:57.917+0800","caller":"app/config.go:76","func":"github.com/costa92/go-protoc/v2/pkg/app.PrintConfig","msg":"CFG: log.disable-stacktrace=false","logger_type":"zap","service":"apiserver111","version":"v2.0.0","environment":"development"}
{"level":"debug","ts":"2025-08-22T23:09:57.917+0800","caller":"app/config.go:76","func":"github.com/costa92/go-protoc/v2/pkg/app.PrintConfig","msg":"CFG: log.level-key=level","logger_type":"zap","service":"apiserver111","version":"v2.0.0","environment":"development"}
{"level":"debug","ts":"2025-08-22T23:09:57.917+0800","caller":"app/config.go:76","func":"github.com/costa92/go-protoc/v2/pkg/app.PrintConfig","msg":"CFG: log.otlp.insecure=true","logger_type":"zap","service":"apiserver111","version":"v2.0.0","environment":"development"}
{"level":"debug","ts":"2025-08-22T23:09:57.917+0800","caller":"app/config.go:76","func":"github.com/costa92/go-protoc/v2/pkg/app.PrintConfig","msg":"CFG: log.otlp.timeout=10s","logger_type":"zap","service":"apiserver111","version":"v2.0.0","environment":"development"}
{"level":"debug","ts":"2025-08-22T23:09:57.917+0800","caller":"app/config.go:76","func":"github.com/costa92/go-protoc/v2/pkg/app.PrintConfig","msg":"CFG: log.victoria-logs.flush-interval=5","logger_type":"zap","service":"apiserver111","version":"v2.0.0","environment":"development"}
{"level":"debug","ts":"2025-08-22T23:09:57.917+0800","caller":"app/config.go:76","func":"github.com/costa92/go-protoc/v2/pkg/app.PrintConfig","msg":"CFG: vmodule=","logger_type":"zap","service":"apiserver111","version":"v2.0.0","environment":"development"}
{"level":"debug","ts":"2025-08-22T23:09:57.917+0800","caller":"app/config.go:76","func":"github.com/costa92/go-protoc/v2/pkg/app.PrintConfig","msg":"CFG: mysql.log-mode=1","logger_type":"zap","service":"apiserver111","version":"v2.0.0","environment":"development"}
{"level":"debug","ts":"2025-08-22T23:09:57.917+0800","caller":"app/config.go:76","func":"github.com/costa92/go-protoc/v2/pkg/app.PrintConfig","msg":"CFG: grpc.network=tcp","logger_type":"zap","service":"apiserver111","version":"v2.0.0","environment":"development"}
{"level":"debug","ts":"2025-08-22T23:09:57.917+0800","caller":"app/config.go:76","func":"github.com/costa92/go-protoc/v2/pkg/app.PrintConfig","msg":"CFG: log.level=debug","logger_type":"zap","service":"apiserver111","version":"v2.0.0","environment":"development"}
{"level":"debug","ts":"2025-08-22T23:09:57.917+0800","caller":"app/config.go:76","func":"github.com/costa92/go-protoc/v2/pkg/app.PrintConfig","msg":"CFG: log.level-encoder=lowercase","logger_type":"zap","service":"apiserver111","version":"v2.0.0","environment":"development"}
{"level":"debug","ts":"2025-08-22T23:09:57.917+0800","caller":"app/config.go:76","func":"github.com/costa92/go-protoc/v2/pkg/app.PrintConfig","msg":"CFG: log.max-age=7","logger_type":"zap","service":"apiserver111","version":"v2.0.0","environment":"development"}
{"level":"debug","ts":"2025-08-22T23:09:57.917+0800","caller":"app/config.go:76","func":"github.com/costa92/go-protoc/v2/pkg/app.PrintConfig","msg":"CFG: sentry.attach-stacktrace=true","logger_type":"zap","service":"apiserver111","version":"v2.0.0","environment":"development"}
{"level":"debug","ts":"2025-08-22T23:09:57.917+0800","caller":"app/config.go:76","func":"github.com/costa92/go-protoc/v2/pkg/app.PrintConfig","msg":"CFG: jaeger.enabled=true","logger_type":"zap","service":"apiserver111","version":"v2.0.0","environment":"development"}
{"level":"debug","ts":"2025-08-22T23:09:57.917+0800","caller":"app/config.go:76","func":"github.com/costa92/go-protoc/v2/pkg/app.PrintConfig","msg":"CFG: log.otlp.resource_attributes.service.namespace=go-protoc","logger_type":"zap","service":"apiserver111","version":"v2.0.0","environment":"development"}
{"level":"debug","ts":"2025-08-22T23:09:57.917+0800","caller":"app/config.go:76","func":"github.com/costa92/go-protoc/v2/pkg/app.PrintConfig","msg":"CFG: http.addr=0.0.0.0:8080","logger_type":"zap","service":"apiserver111","version":"v2.0.0","environment":"development"}
{"level":"debug","ts":"2025-08-22T23:09:57.917+0800","caller":"app/config.go:76","func":"github.com/costa92/go-protoc/v2/pkg/app.PrintConfig","msg":"CFG: redis.read-timeout=3s","logger_type":"zap","service":"apiserver111","version":"v2.0.0","environment":"development"}
{"level":"debug","ts":"2025-08-22T23:09:57.917+0800","caller":"app/config.go:76","func":"github.com/costa92/go-protoc/v2/pkg/app.PrintConfig","msg":"CFG: log.type=zap","logger_type":"zap","service":"apiserver111","version":"v2.0.0","environment":"development"}
{"level":"debug","ts":"2025-08-22T23:09:57.917+0800","caller":"app/config.go:76","func":"github.com/costa92/go-protoc/v2/pkg/app.PrintConfig","msg":"CFG: log.encoder-config.caller-key=caller","logger_type":"zap","service":"apiserver111","version":"v2.0.0","environment":"development"}
{"level":"debug","ts":"2025-08-22T23:09:57.917+0800","caller":"app/config.go:76","func":"github.com/costa92/go-protoc/v2/pkg/app.PrintConfig","msg":"CFG: log.victoria-logs.buffer-size=1000","logger_type":"zap","service":"apiserver111","version":"v2.0.0","environment":"development"}
{"level":"debug","ts":"2025-08-22T23:09:57.917+0800","caller":"app/config.go:76","func":"github.com/costa92/go-protoc/v2/pkg/app.PrintConfig","msg":"CFG: log.otlp.resource_attributes.service.version=v2.0.0","logger_type":"zap","service":"apiserver111","version":"v2.0.0","environment":"development"}
{"level":"debug","ts":"2025-08-22T23:09:57.917+0800","caller":"app/config.go:76","func":"github.com/costa92/go-protoc/v2/pkg/app.PrintConfig","msg":"CFG: mysql.max-open-connections=100","logger_type":"zap","service":"apiserver111","version":"v2.0.0","environment":"development"}
{"level":"debug","ts":"2025-08-22T23:09:57.917+0800","caller":"app/config.go:76","func":"github.com/costa92/go-protoc/v2/pkg/app.PrintConfig","msg":"CFG: log.caller-skip=1","logger_type":"zap","service":"apiserver111","version":"v2.0.0","environment":"development"}
{"level":"debug","ts":"2025-08-22T23:09:57.917+0800","caller":"app/config.go:76","func":"github.com/costa92/go-protoc/v2/pkg/app.PrintConfig","msg":"CFG: pool-monitor.database.slow-query=1s","logger_type":"zap","service":"apiserver111","version":"v2.0.0","environment":"development"}
{"level":"debug","ts":"2025-08-22T23:09:57.917+0800","caller":"app/config.go:76","func":"github.com/costa92/go-protoc/v2/pkg/app.PrintConfig","msg":"CFG: log.disable-caller=false","logger_type":"zap","service":"apiserver111","version":"v2.0.0","environment":"development"}
{"level":"debug","ts":"2025-08-22T23:09:57.917+0800","caller":"app/config.go:76","func":"github.com/costa92/go-protoc/v2/pkg/app.PrintConfig","msg":"CFG: grpc.timeout=10s","logger_type":"zap","service":"apiserver111","version":"v2.0.0","environment":"development"}
{"level":"debug","ts":"2025-08-22T23:09:57.917+0800","caller":"app/config.go:76","func":"github.com/costa92/go-protoc/v2/pkg/app.PrintConfig","msg":"CFG: config=configs/apiserver.yaml","logger_type":"zap","service":"apiserver111","version":"v2.0.0","environment":"development"}
{"level":"debug","ts":"2025-08-22T23:09:57.917+0800","caller":"app/config.go:76","func":"github.com/costa92/go-protoc/v2/pkg/app.PrintConfig","msg":"CFG: log.encoder-config.time-key=ts","logger_type":"zap","service":"apiserver111","version":"v2.0.0","environment":"development"}
{"level":"debug","ts":"2025-08-22T23:09:57.917+0800","caller":"app/config.go:76","func":"github.com/costa92/go-protoc/v2/pkg/app.PrintConfig","msg":"CFG: log.otlp.resource_attributes.deployment.environment=development","logger_type":"zap","service":"apiserver111","version":"v2.0.0","environment":"development"}
{"level":"debug","ts":"2025-08-22T23:09:57.917+0800","caller":"app/config.go:76","func":"github.com/costa92/go-protoc/v2/pkg/app.PrintConfig","msg":"CFG: log.function-key=func","logger_type":"zap","service":"apiserver111","version":"v2.0.0","environment":"development"}
{"level":"debug","ts":"2025-08-22T23:09:57.917+0800","caller":"app/config.go:76","func":"github.com/costa92/go-protoc/v2/pkg/app.PrintConfig","msg":"CFG: mysql.username=root","logger_type":"zap","service":"apiserver111","version":"v2.0.0","environment":"development"}
{"level":"info","ts":"2025-08-22T23:09:57.917+0800","caller":"app/server.go:67","msg":"Connection pool metrics collection is enabled through dependency injection"}
{"level":"info","ts":"2025-08-22T23:09:57.918+0800","caller":"app/server.go:68","msg":"Metrics will be automatically collected by the PoolMonitor when database connections are established"}
{"level":"info","ts":"2025-08-22T23:09:57.918+0800","caller":"app/server.go:71","msg":"Database pool monitoring enabled","slow_query_threshold":1000,"collect_interval":30000}
{"level":"info","ts":"2025-08-22T23:09:57.918+0800","caller":"app/server.go:77","msg":"Redis pool monitoring enabled","collect_interval":30000}
{"level":"info","ts":"2025-08-22T23:09:57.918+0800","caller":"apiserver/server.go:66","msg":"Initializing API server","service":"Unknown","version":"v0.0.0-master+$Format:%h$","branch":"unknown","commit":"$Format:","build_date":"1970-01-01T00:00:00Z","go_version":"go1.25.0"}
{"level":"info","ts":"2025-08-22T23:09:57.918+0800","caller":"apiserver/server.go:78","msg":"Logger configuration","level":"debug","format":"json"}
{"level":"debug","ts":"2025-08-22T23:09:57.918+0800","caller":"apiserver/server.go:79","func":"github.com/costa92/go-protoc/v2/internal/apiserver.(*Config).NewServer","msg":"Debug logging enabled","logger_type":"zap","service":"apiserver111","version":"v2.0.0","environment":"development","caller_skip":2,"enable_color":false}
{"level":"info","ts":"2025-08-22T23:09:57.918+0800","caller":"apiserver/server.go:83","msg":"Validating service connections before startup..."}
{"level":"info","ts":"2025-08-22T23:09:57.918+0800","caller":"apiserver/server.go:87","msg":"Testing MySQL connection..."}
{"level":"info","ts":"2025-08-22T23:09:57.923+0800","caller":"apiserver/server.go:92","msg":"MySQL connection test passed"}
{"level":"info","ts":"2025-08-22T23:09:57.923+0800","caller":"apiserver/server.go:97","msg":"Testing Redis connection..."}
{"level":"info","ts":"2025-08-22T23:09:57.926+0800","caller":"apiserver/server.go:102","msg":"Redis connection test passed"}
{"level":"info","ts":"2025-08-22T23:09:57.926+0800","caller":"apiserver/server.go:107","msg":"Testing Jaeger connection..."}
{"level":"info","ts":"2025-08-22T23:09:57.926+0800","caller":"apiserver/server.go:112","msg":"Jaeger connection test passed"}
{"level":"info","ts":"2025-08-22T23:09:57.926+0800","caller":"apiserver/server.go:115","msg":"All service connections validated successfully"}
{"level":"info","ts":"2025-08-22T23:09:58.022+0800","caller":"server/kratos_server.go:47","msg":"Start to listening the incoming requests","protocol":"kratos"}
{"level":"info","ts":"2025-08-22T23:09:58.023+0800","caller":"logger/kratos_adapter.go:40","msg":"[gRPC] server listening on: [::]:9090","ts":"2025-08-22T23:09:58+08:00","caller":"grpc/server.go:220","msg":"[gRPC] server listening on: [::]:9090"}
{"level":"info","ts":"2025-08-22T23:09:58.023+0800","caller":"logger/kratos_adapter.go:40","msg":"[HTTP] server listening on: [::]:8080","ts":"2025-08-22T23:09:58+08:00","caller":"http/server.go:330","msg":"[HTTP] server listening on: [::]:8080"}
{"level":"error","ts":"2025-08-22T23:10:21.404+0800","caller":"handler/user.go:14","func":"github.com/costa92/go-protoc/v2/internal/apiserver/handler.(*Handler).GetUser","msg":"GetUser failed","logger_type":"zap","service":"apiserver111","version":"v2.0.0","environment":"development","error":"business logic error","user_id":"1","stacktrace":"github.com/costa92/go-protoc/v2/internal/apiserver/handler.(*Handler).GetUser\n\t/Users/costalong/code/go/src/github.com/costa92/go-protoc/internal/apiserver/handler/user.go:14\ngithub.com/costa92/go-protoc/v2/pkg/api/apiserver/v1.RegisterApiServerHTTPServer._ApiServer_GetUser0_HTTP_Handler.func1.1\n\t/Users/costalong/code/go/src/github.com/costa92/go-protoc/pkg/api/apiserver/v1/apiserver_http.pb.go:47\ngithub.com/costa92/go-protoc/v2/internal/apiserver.NewMiddlewares.Server.func5.1\n\t/Users/costalong/code/go/src/github.com/costa92/go-protoc/internal/pkg/middleware/logging/logging.go:107\ngithub.com/costa92/go-protoc/v2/internal/pkg/middleware/i18n.Translator.func1.1\n\t/Users/costalong/code/go/src/github.com/costa92/go-protoc/internal/pkg/middleware/i18n/i18n.go:28\ngithub.com/costa92/go-protoc/v2/internal/pkg/middleware/tracing.Server.func1.1\n\t/Users/costalong/code/go/src/github.com/costa92/go-protoc/internal/pkg/middleware/tracing/tracing.go:62\ngithub.com/costa92/go-protoc/v2/internal/apiserver.NewMiddlewares.ServerJWTAuth.func2.1\n\t/Users/costalong/code/go/src/github.com/costa92/go-protoc/pkg/middleware/authn/jwt_auth.go:102\ngithub.com/costa92/go-protoc/v2/internal/apiserver.NewMiddlewares.Validator.func1.1\n\t/Users/costalong/code/go/src/github.com/costa92/go-protoc/internal/pkg/middleware/validate/validate_kratos.go:38\ngithub.com/costa92/go-protoc/v2/pkg/api/apiserver/v1.RegisterApiServerHTTPServer._ApiServer_GetUser0_HTTP_Handler.func1\n\t/Users/costalong/code/go/src/github.com/costa92/go-protoc/pkg/api/apiserver/v1/apiserver_http.pb.go:49\ngithub.com/go-kratos/kratos/v2/transport/http.(*Router).Handle.func1\n\t/Users/costalong/.gvm/pkgsets/go1.25/global/pkg/mod/github.com/go-kratos/kratos/v2@v2.8.3/transport/http/router.go:49\nnet/http.HandlerFunc.ServeHTTP\n\t/Users/costalong/.gvm/gos/go1.25/src/net/http/server.go:2322\ngithub.com/go-kratos/kratos/v2/transport/http.NewServer.(*Server).filter.func1.1\n\t/Users/costalong/.gvm/pkgsets/go1.25/global/pkg/mod/github.com/go-kratos/kratos/v2@v2.8.3/transport/http/server.go:305\nnet/http.HandlerFunc.ServeHTTP\n\t/Users/costalong/.gvm/gos/go1.25/src/net/http/server.go:2322\ngithub.com/gorilla/mux.(*Router).ServeHTTP\n\t/Users/costalong/.gvm/pkgsets/go1.25/global/pkg/mod/github.com/gorilla/mux@v1.8.1/mux.go:212\ngithub.com/gorilla/handlers.(*cors).ServeHTTP\n\t/Users/costalong/.gvm/pkgsets/go1.25/global/pkg/mod/github.com/gorilla/handlers@v1.5.2/cors.go:54\nnet/http.serverHandler.ServeHTTP\n\t/Users/costalong/.gvm/gos/go1.25/src/net/http/server.go:3340\nnet/http.(*conn).serve\n\t/Users/costalong/.gvm/gos/go1.25/src/net/http/server.go:2109"}
{"level":"info","ts":"2025-08-22T23:10:21.426+0800","caller":"logger/kratos_adapter.go:40","msg":"apiserver.v1.ApiServer.GetUser","ts":"2025-08-22T23:10:21+08:00","caller":"runtime/asm_arm64.s:1268","kind":"server","component":"http","operation":"/apiserver.v1.ApiServer/GetUser","args":"id:\"1\"","code":0,"reason":"","stack":"","latency":0.0222605}
{"level":"info","ts":"2025-08-22T23:17:04.348+0800","caller":"server/server.go:29","msg":"Shutting down server...","service":"Unknown","version":"v0.0.0-master+$Format:%h$"}
{"level":"info","ts":"2025-08-22T23:17:04.348+0800","caller":"logger/kratos_adapter.go:40","msg":"[HTTP] server stopping","ts":"2025-08-22T23:17:04+08:00","caller":"http/server.go:345","msg":"[HTTP] server stopping"}
{"level":"info","ts":"2025-08-22T23:17:04.349+0800","caller":"server/kratos_server.go:54","msg":"Gracefully stop kratos application"}
{"level":"info","ts":"2025-08-22T23:17:04.349+0800","caller":"server/server.go:40","msg":"Server exited successfully.","service":"Unknown","version":"v0.0.0-master+$Format:%h$"}
{"level":"info","ts":"2025-08-22T23:18:10.667+0800","caller":"app/app.go:306","msg":"Starting application","name":"apiserver","version":"{\"gitVersion\":\"v0.0.0-master+$Format:%h$\",\"gitCommit\":\"$Format:%H$\",\"gitTreeState\":\"\",\"gitBranch\":\"unknown\",\"buildDate\":\"1970-01-01T00:00:00Z\",\"serviceName\":\"apiserver\",\"goVersion\":\"go1.25.0\",\"compiler\":\"gc\",\"platform\":\"darwin/arm64\"}"}
{"level":"info","ts":"2025-08-22T23:18:10.667+0800","caller":"app/app.go:307","msg":"Golang settings","GOGC":"","GOMAXPROCS":"","GOTRACEBACK":""}
{"level":"info","ts":"2025-08-22T23:18:10.669+0800","caller":"app/server.go:67","msg":"Connection pool metrics collection is enabled through dependency injection"}
{"level":"info","ts":"2025-08-22T23:18:10.669+0800","caller":"app/server.go:68","msg":"Metrics will be automatically collected by the PoolMonitor when database connections are established"}
{"level":"info","ts":"2025-08-22T23:18:10.669+0800","caller":"app/server.go:71","msg":"Database pool monitoring enabled","slow_query_threshold":1000,"collect_interval":30000}
{"level":"info","ts":"2025-08-22T23:18:10.669+0800","caller":"app/server.go:77","msg":"Redis pool monitoring enabled","collect_interval":30000}
{"level":"info","ts":"2025-08-22T23:18:10.669+0800","caller":"apiserver/server.go:66","msg":"Initializing API server","service":"apiserver","version":"v0.0.0-master+$Format:%h$","branch":"unknown","commit":"$Format:","build_date":"1970-01-01T00:00:00Z","go_version":"go1.25.0"}
{"level":"info","ts":"2025-08-22T23:18:10.669+0800","caller":"apiserver/server.go:78","msg":"Logger configuration","level":"info","format":"json"}
{"level":"info","ts":"2025-08-22T23:18:10.669+0800","caller":"apiserver/server.go:83","msg":"Validating service connections before startup..."}
{"level":"info","ts":"2025-08-22T23:18:10.669+0800","caller":"apiserver/server.go:87","msg":"Testing MySQL connection..."}
{"level":"info","ts":"2025-08-22T23:18:10.676+0800","caller":"apiserver/server.go:92","msg":"MySQL connection test passed"}
{"level":"info","ts":"2025-08-22T23:18:10.676+0800","caller":"apiserver/server.go:97","msg":"Testing Redis connection..."}
{"level":"info","ts":"2025-08-22T23:18:31.238+0800","caller":"app/app.go:306","msg":"Starting application","name":"apiserver","version":"{\"gitVersion\":\"v0.0.0-master+$Format:%h$\",\"gitCommit\":\"$Format:%H$\",\"gitTreeState\":\"\",\"gitBranch\":\"unknown\",\"buildDate\":\"1970-01-01T00:00:00Z\",\"serviceName\":\"apiserver\",\"goVersion\":\"go1.25.0\",\"compiler\":\"gc\",\"platform\":\"darwin/arm64\"}"}
{"level":"info","ts":"2025-08-22T23:18:31.239+0800","caller":"app/app.go:307","msg":"Golang settings","GOGC":"","GOMAXPROCS":"","GOTRACEBACK":""}
{"level":"info","ts":"2025-08-22T23:18:31.240+0800","caller":"app/server.go:67","msg":"Connection pool metrics collection is enabled through dependency injection"}
{"level":"info","ts":"2025-08-22T23:18:31.240+0800","caller":"app/server.go:68","msg":"Metrics will be automatically collected by the PoolMonitor when database connections are established"}
{"level":"info","ts":"2025-08-22T23:18:31.240+0800","caller":"app/server.go:71","msg":"Database pool monitoring enabled","slow_query_threshold":1000,"collect_interval":30000}
{"level":"info","ts":"2025-08-22T23:18:31.240+0800","caller":"app/server.go:77","msg":"Redis pool monitoring enabled","collect_interval":30000}
{"level":"info","ts":"2025-08-22T23:18:31.240+0800","caller":"apiserver/server.go:66","msg":"Initializing API server","service":"apiserver","version":"v0.0.0-master+$Format:%h$","branch":"unknown","commit":"$Format:","build_date":"1970-01-01T00:00:00Z","go_version":"go1.25.0"}
{"level":"info","ts":"2025-08-22T23:18:31.240+0800","caller":"apiserver/server.go:78","msg":"Logger configuration","level":"info","format":"json"}
{"level":"info","ts":"2025-08-22T23:18:31.240+0800","caller":"apiserver/server.go:83","msg":"Validating service connections before startup..."}
{"level":"info","ts":"2025-08-22T23:18:31.240+0800","caller":"apiserver/server.go:87","msg":"Testing MySQL connection..."}
{"level":"info","ts":"2025-08-22T23:18:31.243+0800","caller":"apiserver/server.go:92","msg":"MySQL connection test passed"}
{"level":"info","ts":"2025-08-22T23:18:31.243+0800","caller":"apiserver/server.go:97","msg":"Testing Redis connection..."}
{"level":"info","ts":"2025-08-22T23:18:31.245+0800","caller":"apiserver/server.go:102","msg":"Redis connection test passed"}
{"level":"info","ts":"2025-08-22T23:18:31.245+0800","caller":"apiserver/server.go:107","msg":"Testing Jaeger connection..."}
{"level":"info","ts":"2025-08-22T23:18:31.245+0800","caller":"apiserver/server.go:112","msg":"Jaeger connection test passed"}
{"level":"info","ts":"2025-08-22T23:18:31.245+0800","caller":"apiserver/server.go:115","msg":"All service connections validated successfully"}
{"level":"info","ts":"2025-08-22T23:18:31.342+0800","caller":"server/kratos_server.go:47","msg":"Start to listening the incoming requests","protocol":"kratos"}
{"level":"info","ts":"2025-08-22T23:18:31.342+0800","caller":"logger/kratos_adapter.go:40","msg":"[HTTP] server listening on: [::]:8080","ts":"2025-08-22T23:18:31+08:00","caller":"http/server.go:330","msg":"[HTTP] server listening on: [::]:8080"}
{"level":"info","ts":"2025-08-22T23:18:31.342+0800","caller":"logger/kratos_adapter.go:40","msg":"[gRPC] server listening on: [::]:9090","ts":"2025-08-22T23:18:31+08:00","caller":"grpc/server.go:220","msg":"[gRPC] server listening on: [::]:9090"}
{"level":"info","ts":"2025-08-22T23:23:10.953+0800","caller":"app/app.go:308","msg":"Starting application","name":"apiserver","version":"{\"gitVersion\":\"v0.0.0-master+$Format:%h$\",\"gitCommit\":\"$Format:%H$\",\"gitTreeState\":\"\",\"gitBranch\":\"unknown\",\"buildDate\":\"1970-01-01T00:00:00Z\",\"serviceName\":\"apiserver\",\"goVersion\":\"go1.25.0\",\"compiler\":\"gc\",\"platform\":\"darwin/arm64\"}"}
{"level":"info","ts":"2025-08-22T23:23:10.953+0800","caller":"app/app.go:309","msg":"Golang settings","GOGC":"","GOMAXPROCS":"","GOTRACEBACK":""}
{"level":"debug","ts":"2025-08-22T23:23:10.953+0800","caller":"app/config.go:76","func":"github.com/costa92/go-protoc/v2/pkg/app.PrintConfig","msg":"CFG: sentry.environment=development","version":"v2.0.0","environment":"development","service":"apiserver111","branch":"unknown","logger_type":"zap"}
{"level":"debug","ts":"2025-08-22T23:23:10.953+0800","caller":"app/config.go:76","func":"github.com/costa92/go-protoc/v2/pkg/app.PrintConfig","msg":"CFG: mysql.username=root","version":"v2.0.0","environment":"development","service":"apiserver111","branch":"unknown","logger_type":"zap"}
{"level":"debug","ts":"2025-08-22T23:23:10.953+0800","caller":"app/config.go:76","func":"github.com/costa92/go-protoc/v2/pkg/app.PrintConfig","msg":"CFG: redis.write-timeout=3s","version":"v2.0.0","environment":"development","service":"apiserver111","branch":"unknown","logger_type":"zap"}
{"level":"debug","ts":"2025-08-22T23:23:10.953+0800","caller":"app/config.go:76","func":"github.com/costa92/go-protoc/v2/pkg/app.PrintConfig","msg":"CFG: log.encoder-config.caller-key=caller","version":"v2.0.0","environment":"development","service":"apiserver111","branch":"unknown","logger_type":"zap"}
{"level":"debug","ts":"2025-08-22T23:23:10.953+0800","caller":"app/config.go:76","func":"github.com/costa92/go-protoc/v2/pkg/app.PrintConfig","msg":"CFG: mysql.log-level=1","version":"v2.0.0","environment":"development","service":"apiserver111","branch":"unknown","logger_type":"zap"}
{"level":"debug","ts":"2025-08-22T23:23:10.953+0800","caller":"app/config.go:76","func":"github.com/costa92/go-protoc/v2/pkg/app.PrintConfig","msg":"CFG: jaeger.env=development","version":"v2.0.0","environment":"development","service":"apiserver111","branch":"unknown","logger_type":"zap"}
{"level":"debug","ts":"2025-08-22T23:23:10.953+0800","caller":"app/config.go:76","func":"github.com/costa92/go-protoc/v2/pkg/app.PrintConfig","msg":"CFG: log.enable-color=false","version":"v2.0.0","environment":"development","service":"apiserver111","branch":"unknown","logger_type":"zap"}
{"level":"debug","ts":"2025-08-22T23:23:10.953+0800","caller":"app/config.go:76","func":"github.com/costa92/go-protoc/v2/pkg/app.PrintConfig","msg":"CFG: pool-monitor.collect-interval=30s","version":"v2.0.0","environment":"development","service":"apiserver111","branch":"unknown","logger_type":"zap"}
{"level":"debug","ts":"2025-08-22T23:23:10.953+0800","caller":"app/config.go:76","func":"github.com/costa92/go-protoc/v2/pkg/app.PrintConfig","msg":"CFG: log-flush-frequency=5s","version":"v2.0.0","environment":"development","service":"apiserver111","branch":"unknown","logger_type":"zap"}
{"level":"debug","ts":"2025-08-22T23:23:10.953+0800","caller":"app/config.go:76","func":"github.com/costa92/go-protoc/v2/pkg/app.PrintConfig","msg":"CFG: sentry.enable-tracing=true","version":"v2.0.0","environment":"development","service":"apiserver111","branch":"unknown","logger_type":"zap"}
{"level":"debug","ts":"2025-08-22T23:23:10.953+0800","caller":"app/config.go:76","func":"github.com/costa92/go-protoc/v2/pkg/app.PrintConfig","msg":"CFG: mysql.password=proj(#)666","version":"v2.0.0","environment":"development","service":"apiserver111","branch":"unknown","logger_type":"zap"}
{"level":"debug","ts":"2025-08-22T23:23:10.953+0800","caller":"app/config.go:76","func":"github.com/costa92/go-protoc/v2/pkg/app.PrintConfig","msg":"CFG: log.encoder-config.time-encoder=iso8601","version":"v2.0.0","environment":"development","service":"apiserver111","branch":"unknown","logger_type":"zap"}
{"level":"debug","ts":"2025-08-22T23:23:10.953+0800","caller":"app/config.go:76","func":"github.com/costa92/go-protoc/v2/pkg/app.PrintConfig","msg":"CFG: log.victoria-logs.enabled=false","version":"v2.0.0","environment":"development","service":"apiserver111","branch":"unknown","logger_type":"zap"}
{"level":"debug","ts":"2025-08-22T23:23:10.953+0800","caller":"app/config.go:76","func":"github.com/costa92/go-protoc/v2/pkg/app.PrintConfig","msg":"CFG: log.stacktrace-key=stacktrace","version":"v2.0.0","environment":"development","service":"apiserver111","branch":"unknown","logger_type":"zap"}
{"level":"debug","ts":"2025-08-22T23:23:10.953+0800","caller":"app/config.go:76","func":"github.com/costa92/go-protoc/v2/pkg/app.PrintConfig","msg":"CFG: log.otlp.export_timeout=30s","version":"v2.0.0","environment":"development","service":"apiserver111","branch":"unknown","logger_type":"zap"}
{"level":"debug","ts":"2025-08-22T23:23:10.953+0800","caller":"app/config.go:76","func":"github.com/costa92/go-protoc/v2/pkg/app.PrintConfig","msg":"CFG: mysql.log-mode=1","version":"v2.0.0","environment":"development","service":"apiserver111","branch":"unknown","logger_type":"zap"}
{"level":"debug","ts":"2025-08-22T23:23:10.953+0800","caller":"app/config.go:76","func":"github.com/costa92/go-protoc/v2/pkg/app.PrintConfig","msg":"CFG: http.network=tcp","version":"v2.0.0","environment":"development","service":"apiserver111","branch":"unknown","logger_type":"zap"}
{"level":"debug","ts":"2025-08-22T23:23:10.953+0800","caller":"app/config.go:76","func":"github.com/costa92/go-protoc/v2/pkg/app.PrintConfig","msg":"CFG: log.otlp.endpoint=127.0.0.1:4327","version":"v2.0.0","environment":"development","service":"apiserver111","branch":"unknown","logger_type":"zap"}
{"level":"debug","ts":"2025-08-22T23:23:10.953+0800","caller":"app/config.go:76","func":"github.com/costa92/go-protoc/v2/pkg/app.PrintConfig","msg":"CFG: jwt.signing-method=HS512","version":"v2.0.0","environment":"development","service":"apiserver111","branch":"unknown","logger_type":"zap"}
{"level":"debug","ts":"2025-08-22T23:23:10.953+0800","caller":"app/config.go:76","func":"github.com/costa92/go-protoc/v2/pkg/app.PrintConfig","msg":"CFG: log.encoder-config.level-key=level","version":"v2.0.0","environment":"development","service":"apiserver111","branch":"unknown","logger_type":"zap"}
{"level":"debug","ts":"2025-08-22T23:23:10.954+0800","caller":"app/config.go:76","func":"github.com/costa92/go-protoc/v2/pkg/app.PrintConfig","msg":"CFG: log.initial-fields.environment=development","version":"v2.0.0","environment":"development","service":"apiserver111","branch":"unknown","logger_type":"zap"}
{"level":"debug","ts":"2025-08-22T23:23:10.954+0800","caller":"app/config.go:76","func":"github.com/costa92/go-protoc/v2/pkg/app.PrintConfig","msg":"CFG: log.otlp.resource_attributes.service.namespace=go-protoc","version":"v2.0.0","environment":"development","service":"apiserver111","branch":"unknown","logger_type":"zap"}
{"level":"debug","ts":"2025-08-22T23:23:10.954+0800","caller":"app/config.go:76","func":"github.com/costa92/go-protoc/v2/pkg/app.PrintConfig","msg":"CFG: log.otlp.resource_attributes.deployment.environment=development","version":"v2.0.0","environment":"development","service":"apiserver111","branch":"unknown","logger_type":"zap"}
{"level":"debug","ts":"2025-08-22T23:23:10.954+0800","caller":"app/config.go:76","func":"github.com/costa92/go-protoc/v2/pkg/app.PrintConfig","msg":"CFG: jaeger.service-name=apiserver","version":"v2.0.0","environment":"development","service":"apiserver111","branch":"unknown","logger_type":"zap"}
{"level":"debug","ts":"2025-08-22T23:23:10.954+0800","caller":"app/config.go:76","func":"github.com/costa92/go-protoc/v2/pkg/app.PrintConfig","msg":"CFG: jaeger.server=127.0.0.1:6831","version":"v2.0.0","environment":"development","service":"apiserver111","branch":"unknown","logger_type":"zap"}
{"level":"debug","ts":"2025-08-22T23:23:10.954+0800","caller":"app/config.go:76","func":"github.com/costa92/go-protoc/v2/pkg/app.PrintConfig","msg":"CFG: pool-monitor.database.enabled=true","version":"v2.0.0","environment":"development","service":"apiserver111","branch":"unknown","logger_type":"zap"}
{"level":"debug","ts":"2025-08-22T23:23:10.954+0800","caller":"app/config.go:76","func":"github.com/costa92/go-protoc/v2/pkg/app.PrintConfig","msg":"CFG: log.victoria-logs.service=apiserver","version":"v2.0.0","environment":"development","service":"apiserver111","branch":"unknown","logger_type":"zap"}
{"level":"debug","ts":"2025-08-22T23:23:10.954+0800","caller":"app/config.go:76","func":"github.com/costa92/go-protoc/v2/pkg/app.PrintConfig","msg":"CFG: sentry.max-breadcrumbs=100","version":"v2.0.0","environment":"development","service":"apiserver111","branch":"unknown","logger_type":"zap"}
{"level":"debug","ts":"2025-08-22T23:23:10.954+0800","caller":"app/config.go:76","func":"github.com/costa92/go-protoc/v2/pkg/app.PrintConfig","msg":"CFG: mysql.max-connection-life-time=10s","version":"v2.0.0","environment":"development","service":"apiserver111","branch":"unknown","logger_type":"zap"}
{"level":"debug","ts":"2025-08-22T23:23:10.954+0800","caller":"app/config.go:76","func":"github.com/costa92/go-protoc/v2/pkg/app.PrintConfig","msg":"CFG: log.otlp.batch_size=100","version":"v2.0.0","environment":"development","service":"apiserver111","branch":"unknown","logger_type":"zap"}
{"level":"debug","ts":"2025-08-22T23:23:10.954+0800","caller":"app/config.go:76","func":"github.com/costa92/go-protoc/v2/pkg/app.PrintConfig","msg":"CFG: sentry.send-default-pii=false","version":"v2.0.0","environment":"development","service":"apiserver111","branch":"unknown","logger_type":"zap"}
{"level":"debug","ts":"2025-08-22T23:23:10.954+0800","caller":"app/config.go:76","func":"github.com/costa92/go-protoc/v2/pkg/app.PrintConfig","msg":"CFG: http.addr=0.0.0.0:8080","version":"v2.0.0","environment":"development","service":"apiserver111","branch":"unknown","logger_type":"zap"}
{"level":"debug","ts":"2025-08-22T23:23:10.954+0800","caller":"app/config.go:76","func":"github.com/costa92/go-protoc/v2/pkg/app.PrintConfig","msg":"CFG: pool-monitor.enabled=true","version":"v2.0.0","environment":"development","service":"apiserver111","branch":"unknown","logger_type":"zap"}
{"level":"debug","ts":"2025-08-22T23:23:10.954+0800","caller":"app/config.go:76","func":"github.com/costa92/go-protoc/v2/pkg/app.PrintConfig","msg":"CFG: sentry.release=","version":"v2.0.0","environment":"development","service":"apiserver111","branch":"unknown","logger_type":"zap"}
{"level":"debug","ts":"2025-08-22T23:23:10.954+0800","caller":"app/config.go:76","func":"github.com/costa92/go-protoc/v2/pkg/app.PrintConfig","msg":"CFG: log.encoder-config.function-key=func","version":"v2.0.0","environment":"development","service":"apiserver111","branch":"unknown","logger_type":"zap"}
{"level":"debug","ts":"2025-08-22T23:23:10.954+0800","caller":"app/config.go:76","func":"github.com/costa92/go-protoc/v2/pkg/app.PrintConfig","msg":"CFG: log.disable-stacktrace=false","version":"v2.0.0","environment":"development","service":"apiserver111","branch":"unknown","logger_type":"zap"}
{"level":"debug","ts":"2025-08-22T23:23:10.954+0800","caller":"app/config.go:76","func":"github.com/costa92/go-protoc/v2/pkg/app.PrintConfig","msg":"CFG: jaeger.sampler-type=const","version":"v2.0.0","environment":"development","service":"apiserver111","branch":"unknown","logger_type":"zap"}
{"level":"debug","ts":"2025-08-22T23:23:10.954+0800","caller":"app/config.go:76","func":"github.com/costa92/go-protoc/v2/pkg/app.PrintConfig","msg":"CFG: log.output-paths=[stdout logs/apiserver/app.log]","version":"v2.0.0","environment":"development","service":"apiserver111","branch":"unknown","logger_type":"zap"}
{"level":"debug","ts":"2025-08-22T23:23:10.954+0800","caller":"app/config.go:76","func":"github.com/costa92/go-protoc/v2/pkg/app.PrintConfig","msg":"CFG: pool-monitor.namespace=apiserver","version":"v2.0.0","environment":"development","service":"apiserver111","branch":"unknown","logger_type":"zap"}
{"level":"debug","ts":"2025-08-22T23:23:10.954+0800","caller":"app/config.go:76","func":"github.com/costa92/go-protoc/v2/pkg/app.PrintConfig","msg":"CFG: log.caller-skip=1","version":"v2.0.0","environment":"development","service":"apiserver111","branch":"unknown","logger_type":"zap"}
{"level":"debug","ts":"2025-08-22T23:23:10.954+0800","caller":"app/config.go:76","func":"github.com/costa92/go-protoc/v2/pkg/app.PrintConfig","msg":"CFG: log.function-key=func","version":"v2.0.0","environment":"development","service":"apiserver111","branch":"unknown","logger_type":"zap"}
{"level":"debug","ts":"2025-08-22T23:23:10.954+0800","caller":"app/config.go:76","func":"github.com/costa92/go-protoc/v2/pkg/app.PrintConfig","msg":"CFG: log.victoria-logs.environment=development","version":"v2.0.0","environment":"development","service":"apiserver111","branch":"unknown","logger_type":"zap"}
{"level":"debug","ts":"2025-08-22T23:23:10.954+0800","caller":"app/config.go:76","func":"github.com/costa92/go-protoc/v2/pkg/app.PrintConfig","msg":"CFG: redis.dial-timeout=5s","version":"v2.0.0","environment":"development","service":"apiserver111","branch":"unknown","logger_type":"zap"}
{"level":"debug","ts":"2025-08-22T23:23:10.954+0800","caller":"app/config.go:76","func":"github.com/costa92/go-protoc/v2/pkg/app.PrintConfig","msg":"CFG: mysql.max-open-connections=100","version":"v2.0.0","environment":"development","service":"apiserver111","branch":"unknown","logger_type":"zap"}
{"level":"debug","ts":"2025-08-22T23:23:10.954+0800","caller":"app/config.go:76","func":"github.com/costa92/go-protoc/v2/pkg/app.PrintConfig","msg":"CFG: feature-gates=","version":"v2.0.0","environment":"development","service":"apiserver111","branch":"unknown","logger_type":"zap"}
{"level":"debug","ts":"2025-08-22T23:23:10.954+0800","caller":"app/config.go:76","func":"github.com/costa92/go-protoc/v2/pkg/app.PrintConfig","msg":"CFG: jwt.max-refresh=2h","version":"v2.0.0","environment":"development","service":"apiserver111","branch":"unknown","logger_type":"zap"}
{"level":"debug","ts":"2025-08-22T23:23:10.954+0800","caller":"app/config.go:76","func":"github.com/costa92/go-protoc/v2/pkg/app.PrintConfig","msg":"CFG: jaeger.reporter-log-spans=true","version":"v2.0.0","environment":"development","service":"apiserver111","branch":"unknown","logger_type":"zap"}
{"level":"debug","ts":"2025-08-22T23:23:10.954+0800","caller":"app/config.go:76","func":"github.com/costa92/go-protoc/v2/pkg/app.PrintConfig","msg":"CFG: log.type=zap","version":"v2.0.0","environment":"development","service":"apiserver111","branch":"unknown","logger_type":"zap"}
{"level":"debug","ts":"2025-08-22T23:23:10.954+0800","caller":"app/config.go:76","func":"github.com/costa92/go-protoc/v2/pkg/app.PrintConfig","msg":"CFG: log.encoder-config.stacktrace-key=stacktrace","version":"v2.0.0","environment":"development","service":"apiserver111","branch":"unknown","logger_type":"zap"}
{"level":"debug","ts":"2025-08-22T23:23:10.954+0800","caller":"app/config.go:76","func":"github.com/costa92/go-protoc/v2/pkg/app.PrintConfig","msg":"CFG: log.victoria-logs.batch-size=100","version":"v2.0.0","environment":"development","service":"apiserver111","branch":"unknown","logger_type":"zap"}
{"level":"debug","ts":"2025-08-22T23:23:10.954+0800","caller":"app/config.go:76","func":"github.com/costa92/go-protoc/v2/pkg/app.PrintConfig","msg":"CFG: log.level=debug","version":"v2.0.0","environment":"development","service":"apiserver111","branch":"unknown","logger_type":"zap"}
{"level":"debug","ts":"2025-08-22T23:23:10.954+0800","caller":"app/config.go:76","func":"github.com/costa92/go-protoc/v2/pkg/app.PrintConfig","msg":"CFG: sentry.enable-profiling=false","version":"v2.0.0","environment":"development","service":"apiserver111","branch":"unknown","logger_type":"zap"}
{"level":"debug","ts":"2025-08-22T23:23:10.954+0800","caller":"app/config.go:76","func":"github.com/costa92/go-protoc/v2/pkg/app.PrintConfig","msg":"CFG: jaeger.agent-host=127.0.0.1","version":"v2.0.0","environment":"development","service":"apiserver111","branch":"unknown","logger_type":"zap"}
{"level":"debug","ts":"2025-08-22T23:23:10.954+0800","caller":"app/config.go:76","func":"github.com/costa92/go-protoc/v2/pkg/app.PrintConfig","msg":"CFG: log.dynamic=false","version":"v2.0.0","environment":"development","service":"apiserver111","branch":"unknown","logger_type":"zap"}
{"level":"debug","ts":"2025-08-22T23:23:10.954+0800","caller":"app/config.go:76","func":"github.com/costa92/go-protoc/v2/pkg/app.PrintConfig","msg":"CFG: http.timeout=10s","version":"v2.0.0","environment":"development","service":"apiserver111","branch":"unknown","logger_type":"zap"}
{"level":"debug","ts":"2025-08-22T23:23:10.954+0800","caller":"app/config.go:76","func":"github.com/costa92/go-protoc/v2/pkg/app.PrintConfig","msg":"CFG: pool-monitor.redis.enabled=true","version":"v2.0.0","environment":"development","service":"apiserver111","branch":"unknown","logger_type":"zap"}
{"level":"debug","ts":"2025-08-22T23:23:10.954+0800","caller":"app/config.go:76","func":"github.com/costa92/go-protoc/v2/pkg/app.PrintConfig","msg":"CFG: redis.min-idle-conns=0","version":"v2.0.0","environment":"development","service":"apiserver111","branch":"unknown","logger_type":"zap"}
{"level":"debug","ts":"2025-08-22T23:23:10.954+0800","caller":"app/config.go:76","func":"github.com/costa92/go-protoc/v2/pkg/app.PrintConfig","msg":"CFG: log.encoder-config.caller-encoder=short","version":"v2.0.0","environment":"development","service":"apiserver111","branch":"unknown","logger_type":"zap"}
{"level":"debug","ts":"2025-08-22T23:23:10.954+0800","caller":"app/config.go:76","func":"github.com/costa92/go-protoc/v2/pkg/app.PrintConfig","msg":"CFG: log.format=json","version":"v2.0.0","environment":"development","service":"apiserver111","branch":"unknown","logger_type":"zap"}
{"level":"debug","ts":"2025-08-22T23:23:10.954+0800","caller":"app/config.go:76","func":"github.com/costa92/go-protoc/v2/pkg/app.PrintConfig","msg":"CFG: version=false","version":"v2.0.0","environment":"development","service":"apiserver111","branch":"unknown","logger_type":"zap"}
{"level":"debug","ts":"2025-08-22T23:23:10.954+0800","caller":"app/config.go:76","func":"github.com/costa92/go-protoc/v2/pkg/app.PrintConfig","msg":"CFG: sentry.flush-timeout=5s","version":"v2.0.0","environment":"development","service":"apiserver111","branch":"unknown","logger_type":"zap"}
{"level":"debug","ts":"2025-08-22T23:23:10.954+0800","caller":"app/config.go:76","func":"github.com/costa92/go-protoc/v2/pkg/app.PrintConfig","msg":"CFG: log.development=false","version":"v2.0.0","environment":"development","service":"apiserver111","branch":"unknown","logger_type":"zap"}
{"level":"debug","ts":"2025-08-22T23:23:10.954+0800","caller":"app/config.go:76","func":"github.com/costa92/go-protoc/v2/pkg/app.PrintConfig","msg":"CFG: log.time-encoder=iso8601","version":"v2.0.0","environment":"development","service":"apiserver111","branch":"unknown","logger_type":"zap"}
{"level":"debug","ts":"2025-08-22T23:23:10.954+0800","caller":"app/config.go:76","func":"github.com/costa92/go-protoc/v2/pkg/app.PrintConfig","msg":"CFG: jaeger.enabled=true","version":"v2.0.0","environment":"development","service":"apiserver111","branch":"unknown","logger_type":"zap"}
{"level":"debug","ts":"2025-08-22T23:23:10.954+0800","caller":"app/config.go:76","func":"github.com/costa92/go-protoc/v2/pkg/app.PrintConfig","msg":"CFG: mysql.database=protoc","version":"v2.0.0","environment":"development","service":"apiserver111","branch":"unknown","logger_type":"zap"}
{"level":"debug","ts":"2025-08-22T23:23:10.954+0800","caller":"app/config.go:76","func":"github.com/costa92/go-protoc/v2/pkg/app.PrintConfig","msg":"CFG: log.otlp.resource_attributes.service.version=v2.0.0","version":"v2.0.0","environment":"development","service":"apiserver111","branch":"unknown","logger_type":"zap"}
{"level":"debug","ts":"2025-08-22T23:23:10.954+0800","caller":"app/config.go:76","func":"github.com/costa92/go-protoc/v2/pkg/app.PrintConfig","msg":"CFG: redis.read-timeout=3s","version":"v2.0.0","environment":"development","service":"apiserver111","branch":"unknown","logger_type":"zap"}
{"level":"debug","ts":"2025-08-22T23:23:10.954+0800","caller":"app/config.go:76","func":"github.com/costa92/go-protoc/v2/pkg/app.PrintConfig","msg":"CFG: grpc.network=tcp","version":"v2.0.0","environment":"development","service":"apiserver111","branch":"unknown","logger_type":"zap"}
{"level":"debug","ts":"2025-08-22T23:23:10.954+0800","caller":"app/config.go:76","func":"github.com/costa92/go-protoc/v2/pkg/app.PrintConfig","msg":"CFG: log.disable-function-at-info=true","version":"v2.0.0","environment":"development","service":"apiserver111","branch":"unknown","logger_type":"zap"}
{"level":"debug","ts":"2025-08-22T23:23:10.954+0800","caller":"app/config.go:76","func":"github.com/costa92/go-protoc/v2/pkg/app.PrintConfig","msg":"CFG: log.caller-key=caller","version":"v2.0.0","environment":"development","service":"apiserver111","branch":"unknown","logger_type":"zap"}
{"level":"debug","ts":"2025-08-22T23:23:10.954+0800","caller":"app/config.go:76","func":"github.com/costa92/go-protoc/v2/pkg/app.PrintConfig","msg":"CFG: log.victoria-logs.version=v2.0.0","version":"v2.0.0","environment":"development","service":"apiserver111","branch":"unknown","logger_type":"zap"}
{"level":"debug","ts":"2025-08-22T23:23:10.954+0800","caller":"app/config.go:76","func":"github.com/costa92/go-protoc/v2/pkg/app.PrintConfig","msg":"CFG: pool-monitor.database.slow-query=1s","version":"v2.0.0","environment":"development","service":"apiserver111","branch":"unknown","logger_type":"zap"}
{"level":"debug","ts":"2025-08-22T23:23:10.954+0800","caller":"app/config.go:76","func":"github.com/costa92/go-protoc/v2/pkg/app.PrintConfig","msg":"CFG: sentry.debug=false","version":"v2.0.0","environment":"development","service":"apiserver111","branch":"unknown","logger_type":"zap"}
{"level":"debug","ts":"2025-08-22T23:23:10.954+0800","caller":"app/config.go:76","func":"github.com/costa92/go-protoc/v2/pkg/app.PrintConfig","msg":"CFG: sentry.profiles-sample-rate=0.1","version":"v2.0.0","environment":"development","service":"apiserver111","branch":"unknown","logger_type":"zap"}
{"level":"debug","ts":"2025-08-22T23:23:10.954+0800","caller":"app/config.go:76","func":"github.com/costa92/go-protoc/v2/pkg/app.PrintConfig","msg":"CFG: sentry.dsn=","version":"v2.0.0","environment":"development","service":"apiserver111","branch":"unknown","logger_type":"zap"}
{"level":"debug","ts":"2025-08-22T23:23:10.954+0800","caller":"app/config.go:76","func":"github.com/costa92/go-protoc/v2/pkg/app.PrintConfig","msg":"CFG: log.victoria-logs.flush-interval=5","version":"v2.0.0","environment":"development","service":"apiserver111","branch":"unknown","logger_type":"zap"}
{"level":"debug","ts":"2025-08-22T23:23:10.954+0800","caller":"app/config.go:76","func":"github.com/costa92/go-protoc/v2/pkg/app.PrintConfig","msg":"CFG: log.error-output-paths=[stderr]","version":"v2.0.0","environment":"development","service":"apiserver111","branch":"unknown","logger_type":"zap"}
{"level":"debug","ts":"2025-08-22T23:23:10.954+0800","caller":"app/config.go:76","func":"github.com/costa92/go-protoc/v2/pkg/app.PrintConfig","msg":"CFG: mysql.host=127.0.0.1","version":"v2.0.0","environment":"development","service":"apiserver111","branch":"unknown","logger_type":"zap"}
{"level":"debug","ts":"2025-08-22T23:23:10.954+0800","caller":"app/config.go:76","func":"github.com/costa92/go-protoc/v2/pkg/app.PrintConfig","msg":"CFG: log.disable-caller=false","version":"v2.0.0","environment":"development","service":"apiserver111","branch":"unknown","logger_type":"zap"}
{"level":"debug","ts":"2025-08-22T23:23:10.954+0800","caller":"app/config.go:76","func":"github.com/costa92/go-protoc/v2/pkg/app.PrintConfig","msg":"CFG: log.message-key=msg","version":"v2.0.0","environment":"development","service":"apiserver111","branch":"unknown","logger_type":"zap"}
{"level":"debug","ts":"2025-08-22T23:23:10.954+0800","caller":"app/config.go:76","func":"github.com/costa92/go-protoc/v2/pkg/app.PrintConfig","msg":"CFG: jwt.expired=2h","version":"v2.0.0","environment":"development","service":"apiserver111","branch":"unknown","logger_type":"zap"}
{"level":"debug","ts":"2025-08-22T23:23:10.954+0800","caller":"app/config.go:76","func":"github.com/costa92/go-protoc/v2/pkg/app.PrintConfig","msg":"CFG: redis.database=0","version":"v2.0.0","environment":"development","service":"apiserver111","branch":"unknown","logger_type":"zap"}
{"level":"debug","ts":"2025-08-22T23:23:10.955+0800","caller":"app/config.go:76","func":"github.com/costa92/go-protoc/v2/pkg/app.PrintConfig","msg":"CFG: log.victoria-logs.timeout=10","version":"v2.0.0","environment":"development","service":"apiserver111","branch":"unknown","logger_type":"zap"}
{"level":"debug","ts":"2025-08-22T23:23:10.955+0800","caller":"app/config.go:76","func":"github.com/costa92/go-protoc/v2/pkg/app.PrintConfig","msg":"CFG: log.victoria-logs.endpoint=http://127.0.0.1:9428","version":"v2.0.0","environment":"development","service":"apiserver111","branch":"unknown","logger_type":"zap"}
{"level":"debug","ts":"2025-08-22T23:23:10.955+0800","caller":"app/config.go:76","func":"github.com/costa92/go-protoc/v2/pkg/app.PrintConfig","msg":"CFG: jwt.key=onex(#)666","version":"v2.0.0","environment":"development","service":"apiserver111","branch":"unknown","logger_type":"zap"}
{"level":"debug","ts":"2025-08-22T23:23:10.955+0800","caller":"app/config.go:76","func":"github.com/costa92/go-protoc/v2/pkg/app.PrintConfig","msg":"CFG: sentry.ignore-errors=[]","version":"v2.0.0","environment":"development","service":"apiserver111","branch":"unknown","logger_type":"zap"}
{"level":"debug","ts":"2025-08-22T23:23:10.955+0800","caller":"app/config.go:76","func":"github.com/costa92/go-protoc/v2/pkg/app.PrintConfig","msg":"CFG: jaeger.agent-port=6831","version":"v2.0.0","environment":"development","service":"apiserver111","branch":"unknown","logger_type":"zap"}
{"level":"debug","ts":"2025-08-22T23:23:10.955+0800","caller":"app/config.go:76","func":"github.com/costa92/go-protoc/v2/pkg/app.PrintConfig","msg":"CFG: sentry.traces-sample-rate=0.1","version":"v2.0.0","environment":"development","service":"apiserver111","branch":"unknown","logger_type":"zap"}
{"level":"debug","ts":"2025-08-22T23:23:10.955+0800","caller":"app/config.go:76","func":"github.com/costa92/go-protoc/v2/pkg/app.PrintConfig","msg":"CFG: log.caller-encoder=short","version":"v2.0.0","environment":"development","service":"apiserver111","branch":"unknown","logger_type":"zap"}
{"level":"debug","ts":"2025-08-22T23:23:10.955+0800","caller":"app/config.go:76","func":"github.com/costa92/go-protoc/v2/pkg/app.PrintConfig","msg":"CFG: redis.username=","version":"v2.0.0","environment":"development","service":"apiserver111","branch":"unknown","logger_type":"zap"}
{"level":"debug","ts":"2025-08-22T23:23:10.955+0800","caller":"app/config.go:76","func":"github.com/costa92/go-protoc/v2/pkg/app.PrintConfig","msg":"CFG: config=configs/apiserver.yaml","version":"v2.0.0","environment":"development","service":"apiserver111","branch":"unknown","logger_type":"zap"}
{"level":"debug","ts":"2025-08-22T23:23:10.955+0800","caller":"app/config.go:76","func":"github.com/costa92/go-protoc/v2/pkg/app.PrintConfig","msg":"CFG: log.time-key=ts","version":"v2.0.0","environment":"development","service":"apiserver111","branch":"unknown","logger_type":"zap"}
{"level":"debug","ts":"2025-08-22T23:23:10.955+0800","caller":"app/config.go:76","func":"github.com/costa92/go-protoc/v2/pkg/app.PrintConfig","msg":"CFG: mysql.enable-trace=true","version":"v2.0.0","environment":"development","service":"apiserver111","branch":"unknown","logger_type":"zap"}
{"level":"debug","ts":"2025-08-22T23:23:10.955+0800","caller":"app/config.go:76","func":"github.com/costa92/go-protoc/v2/pkg/app.PrintConfig","msg":"CFG: redis.addr=127.0.0.1:6379","version":"v2.0.0","environment":"development","service":"apiserver111","branch":"unknown","logger_type":"zap"}
{"level":"debug","ts":"2025-08-22T23:23:10.955+0800","caller":"app/config.go:76","func":"github.com/costa92/go-protoc/v2/pkg/app.PrintConfig","msg":"CFG: sentry.sample-rate=1","version":"v2.0.0","environment":"development","service":"apiserver111","branch":"unknown","logger_type":"zap"}
{"level":"debug","ts":"2025-08-22T23:23:10.955+0800","caller":"app/config.go:76","func":"github.com/costa92/go-protoc/v2/pkg/app.PrintConfig","msg":"CFG: redis.password=","version":"v2.0.0","environment":"development","service":"apiserver111","branch":"unknown","logger_type":"zap"}
{"level":"debug","ts":"2025-08-22T23:23:10.955+0800","caller":"app/config.go:76","func":"github.com/costa92/go-protoc/v2/pkg/app.PrintConfig","msg":"CFG: grpc.timeout=10s","version":"v2.0.0","environment":"development","service":"apiserver111","branch":"unknown","logger_type":"zap"}
{"level":"debug","ts":"2025-08-22T23:23:10.955+0800","caller":"app/config.go:76","func":"github.com/costa92/go-protoc/v2/pkg/app.PrintConfig","msg":"CFG: help=false","version":"v2.0.0","environment":"development","service":"apiserver111","branch":"unknown","logger_type":"zap"}
{"level":"debug","ts":"2025-08-22T23:23:10.955+0800","caller":"app/config.go:76","func":"github.com/costa92/go-protoc/v2/pkg/app.PrintConfig","msg":"CFG: redis.pool-timeout=4s","version":"v2.0.0","environment":"development","service":"apiserver111","branch":"unknown","logger_type":"zap"}
{"level":"debug","ts":"2025-08-22T23:23:10.955+0800","caller":"app/config.go:76","func":"github.com/costa92/go-protoc/v2/pkg/app.PrintConfig","msg":"CFG: log.encoder-config.message-key=msg","version":"v2.0.0","environment":"development","service":"apiserver111","branch":"unknown","logger_type":"zap"}
{"level":"debug","ts":"2025-08-22T23:23:10.955+0800","caller":"app/config.go:76","func":"github.com/costa92/go-protoc/v2/pkg/app.PrintConfig","msg":"CFG: log.otlp.insecure=true","version":"v2.0.0","environment":"development","service":"apiserver111","branch":"unknown","logger_type":"zap"}
{"level":"debug","ts":"2025-08-22T23:23:10.955+0800","caller":"app/config.go:76","func":"github.com/costa92/go-protoc/v2/pkg/app.PrintConfig","msg":"CFG: log.otlp.resource_attributes.service.name=apiserver","version":"v2.0.0","environment":"development","service":"apiserver111","branch":"unknown","logger_type":"zap"}
{"level":"debug","ts":"2025-08-22T23:23:10.955+0800","caller":"app/config.go:76","func":"github.com/costa92/go-protoc/v2/pkg/app.PrintConfig","msg":"CFG: redis.pool-size=10","version":"v2.0.0","environment":"development","service":"apiserver111","branch":"unknown","logger_type":"zap"}
{"level":"debug","ts":"2025-08-22T23:23:10.955+0800","caller":"app/config.go:76","func":"github.com/costa92/go-protoc/v2/pkg/app.PrintConfig","msg":"CFG: grpc.addr=0.0.0.0:9090","version":"v2.0.0","environment":"development","service":"apiserver111","branch":"unknown","logger_type":"zap"}
{"level":"debug","ts":"2025-08-22T23:23:10.955+0800","caller":"app/config.go:76","func":"github.com/costa92/go-protoc/v2/pkg/app.PrintConfig","msg":"CFG: vmodule=","version":"v2.0.0","environment":"development","service":"apiserver111","branch":"unknown","logger_type":"zap"}
{"level":"debug","ts":"2025-08-22T23:23:10.955+0800","caller":"app/config.go:76","func":"github.com/costa92/go-protoc/v2/pkg/app.PrintConfig","msg":"CFG: log.encoder-config.level-encoder=lowercase","version":"v2.0.0","environment":"development","service":"apiserver111","branch":"unknown","logger_type":"zap"}
{"level":"debug","ts":"2025-08-22T23:23:10.955+0800","caller":"app/config.go:76","func":"github.com/costa92/go-protoc/v2/pkg/app.PrintConfig","msg":"CFG: log.encoder-config.time-key=ts","version":"v2.0.0","environment":"development","service":"apiserver111","branch":"unknown","logger_type":"zap"}
{"level":"debug","ts":"2025-08-22T23:23:10.955+0800","caller":"app/config.go:76","func":"github.com/costa92/go-protoc/v2/pkg/app.PrintConfig","msg":"CFG: log.max-backups=5","version":"v2.0.0","environment":"development","service":"apiserver111","branch":"unknown","logger_type":"zap"}
{"level":"debug","ts":"2025-08-22T23:23:10.955+0800","caller":"app/config.go:76","func":"github.com/costa92/go-protoc/v2/pkg/app.PrintConfig","msg":"CFG: log.level-key=level","version":"v2.0.0","environment":"development","service":"apiserver111","branch":"unknown","logger_type":"zap"}
{"level":"debug","ts":"2025-08-22T23:23:10.955+0800","caller":"app/config.go:76","func":"github.com/costa92/go-protoc/v2/pkg/app.PrintConfig","msg":"CFG: sentry.server-name=","version":"v2.0.0","environment":"development","service":"apiserver111","branch":"unknown","logger_type":"zap"}
{"level":"debug","ts":"2025-08-22T23:23:10.955+0800","caller":"app/config.go:76","func":"github.com/costa92/go-protoc/v2/pkg/app.PrintConfig","msg":"CFG: sentry.attach-stacktrace=true","version":"v2.0.0","environment":"development","service":"apiserver111","branch":"unknown","logger_type":"zap"}
{"level":"debug","ts":"2025-08-22T23:23:10.955+0800","caller":"app/config.go:76","func":"github.com/costa92/go-protoc/v2/pkg/app.PrintConfig","msg":"CFG: redis.max-retries=3","version":"v2.0.0","environment":"development","service":"apiserver111","branch":"unknown","logger_type":"zap"}
{"level":"debug","ts":"2025-08-22T23:23:10.955+0800","caller":"app/config.go:76","func":"github.com/costa92/go-protoc/v2/pkg/app.PrintConfig","msg":"CFG: log.victoria-logs.buffer-size=1000","version":"v2.0.0","environment":"development","service":"apiserver111","branch":"unknown","logger_type":"zap"}
{"level":"debug","ts":"2025-08-22T23:23:10.955+0800","caller":"app/config.go:76","func":"github.com/costa92/go-protoc/v2/pkg/app.PrintConfig","msg":"CFG: log.encoding=json","version":"v2.0.0","environment":"development","service":"apiserver111","branch":"unknown","logger_type":"zap"}
{"level":"debug","ts":"2025-08-22T23:23:10.955+0800","caller":"app/config.go:76","func":"github.com/costa92/go-protoc/v2/pkg/app.PrintConfig","msg":"CFG: mysql.max-idle-connections=100","version":"v2.0.0","environment":"development","service":"apiserver111","branch":"unknown","logger_type":"zap"}
{"level":"debug","ts":"2025-08-22T23:23:10.955+0800","caller":"app/config.go:76","func":"github.com/costa92/go-protoc/v2/pkg/app.PrintConfig","msg":"CFG: log.otlp.enabled=true","version":"v2.0.0","environment":"development","service":"apiserver111","branch":"unknown","logger_type":"zap"}
{"level":"debug","ts":"2025-08-22T23:23:10.955+0800","caller":"app/config.go:76","func":"github.com/costa92/go-protoc/v2/pkg/app.PrintConfig","msg":"CFG: log.max-age=7","version":"v2.0.0","environment":"development","service":"apiserver111","branch":"unknown","logger_type":"zap"}
{"level":"debug","ts":"2025-08-22T23:23:10.955+0800","caller":"app/config.go:76","func":"github.com/costa92/go-protoc/v2/pkg/app.PrintConfig","msg":"CFG: log.max-size=100","version":"v2.0.0","environment":"development","service":"apiserver111","branch":"unknown","logger_type":"zap"}
{"level":"debug","ts":"2025-08-22T23:23:10.955+0800","caller":"app/config.go:76","func":"github.com/costa92/go-protoc/v2/pkg/app.PrintConfig","msg":"CFG: sentry.enabled=false","version":"v2.0.0","environment":"development","service":"apiserver111","branch":"unknown","logger_type":"zap"}
{"level":"debug","ts":"2025-08-22T23:23:10.955+0800","caller":"app/config.go:76","func":"github.com/costa92/go-protoc/v2/pkg/app.PrintConfig","msg":"CFG: log.initial-fields.version=v2.0.0","version":"v2.0.0","environment":"development","service":"apiserver111","branch":"unknown","logger_type":"zap"}
{"level":"debug","ts":"2025-08-22T23:23:10.955+0800","caller":"app/config.go:76","func":"github.com/costa92/go-protoc/v2/pkg/app.PrintConfig","msg":"CFG: log.compress=true","version":"v2.0.0","environment":"development","service":"apiserver111","branch":"unknown","logger_type":"zap"}
{"level":"debug","ts":"2025-08-22T23:23:10.955+0800","caller":"app/config.go:76","func":"github.com/costa92/go-protoc/v2/pkg/app.PrintConfig","msg":"CFG: v=0","version":"v2.0.0","environment":"development","service":"apiserver111","branch":"unknown","logger_type":"zap"}
{"level":"debug","ts":"2025-08-22T23:23:10.955+0800","caller":"app/config.go:76","func":"github.com/costa92/go-protoc/v2/pkg/app.PrintConfig","msg":"CFG: log.level-encoder=lowercase","version":"v2.0.0","environment":"development","service":"apiserver111","branch":"unknown","logger_type":"zap"}
{"level":"debug","ts":"2025-08-22T23:23:10.955+0800","caller":"app/config.go:76","func":"github.com/costa92/go-protoc/v2/pkg/app.PrintConfig","msg":"CFG: log.initial-fields.service=apiserver111","version":"v2.0.0","environment":"development","service":"apiserver111","branch":"unknown","logger_type":"zap"}
{"level":"debug","ts":"2025-08-22T23:23:10.955+0800","caller":"app/config.go:76","func":"github.com/costa92/go-protoc/v2/pkg/app.PrintConfig","msg":"CFG: log.otlp.timeout=10s","version":"v2.0.0","environment":"development","service":"apiserver111","branch":"unknown","logger_type":"zap"}
{"level":"debug","ts":"2025-08-22T23:23:10.955+0800","caller":"app/config.go:76","func":"github.com/costa92/go-protoc/v2/pkg/app.PrintConfig","msg":"CFG: redis.enable-trace=true","version":"v2.0.0","environment":"development","service":"apiserver111","branch":"unknown","logger_type":"zap"}
{"level":"debug","ts":"2025-08-22T23:23:10.955+0800","caller":"app/config.go:76","func":"github.com/costa92/go-protoc/v2/pkg/app.PrintConfig","msg":"CFG: jaeger.sampler-param=1","version":"v2.0.0","environment":"development","service":"apiserver111","branch":"unknown","logger_type":"zap"}
{"level":"info","ts":"2025-08-22T23:23:10.955+0800","caller":"app/server.go:67","msg":"Connection pool metrics collection is enabled through dependency injection"}
{"level":"info","ts":"2025-08-22T23:23:10.956+0800","caller":"app/server.go:68","msg":"Metrics will be automatically collected by the PoolMonitor when database connections are established"}
{"level":"info","ts":"2025-08-22T23:23:10.956+0800","caller":"app/server.go:71","msg":"Database pool monitoring enabled","slow_query_threshold":1000,"collect_interval":30000}
{"level":"info","ts":"2025-08-22T23:23:10.956+0800","caller":"app/server.go:77","msg":"Redis pool monitoring enabled","collect_interval":30000}
{"level":"info","ts":"2025-08-22T23:23:10.956+0800","caller":"apiserver/server.go:66","msg":"Initializing API server","service":"apiserver","version":"v0.0.0-master+$Format:%h$","branch":"unknown","commit":"$Format:","build_date":"1970-01-01T00:00:00Z","go_version":"go1.25.0"}
{"level":"info","ts":"2025-08-22T23:23:10.956+0800","caller":"apiserver/server.go:78","msg":"Logger configuration","level":"debug","format":"json"}
{"level":"debug","ts":"2025-08-22T23:23:10.956+0800","caller":"apiserver/server.go:79","func":"github.com/costa92/go-protoc/v2/internal/apiserver.(*Config).NewServer","msg":"Debug logging enabled","version":"v2.0.0","environment":"development","service":"apiserver111","branch":"unknown","logger_type":"zap","caller_skip":2,"enable_color":false}
{"level":"info","ts":"2025-08-22T23:23:10.956+0800","caller":"apiserver/server.go:83","msg":"Validating service connections before startup..."}
{"level":"info","ts":"2025-08-22T23:23:10.956+0800","caller":"apiserver/server.go:87","msg":"Testing MySQL connection..."}
{"level":"info","ts":"2025-08-22T23:23:10.961+0800","caller":"apiserver/server.go:92","msg":"MySQL connection test passed"}
{"level":"info","ts":"2025-08-22T23:23:10.961+0800","caller":"apiserver/server.go:97","msg":"Testing Redis connection..."}
{"level":"info","ts":"2025-08-22T23:23:10.965+0800","caller":"apiserver/server.go:102","msg":"Redis connection test passed"}
{"level":"info","ts":"2025-08-22T23:23:10.965+0800","caller":"apiserver/server.go:107","msg":"Testing Jaeger connection..."}
{"level":"info","ts":"2025-08-22T23:23:10.965+0800","caller":"apiserver/server.go:112","msg":"Jaeger connection test passed"}
{"level":"info","ts":"2025-08-22T23:23:10.965+0800","caller":"apiserver/server.go:115","msg":"All service connections validated successfully"}
{"level":"info","ts":"2025-08-22T23:23:11.088+0800","caller":"server/kratos_server.go:47","msg":"Start to listening the incoming requests","protocol":"kratos"}
{"level":"info","ts":"2025-08-22T23:23:11.089+0800","caller":"logger/kratos_adapter.go:40","msg":"[gRPC] server listening on: [::]:9090","ts":"2025-08-22T23:23:11+08:00","caller":"grpc/server.go:220","msg":"[gRPC] server listening on: [::]:9090"}
{"level":"info","ts":"2025-08-22T23:23:11.089+0800","caller":"logger/kratos_adapter.go:40","msg":"[HTTP] server listening on: [::]:8080","ts":"2025-08-22T23:23:11+08:00","caller":"http/server.go:330","msg":"[HTTP] server listening on: [::]:8080"}
{"level":"info","ts":"2025-08-22T23:29:17.338+0800","caller":"app/app.go:308","msg":"Starting application","name":"apiserver","version":"{\"gitVersion\":\"cd03a2b-dirty\",\"gitCommit\":\"$Format:%H$\",\"gitTreeState\":\"\",\"gitBranch\":\"feature/v2-log\",\"buildDate\":\"1970-01-01T00:00:00Z\",\"serviceName\":\"apiserver\",\"goVersion\":\"go1.25.0\",\"compiler\":\"gc\",\"platform\":\"darwin/arm64\"}"}
{"level":"info","ts":"2025-08-22T23:29:17.338+0800","caller":"app/app.go:309","msg":"Golang settings","GOGC":"","GOMAXPROCS":"","GOTRACEBACK":""}
{"level":"debug","ts":"2025-08-22T23:29:17.338+0800","caller":"app/config.go:76","func":"github.com/costa92/go-protoc/v2/pkg/app.PrintConfig","msg":"CFG: config=configs/apiserver.yaml","service":"apiserver111","version":"v2.0.0","environment":"development","branch":"feature/v2-log","logger_type":"zap"}
{"level":"debug","ts":"2025-08-22T23:29:17.338+0800","caller":"app/config.go:76","func":"github.com/costa92/go-protoc/v2/pkg/app.PrintConfig","msg":"CFG: redis.pool-size=10","service":"apiserver111","version":"v2.0.0","environment":"development","branch":"feature/v2-log","logger_type":"zap"}
{"level":"debug","ts":"2025-08-22T23:29:17.338+0800","caller":"app/config.go:76","func":"github.com/costa92/go-protoc/v2/pkg/app.PrintConfig","msg":"CFG: jwt.signing-method=HS512","service":"apiserver111","version":"v2.0.0","environment":"development","branch":"feature/v2-log","logger_type":"zap"}
{"level":"debug","ts":"2025-08-22T23:29:17.338+0800","caller":"app/config.go:76","func":"github.com/costa92/go-protoc/v2/pkg/app.PrintConfig","msg":"CFG: sentry.ignore-errors=[]","service":"apiserver111","version":"v2.0.0","environment":"development","branch":"feature/v2-log","logger_type":"zap"}
{"level":"debug","ts":"2025-08-22T23:29:17.338+0800","caller":"app/config.go:76","func":"github.com/costa92/go-protoc/v2/pkg/app.PrintConfig","msg":"CFG: pool-monitor.redis.enabled=true","service":"apiserver111","version":"v2.0.0","environment":"development","branch":"feature/v2-log","logger_type":"zap"}
{"level":"debug","ts":"2025-08-22T23:29:17.338+0800","caller":"app/config.go:76","func":"github.com/costa92/go-protoc/v2/pkg/app.PrintConfig","msg":"CFG: mysql.enable-trace=true","service":"apiserver111","version":"v2.0.0","environment":"development","branch":"feature/v2-log","logger_type":"zap"}
{"level":"debug","ts":"2025-08-22T23:29:17.338+0800","caller":"app/config.go:76","func":"github.com/costa92/go-protoc/v2/pkg/app.PrintConfig","msg":"CFG: redis.enable-trace=true","service":"apiserver111","version":"v2.0.0","environment":"development","branch":"feature/v2-log","logger_type":"zap"}
{"level":"debug","ts":"2025-08-22T23:29:17.338+0800","caller":"app/config.go:76","func":"github.com/costa92/go-protoc/v2/pkg/app.PrintConfig","msg":"CFG: mysql.username=root","service":"apiserver111","version":"v2.0.0","environment":"development","branch":"feature/v2-log","logger_type":"zap"}
{"level":"debug","ts":"2025-08-22T23:29:17.338+0800","caller":"app/config.go:76","func":"github.com/costa92/go-protoc/v2/pkg/app.PrintConfig","msg":"CFG: log.disable-caller=false","service":"apiserver111","version":"v2.0.0","environment":"development","branch":"feature/v2-log","logger_type":"zap"}
{"level":"debug","ts":"2025-08-22T23:29:17.338+0800","caller":"app/config.go:76","func":"github.com/costa92/go-protoc/v2/pkg/app.PrintConfig","msg":"CFG: mysql.log-level=1","service":"apiserver111","version":"v2.0.0","environment":"development","branch":"feature/v2-log","logger_type":"zap"}
{"level":"debug","ts":"2025-08-22T23:29:17.338+0800","caller":"app/config.go:76","func":"github.com/costa92/go-protoc/v2/pkg/app.PrintConfig","msg":"CFG: sentry.debug=false","service":"apiserver111","version":"v2.0.0","environment":"development","branch":"feature/v2-log","logger_type":"zap"}
{"level":"debug","ts":"2025-08-22T23:29:17.338+0800","caller":"app/config.go:76","func":"github.com/costa92/go-protoc/v2/pkg/app.PrintConfig","msg":"CFG: grpc.timeout=10s","service":"apiserver111","version":"v2.0.0","environment":"development","branch":"feature/v2-log","logger_type":"zap"}
{"level":"debug","ts":"2025-08-22T23:29:17.338+0800","caller":"app/config.go:76","func":"github.com/costa92/go-protoc/v2/pkg/app.PrintConfig","msg":"CFG: sentry.enabled=false","service":"apiserver111","version":"v2.0.0","environment":"development","branch":"feature/v2-log","logger_type":"zap"}
{"level":"debug","ts":"2025-08-22T23:29:17.338+0800","caller":"app/config.go:76","func":"github.com/costa92/go-protoc/v2/pkg/app.PrintConfig","msg":"CFG: sentry.traces-sample-rate=0.1","service":"apiserver111","version":"v2.0.0","environment":"development","branch":"feature/v2-log","logger_type":"zap"}
{"level":"debug","ts":"2025-08-22T23:29:17.338+0800","caller":"app/config.go:76","func":"github.com/costa92/go-protoc/v2/pkg/app.PrintConfig","msg":"CFG: mysql.password=proj(#)666","service":"apiserver111","version":"v2.0.0","environment":"development","branch":"feature/v2-log","logger_type":"zap"}
{"level":"debug","ts":"2025-08-22T23:29:17.338+0800","caller":"app/config.go:76","func":"github.com/costa92/go-protoc/v2/pkg/app.PrintConfig","msg":"CFG: mysql.log-mode=1","service":"apiserver111","version":"v2.0.0","environment":"development","branch":"feature/v2-log","logger_type":"zap"}
{"level":"debug","ts":"2025-08-22T23:29:17.338+0800","caller":"app/config.go:76","func":"github.com/costa92/go-protoc/v2/pkg/app.PrintConfig","msg":"CFG: log.disable-stacktrace=false","service":"apiserver111","version":"v2.0.0","environment":"development","branch":"feature/v2-log","logger_type":"zap"}
{"level":"debug","ts":"2025-08-22T23:29:17.338+0800","caller":"app/config.go:76","func":"github.com/costa92/go-protoc/v2/pkg/app.PrintConfig","msg":"CFG: log.caller-encoder=short","service":"apiserver111","version":"v2.0.0","environment":"development","branch":"feature/v2-log","logger_type":"zap"}
{"level":"debug","ts":"2025-08-22T23:29:17.338+0800","caller":"app/config.go:76","func":"github.com/costa92/go-protoc/v2/pkg/app.PrintConfig","msg":"CFG: log.encoder-config.level-encoder=lowercase","service":"apiserver111","version":"v2.0.0","environment":"development","branch":"feature/v2-log","logger_type":"zap"}
{"level":"debug","ts":"2025-08-22T23:29:17.338+0800","caller":"app/config.go:76","func":"github.com/costa92/go-protoc/v2/pkg/app.PrintConfig","msg":"CFG: log.otlp.resource_attributes.service.namespace=go-protoc","service":"apiserver111","version":"v2.0.0","environment":"development","branch":"feature/v2-log","logger_type":"zap"}
{"level":"debug","ts":"2025-08-22T23:29:17.338+0800","caller":"app/config.go:76","func":"github.com/costa92/go-protoc/v2/pkg/app.PrintConfig","msg":"CFG: sentry.server-name=","service":"apiserver111","version":"v2.0.0","environment":"development","branch":"feature/v2-log","logger_type":"zap"}
{"level":"debug","ts":"2025-08-22T23:29:17.338+0800","caller":"app/config.go:76","func":"github.com/costa92/go-protoc/v2/pkg/app.PrintConfig","msg":"CFG: log.error-output-paths=[stderr]","service":"apiserver111","version":"v2.0.0","environment":"development","branch":"feature/v2-log","logger_type":"zap"}
{"level":"debug","ts":"2025-08-22T23:29:17.338+0800","caller":"app/config.go:76","func":"github.com/costa92/go-protoc/v2/pkg/app.PrintConfig","msg":"CFG: redis.username=","service":"apiserver111","version":"v2.0.0","environment":"development","branch":"feature/v2-log","logger_type":"zap"}
{"level":"debug","ts":"2025-08-22T23:29:17.338+0800","caller":"app/config.go:76","func":"github.com/costa92/go-protoc/v2/pkg/app.PrintConfig","msg":"CFG: log.disable-function-at-info=true","service":"apiserver111","version":"v2.0.0","environment":"development","branch":"feature/v2-log","logger_type":"zap"}
{"level":"debug","ts":"2025-08-22T23:29:17.338+0800","caller":"app/config.go:76","func":"github.com/costa92/go-protoc/v2/pkg/app.PrintConfig","msg":"CFG: jwt.expired=2h","service":"apiserver111","version":"v2.0.0","environment":"development","branch":"feature/v2-log","logger_type":"zap"}
{"level":"debug","ts":"2025-08-22T23:29:17.338+0800","caller":"app/config.go:76","func":"github.com/costa92/go-protoc/v2/pkg/app.PrintConfig","msg":"CFG: log.max-size=100","service":"apiserver111","version":"v2.0.0","environment":"development","branch":"feature/v2-log","logger_type":"zap"}
{"level":"debug","ts":"2025-08-22T23:29:17.338+0800","caller":"app/config.go:76","func":"github.com/costa92/go-protoc/v2/pkg/app.PrintConfig","msg":"CFG: mysql.max-open-connections=100","service":"apiserver111","version":"v2.0.0","environment":"development","branch":"feature/v2-log","logger_type":"zap"}
{"level":"debug","ts":"2025-08-22T23:29:17.338+0800","caller":"app/config.go:76","func":"github.com/costa92/go-protoc/v2/pkg/app.PrintConfig","msg":"CFG: vmodule=","service":"apiserver111","version":"v2.0.0","environment":"development","branch":"feature/v2-log","logger_type":"zap"}
{"level":"debug","ts":"2025-08-22T23:29:17.338+0800","caller":"app/config.go:76","func":"github.com/costa92/go-protoc/v2/pkg/app.PrintConfig","msg":"CFG: jaeger.env=development","service":"apiserver111","version":"v2.0.0","environment":"development","branch":"feature/v2-log","logger_type":"zap"}
{"level":"debug","ts":"2025-08-22T23:29:17.338+0800","caller":"app/config.go:76","func":"github.com/costa92/go-protoc/v2/pkg/app.PrintConfig","msg":"CFG: jaeger.sampler-param=1","service":"apiserver111","version":"v2.0.0","environment":"development","branch":"feature/v2-log","logger_type":"zap"}
{"level":"debug","ts":"2025-08-22T23:29:17.338+0800","caller":"app/config.go:76","func":"github.com/costa92/go-protoc/v2/pkg/app.PrintConfig","msg":"CFG: log.encoder-config.message-key=msg","service":"apiserver111","version":"v2.0.0","environment":"development","branch":"feature/v2-log","logger_type":"zap"}
{"level":"debug","ts":"2025-08-22T23:29:17.338+0800","caller":"app/config.go:76","func":"github.com/costa92/go-protoc/v2/pkg/app.PrintConfig","msg":"CFG: log.encoder-config.caller-encoder=short","service":"apiserver111","version":"v2.0.0","environment":"development","branch":"feature/v2-log","logger_type":"zap"}
{"level":"debug","ts":"2025-08-22T23:29:17.338+0800","caller":"app/config.go:76","func":"github.com/costa92/go-protoc/v2/pkg/app.PrintConfig","msg":"CFG: log.otlp.endpoint=127.0.0.1:4327","service":"apiserver111","version":"v2.0.0","environment":"development","branch":"feature/v2-log","logger_type":"zap"}
{"level":"debug","ts":"2025-08-22T23:29:17.338+0800","caller":"app/config.go:76","func":"github.com/costa92/go-protoc/v2/pkg/app.PrintConfig","msg":"CFG: log.otlp.timeout=10s","service":"apiserver111","version":"v2.0.0","environment":"development","branch":"feature/v2-log","logger_type":"zap"}
{"level":"debug","ts":"2025-08-22T23:29:17.338+0800","caller":"app/config.go:76","func":"github.com/costa92/go-protoc/v2/pkg/app.PrintConfig","msg":"CFG: sentry.environment=development","service":"apiserver111","version":"v2.0.0","environment":"development","branch":"feature/v2-log","logger_type":"zap"}
{"level":"debug","ts":"2025-08-22T23:29:17.338+0800","caller":"app/config.go:76","func":"github.com/costa92/go-protoc/v2/pkg/app.PrintConfig","msg":"CFG: sentry.profiles-sample-rate=0.1","service":"apiserver111","version":"v2.0.0","environment":"development","branch":"feature/v2-log","logger_type":"zap"}
{"level":"debug","ts":"2025-08-22T23:29:17.338+0800","caller":"app/config.go:76","func":"github.com/costa92/go-protoc/v2/pkg/app.PrintConfig","msg":"CFG: jwt.max-refresh=2h","service":"apiserver111","version":"v2.0.0","environment":"development","branch":"feature/v2-log","logger_type":"zap"}
{"level":"debug","ts":"2025-08-22T23:29:17.338+0800","caller":"app/config.go:76","func":"github.com/costa92/go-protoc/v2/pkg/app.PrintConfig","msg":"CFG: http.addr=0.0.0.0:8080","service":"apiserver111","version":"v2.0.0","environment":"development","branch":"feature/v2-log","logger_type":"zap"}
{"level":"debug","ts":"2025-08-22T23:29:17.338+0800","caller":"app/config.go:76","func":"github.com/costa92/go-protoc/v2/pkg/app.PrintConfig","msg":"CFG: log.stacktrace-key=stacktrace","service":"apiserver111","version":"v2.0.0","environment":"development","branch":"feature/v2-log","logger_type":"zap"}
{"level":"debug","ts":"2025-08-22T23:29:17.339+0800","caller":"app/config.go:76","func":"github.com/costa92/go-protoc/v2/pkg/app.PrintConfig","msg":"CFG: sentry.max-breadcrumbs=100","service":"apiserver111","version":"v2.0.0","environment":"development","branch":"feature/v2-log","logger_type":"zap"}
{"level":"debug","ts":"2025-08-22T23:29:17.339+0800","caller":"app/config.go:76","func":"github.com/costa92/go-protoc/v2/pkg/app.PrintConfig","msg":"CFG: log.level-key=level","service":"apiserver111","version":"v2.0.0","environment":"development","branch":"feature/v2-log","logger_type":"zap"}
{"level":"info","ts":"2025-08-22T23:32:28.165+0800","caller":"app/app.go:308","msg":"Starting application","name":"apiserver","version":"{\"gitVersion\":\"v0.0.0-master+$Format:%h$\",\"gitCommit\":\"$Format:%H$\",\"gitTreeState\":\"\",\"gitBranch\":\"unknown\",\"buildDate\":\"1970-01-01T00:00:00Z\",\"serviceName\":\"apiserver\",\"goVersion\":\"go1.25.0\",\"compiler\":\"gc\",\"platform\":\"darwin/arm64\"}"}
{"level":"info","ts":"2025-08-22T23:32:28.165+0800","caller":"app/app.go:309","msg":"Golang settings","GOGC":"","GOMAXPROCS":"","GOTRACEBACK":""}
{"level":"debug","ts":"2025-08-22T23:32:28.165+0800","caller":"app/config.go:76","func":"github.com/costa92/go-protoc/v2/pkg/app.PrintConfig","msg":"CFG: grpc.timeout=10s","logger_type":"zap","service":"apiserver111","version":"v2.0.0","environment":"development","branch":"unknown"}
{"level":"debug","ts":"2025-08-22T23:32:28.165+0800","caller":"app/config.go:76","func":"github.com/costa92/go-protoc/v2/pkg/app.PrintConfig","msg":"CFG: log.initial-fields.environment=development","logger_type":"zap","service":"apiserver111","version":"v2.0.0","environment":"development","branch":"unknown"}
{"level":"debug","ts":"2025-08-22T23:32:28.165+0800","caller":"app/config.go:76","func":"github.com/costa92/go-protoc/v2/pkg/app.PrintConfig","msg":"CFG: log.otlp.endpoint=127.0.0.1:4327","logger_type":"zap","service":"apiserver111","version":"v2.0.0","environment":"development","branch":"unknown"}
{"level":"debug","ts":"2025-08-22T23:32:28.165+0800","caller":"app/config.go:76","func":"github.com/costa92/go-protoc/v2/pkg/app.PrintConfig","msg":"CFG: log.encoder-config.stacktrace-key=stacktrace","logger_type":"zap","service":"apiserver111","version":"v2.0.0","environment":"development","branch":"unknown"}
{"level":"debug","ts":"2025-08-22T23:32:28.165+0800","caller":"app/config.go:76","func":"github.com/costa92/go-protoc/v2/pkg/app.PrintConfig","msg":"CFG: log.victoria-logs.version=v2.0.0","logger_type":"zap","service":"apiserver111","version":"v2.0.0","environment":"development","branch":"unknown"}
{"level":"debug","ts":"2025-08-22T23:32:28.165+0800","caller":"app/config.go:76","func":"github.com/costa92/go-protoc/v2/pkg/app.PrintConfig","msg":"CFG: log.dynamic=false","logger_type":"zap","service":"apiserver111","version":"v2.0.0","environment":"development","branch":"unknown"}
{"level":"debug","ts":"2025-08-22T23:32:28.165+0800","caller":"app/config.go:76","func":"github.com/costa92/go-protoc/v2/pkg/app.PrintConfig","msg":"CFG: log.encoding=json","logger_type":"zap","service":"apiserver111","version":"v2.0.0","environment":"development","branch":"unknown"}
{"level":"debug","ts":"2025-08-22T23:32:28.165+0800","caller":"app/config.go:76","func":"github.com/costa92/go-protoc/v2/pkg/app.PrintConfig","msg":"CFG: log.initial-fields.service=apiserver111","logger_type":"zap","service":"apiserver111","version":"v2.0.0","environment":"development","branch":"unknown"}
{"level":"debug","ts":"2025-08-22T23:32:28.165+0800","caller":"app/config.go:76","func":"github.com/costa92/go-protoc/v2/pkg/app.PrintConfig","msg":"CFG: redis.database=0","logger_type":"zap","service":"apiserver111","version":"v2.0.0","environment":"development","branch":"unknown"}
{"level":"debug","ts":"2025-08-22T23:32:28.165+0800","caller":"app/config.go:76","func":"github.com/costa92/go-protoc/v2/pkg/app.PrintConfig","msg":"CFG: log.function-key=func","logger_type":"zap","service":"apiserver111","version":"v2.0.0","environment":"development","branch":"unknown"}
{"level":"debug","ts":"2025-08-22T23:32:28.165+0800","caller":"app/config.go:76","func":"github.com/costa92/go-protoc/v2/pkg/app.PrintConfig","msg":"CFG: redis.max-retries=3","logger_type":"zap","service":"apiserver111","version":"v2.0.0","environment":"development","branch":"unknown"}
{"level":"debug","ts":"2025-08-22T23:32:28.165+0800","caller":"app/config.go:76","func":"github.com/costa92/go-protoc/v2/pkg/app.PrintConfig","msg":"CFG: help=false","logger_type":"zap","service":"apiserver111","version":"v2.0.0","environment":"development","branch":"unknown"}
{"level":"debug","ts":"2025-08-22T23:32:28.165+0800","caller":"app/config.go:76","func":"github.com/costa92/go-protoc/v2/pkg/app.PrintConfig","msg":"CFG: log.compress=true","logger_type":"zap","service":"apiserver111","version":"v2.0.0","environment":"development","branch":"unknown"}
{"level":"debug","ts":"2025-08-22T23:32:28.165+0800","caller":"app/config.go:76","func":"github.com/costa92/go-protoc/v2/pkg/app.PrintConfig","msg":"CFG: log.otlp.resource_attributes.service.name=apiserver","logger_type":"zap","service":"apiserver111","version":"v2.0.0","environment":"development","branch":"unknown"}
{"level":"debug","ts":"2025-08-22T23:32:28.165+0800","caller":"app/config.go:76","func":"github.com/costa92/go-protoc/v2/pkg/app.PrintConfig","msg":"CFG: log.encoder-config.level-key=level","logger_type":"zap","service":"apiserver111","version":"v2.0.0","environment":"development","branch":"unknown"}
{"level":"debug","ts":"2025-08-22T23:32:28.165+0800","caller":"app/config.go:76","func":"github.com/costa92/go-protoc/v2/pkg/app.PrintConfig","msg":"CFG: vmodule=","logger_type":"zap","service":"apiserver111","version":"v2.0.0","environment":"development","branch":"unknown"}
{"level":"debug","ts":"2025-08-22T23:32:28.165+0800","caller":"app/config.go:76","func":"github.com/costa92/go-protoc/v2/pkg/app.PrintConfig","msg":"CFG: log.max-age=7","logger_type":"zap","service":"apiserver111","version":"v2.0.0","environment":"development","branch":"unknown"}
{"level":"debug","ts":"2025-08-22T23:32:28.165+0800","caller":"app/config.go:76","func":"github.com/costa92/go-protoc/v2/pkg/app.PrintConfig","msg":"CFG: grpc.addr=0.0.0.0:9090","logger_type":"zap","service":"apiserver111","version":"v2.0.0","environment":"development","branch":"unknown"}
{"level":"debug","ts":"2025-08-22T23:32:28.165+0800","caller":"app/config.go:76","func":"github.com/costa92/go-protoc/v2/pkg/app.PrintConfig","msg":"CFG: sentry.profiles-sample-rate=0.1","logger_type":"zap","service":"apiserver111","version":"v2.0.0","environment":"development","branch":"unknown"}
{"level":"debug","ts":"2025-08-22T23:32:28.165+0800","caller":"app/config.go:76","func":"github.com/costa92/go-protoc/v2/pkg/app.PrintConfig","msg":"CFG: log.encoder-config.caller-encoder=short","logger_type":"zap","service":"apiserver111","version":"v2.0.0","environment":"development","branch":"unknown"}
{"level":"debug","ts":"2025-08-22T23:32:28.165+0800","caller":"app/config.go:76","func":"github.com/costa92/go-protoc/v2/pkg/app.PrintConfig","msg":"CFG: pool-monitor.enabled=true","logger_type":"zap","service":"apiserver111","version":"v2.0.0","environment":"development","branch":"unknown"}
{"level":"debug","ts":"2025-08-22T23:32:28.165+0800","caller":"app/config.go:76","func":"github.com/costa92/go-protoc/v2/pkg/app.PrintConfig","msg":"CFG: redis.min-idle-conns=0","logger_type":"zap","service":"apiserver111","version":"v2.0.0","environment":"development","branch":"unknown"}
{"level":"debug","ts":"2025-08-22T23:32:28.165+0800","caller":"app/config.go:76","func":"github.com/costa92/go-protoc/v2/pkg/app.PrintConfig","msg":"CFG: jaeger.sampler-type=const","logger_type":"zap","service":"apiserver111","version":"v2.0.0","environment":"development","branch":"unknown"}
{"level":"debug","ts":"2025-08-22T23:32:28.165+0800","caller":"app/config.go:76","func":"github.com/costa92/go-protoc/v2/pkg/app.PrintConfig","msg":"CFG: jaeger.reporter-log-spans=true","logger_type":"zap","service":"apiserver111","version":"v2.0.0","environment":"development","branch":"unknown"}
{"level":"debug","ts":"2025-08-22T23:32:28.165+0800","caller":"app/config.go:76","func":"github.com/costa92/go-protoc/v2/pkg/app.PrintConfig","msg":"CFG: log.initial-fields.version=v2.0.0","logger_type":"zap","service":"apiserver111","version":"v2.0.0","environment":"development","branch":"unknown"}
{"level":"debug","ts":"2025-08-22T23:32:28.165+0800","caller":"app/config.go:76","func":"github.com/costa92/go-protoc/v2/pkg/app.PrintConfig","msg":"CFG: mysql.database=protoc","logger_type":"zap","service":"apiserver111","version":"v2.0.0","environment":"development","branch":"unknown"}
{"level":"debug","ts":"2025-08-22T23:32:28.165+0800","caller":"app/config.go:76","func":"github.com/costa92/go-protoc/v2/pkg/app.PrintConfig","msg":"CFG: log.disable-function-at-info=true","logger_type":"zap","service":"apiserver111","version":"v2.0.0","environment":"development","branch":"unknown"}
{"level":"debug","ts":"2025-08-22T23:32:28.165+0800","caller":"app/config.go:76","func":"github.com/costa92/go-protoc/v2/pkg/app.PrintConfig","msg":"CFG: log.output-paths=[stdout logs/apiserver/app.log]","logger_type":"zap","service":"apiserver111","version":"v2.0.0","environment":"development","branch":"unknown"}
{"level":"debug","ts":"2025-08-22T23:32:28.165+0800","caller":"app/config.go:76","func":"github.com/costa92/go-protoc/v2/pkg/app.PrintConfig","msg":"CFG: redis.username=","logger_type":"zap","service":"apiserver111","version":"v2.0.0","environment":"development","branch":"unknown"}
{"level":"debug","ts":"2025-08-22T23:32:28.165+0800","caller":"app/config.go:76","func":"github.com/costa92/go-protoc/v2/pkg/app.PrintConfig","msg":"CFG: http.network=tcp","logger_type":"zap","service":"apiserver111","version":"v2.0.0","environment":"development","branch":"unknown"}
{"level":"debug","ts":"2025-08-22T23:32:28.165+0800","caller":"app/config.go:76","func":"github.com/costa92/go-protoc/v2/pkg/app.PrintConfig","msg":"CFG: jwt.signing-method=HS512","logger_type":"zap","service":"apiserver111","version":"v2.0.0","environment":"development","branch":"unknown"}
{"level":"debug","ts":"2025-08-22T23:32:28.165+0800","caller":"app/config.go:76","func":"github.com/costa92/go-protoc/v2/pkg/app.PrintConfig","msg":"CFG: http.timeout=10s","logger_type":"zap","service":"apiserver111","version":"v2.0.0","environment":"development","branch":"unknown"}
{"level":"debug","ts":"2025-08-22T23:32:28.165+0800","caller":"app/config.go:76","func":"github.com/costa92/go-protoc/v2/pkg/app.PrintConfig","msg":"CFG: pool-monitor.namespace=apiserver","logger_type":"zap","service":"apiserver111","version":"v2.0.0","environment":"development","branch":"unknown"}
{"level":"debug","ts":"2025-08-22T23:32:28.165+0800","caller":"app/config.go:76","func":"github.com/costa92/go-protoc/v2/pkg/app.PrintConfig","msg":"CFG: redis.dial-timeout=5s","logger_type":"zap","service":"apiserver111","version":"v2.0.0","environment":"development","branch":"unknown"}
{"level":"debug","ts":"2025-08-22T23:32:28.165+0800","caller":"app/config.go:76","func":"github.com/costa92/go-protoc/v2/pkg/app.PrintConfig","msg":"CFG: mysql.host=127.0.0.1","logger_type":"zap","service":"apiserver111","version":"v2.0.0","environment":"development","branch":"unknown"}
{"level":"debug","ts":"2025-08-22T23:32:28.165+0800","caller":"app/config.go:76","func":"github.com/costa92/go-protoc/v2/pkg/app.PrintConfig","msg":"CFG: sentry.traces-sample-rate=0.1","logger_type":"zap","service":"apiserver111","version":"v2.0.0","environment":"development","branch":"unknown"}
{"level":"debug","ts":"2025-08-22T23:32:28.165+0800","caller":"app/config.go:76","func":"github.com/costa92/go-protoc/v2/pkg/app.PrintConfig","msg":"CFG: sentry.enable-tracing=true","logger_type":"zap","service":"apiserver111","version":"v2.0.0","environment":"development","branch":"unknown"}
{"level":"info","ts":"2025-08-22T23:33:01.733+0800","caller":"app/app.go:308","msg":"Starting application","name":"apiserver","version":"{\"gitVersion\":\"cd03a2b-dirty\",\"gitCommit\":\"cd03a2bae2065c9d493c5f60441c24aacb13b175\",\"gitTreeState\":\"\",\"gitBranch\":\"feature/v2-log\",\"buildDate\":\"2025-08-22T15:32:53Z\",\"serviceName\":\"apiserver\",\"goVersion\":\"go1.25.0\",\"compiler\":\"gc\",\"platform\":\"darwin/arm64\"}"}
{"level":"info","ts":"2025-08-22T23:33:01.733+0800","caller":"app/app.go:309","msg":"Golang settings","GOGC":"","GOMAXPROCS":"","GOTRACEBACK":""}
{"level":"debug","ts":"2025-08-22T23:33:01.733+0800","caller":"app/config.go:76","func":"github.com/costa92/go-protoc/v2/pkg/app.PrintConfig","msg":"CFG: log.caller-key=caller","version":"v2.0.0","environment":"development","branch":"feature/v2-log","logger_type":"zap","service":"apiserver111"}
{"level":"debug","ts":"2025-08-22T23:33:01.733+0800","caller":"app/config.go:76","func":"github.com/costa92/go-protoc/v2/pkg/app.PrintConfig","msg":"CFG: jwt.key=onex(#)666","version":"v2.0.0","environment":"development","branch":"feature/v2-log","logger_type":"zap","service":"apiserver111"}
{"level":"debug","ts":"2025-08-22T23:33:01.733+0800","caller":"app/config.go:76","func":"github.com/costa92/go-protoc/v2/pkg/app.PrintConfig","msg":"CFG: sentry.enabled=false","version":"v2.0.0","environment":"development","branch":"feature/v2-log","logger_type":"zap","service":"apiserver111"}
{"level":"debug","ts":"2025-08-22T23:33:01.733+0800","caller":"app/config.go:76","func":"github.com/costa92/go-protoc/v2/pkg/app.PrintConfig","msg":"CFG: redis.password=","version":"v2.0.0","environment":"development","branch":"feature/v2-log","logger_type":"zap","service":"apiserver111"}
{"level":"debug","ts":"2025-08-22T23:33:01.733+0800","caller":"app/config.go:76","func":"github.com/costa92/go-protoc/v2/pkg/app.PrintConfig","msg":"CFG: sentry.release=","version":"v2.0.0","environment":"development","branch":"feature/v2-log","logger_type":"zap","service":"apiserver111"}
{"level":"debug","ts":"2025-08-22T23:33:01.733+0800","caller":"app/config.go:76","func":"github.com/costa92/go-protoc/v2/pkg/app.PrintConfig","msg":"CFG: log.victoria-logs.environment=development","version":"v2.0.0","environment":"development","branch":"feature/v2-log","logger_type":"zap","service":"apiserver111"}
{"level":"debug","ts":"2025-08-22T23:33:01.733+0800","caller":"app/config.go:76","func":"github.com/costa92/go-protoc/v2/pkg/app.PrintConfig","msg":"CFG: redis.max-retries=3","version":"v2.0.0","environment":"development","branch":"feature/v2-log","logger_type":"zap","service":"apiserver111"}
{"level":"debug","ts":"2025-08-22T23:33:01.733+0800","caller":"app/config.go:76","func":"github.com/costa92/go-protoc/v2/pkg/app.PrintConfig","msg":"CFG: sentry.environment=development","version":"v2.0.0","environment":"development","branch":"feature/v2-log","logger_type":"zap","service":"apiserver111"}
{"level":"debug","ts":"2025-08-22T23:33:01.733+0800","caller":"app/config.go:76","func":"github.com/costa92/go-protoc/v2/pkg/app.PrintConfig","msg":"CFG: jaeger.reporter-log-spans=true","version":"v2.0.0","environment":"development","branch":"feature/v2-log","logger_type":"zap","service":"apiserver111"}
{"level":"debug","ts":"2025-08-22T23:33:01.733+0800","caller":"app/config.go:76","func":"github.com/costa92/go-protoc/v2/pkg/app.PrintConfig","msg":"CFG: sentry.dsn=","version":"v2.0.0","environment":"development","branch":"feature/v2-log","logger_type":"zap","service":"apiserver111"}
{"level":"debug","ts":"2025-08-22T23:33:01.733+0800","caller":"app/config.go:76","func":"github.com/costa92/go-protoc/v2/pkg/app.PrintConfig","msg":"CFG: pool-monitor.namespace=apiserver","version":"v2.0.0","environment":"development","branch":"feature/v2-log","logger_type":"zap","service":"apiserver111"}
{"level":"debug","ts":"2025-08-22T23:33:01.733+0800","caller":"app/config.go:76","func":"github.com/costa92/go-protoc/v2/pkg/app.PrintConfig","msg":"CFG: sentry.attach-stacktrace=true","version":"v2.0.0","environment":"development","branch":"feature/v2-log","logger_type":"zap","service":"apiserver111"}
{"level":"debug","ts":"2025-08-22T23:33:01.733+0800","caller":"app/config.go:76","func":"github.com/costa92/go-protoc/v2/pkg/app.PrintConfig","msg":"CFG: redis.min-idle-conns=0","version":"v2.0.0","environment":"development","branch":"feature/v2-log","logger_type":"zap","service":"apiserver111"}
{"level":"debug","ts":"2025-08-22T23:33:01.733+0800","caller":"app/config.go:76","func":"github.com/costa92/go-protoc/v2/pkg/app.PrintConfig","msg":"CFG: log.stacktrace-key=stacktrace","version":"v2.0.0","environment":"development","branch":"feature/v2-log","logger_type":"zap","service":"apiserver111"}
{"level":"debug","ts":"2025-08-22T23:33:01.733+0800","caller":"app/config.go:76","func":"github.com/costa92/go-protoc/v2/pkg/app.PrintConfig","msg":"CFG: jaeger.sampler-type=const","version":"v2.0.0","environment":"development","branch":"feature/v2-log","logger_type":"zap","service":"apiserver111"}
{"level":"debug","ts":"2025-08-22T23:33:01.733+0800","caller":"app/config.go:76","func":"github.com/costa92/go-protoc/v2/pkg/app.PrintConfig","msg":"CFG: log.otlp.batch_size=100","version":"v2.0.0","environment":"development","branch":"feature/v2-log","logger_type":"zap","service":"apiserver111"}
{"level":"debug","ts":"2025-08-22T23:33:01.733+0800","caller":"app/config.go:76","func":"github.com/costa92/go-protoc/v2/pkg/app.PrintConfig","msg":"CFG: log.otlp.endpoint=127.0.0.1:4327","version":"v2.0.0","environment":"development","branch":"feature/v2-log","logger_type":"zap","service":"apiserver111"}
{"level":"debug","ts":"2025-08-22T23:33:01.733+0800","caller":"app/config.go:76","func":"github.com/costa92/go-protoc/v2/pkg/app.PrintConfig","msg":"CFG: log.level-key=level","version":"v2.0.0","environment":"development","branch":"feature/v2-log","logger_type":"zap","service":"apiserver111"}
{"level":"debug","ts":"2025-08-22T23:33:01.733+0800","caller":"app/config.go:76","func":"github.com/costa92/go-protoc/v2/pkg/app.PrintConfig","msg":"CFG: log.encoder-config.function-key=func","version":"v2.0.0","environment":"development","branch":"feature/v2-log","logger_type":"zap","service":"apiserver111"}
{"level":"debug","ts":"2025-08-22T23:33:01.733+0800","caller":"app/config.go:76","func":"github.com/costa92/go-protoc/v2/pkg/app.PrintConfig","msg":"CFG: jwt.max-refresh=2h","version":"v2.0.0","environment":"development","branch":"feature/v2-log","logger_type":"zap","service":"apiserver111"}
{"level":"debug","ts":"2025-08-22T23:33:01.733+0800","caller":"app/config.go:76","func":"github.com/costa92/go-protoc/v2/pkg/app.PrintConfig","msg":"CFG: log.caller-skip=1","version":"v2.0.0","environment":"development","branch":"feature/v2-log","logger_type":"zap","service":"apiserver111"}
{"level":"debug","ts":"2025-08-22T23:33:01.733+0800","caller":"app/config.go:76","func":"github.com/costa92/go-protoc/v2/pkg/app.PrintConfig","msg":"CFG: sentry.ignore-errors=[]","version":"v2.0.0","environment":"development","branch":"feature/v2-log","logger_type":"zap","service":"apiserver111"}
{"level":"debug","ts":"2025-08-22T23:33:01.733+0800","caller":"app/config.go:76","func":"github.com/costa92/go-protoc/v2/pkg/app.PrintConfig","msg":"CFG: log.type=zap","version":"v2.0.0","environment":"development","branch":"feature/v2-log","logger_type":"zap","service":"apiserver111"}
{"level":"debug","ts":"2025-08-22T23:33:01.733+0800","caller":"app/config.go:76","func":"github.com/costa92/go-protoc/v2/pkg/app.PrintConfig","msg":"CFG: log.encoder-config.stacktrace-key=stacktrace","version":"v2.0.0","environment":"development","branch":"feature/v2-log","logger_type":"zap","service":"apiserver111"}
{"level":"debug","ts":"2025-08-22T23:33:01.733+0800","caller":"app/config.go:76","func":"github.com/costa92/go-protoc/v2/pkg/app.PrintConfig","msg":"CFG: log.otlp.timeout=10s","version":"v2.0.0","environment":"development","branch":"feature/v2-log","logger_type":"zap","service":"apiserver111"}
{"level":"debug","ts":"2025-08-22T23:33:01.733+0800","caller":"app/config.go:76","func":"github.com/costa92/go-protoc/v2/pkg/app.PrintConfig","msg":"CFG: redis.read-timeout=3s","version":"v2.0.0","environment":"development","branch":"feature/v2-log","logger_type":"zap","service":"apiserver111"}
{"level":"debug","ts":"2025-08-22T23:33:01.733+0800","caller":"app/config.go:76","func":"github.com/costa92/go-protoc/v2/pkg/app.PrintConfig","msg":"CFG: jaeger.env=development","version":"v2.0.0","environment":"development","branch":"feature/v2-log","logger_type":"zap","service":"apiserver111"}
{"level":"debug","ts":"2025-08-22T23:33:01.733+0800","caller":"app/config.go:76","func":"github.com/costa92/go-protoc/v2/pkg/app.PrintConfig","msg":"CFG: log.dynamic=false","version":"v2.0.0","environment":"development","branch":"feature/v2-log","logger_type":"zap","service":"apiserver111"}
{"level":"debug","ts":"2025-08-22T23:33:01.733+0800","caller":"app/config.go:76","func":"github.com/costa92/go-protoc/v2/pkg/app.PrintConfig","msg":"CFG: log.disable-caller=false","version":"v2.0.0","environment":"development","branch":"feature/v2-log","logger_type":"zap","service":"apiserver111"}
{"level":"info","ts":"2025-08-22T23:33:38.150+0800","caller":"app/app.go:308","msg":"Starting application","name":"apiserver","version":"{\"gitVersion\":\"cd03a2b-dirty\",\"gitCommit\":\"cd03a2bae2065c9d493c5f60441c24aacb13b175\",\"gitTreeState\":\"\",\"gitBranch\":\"feature/v2-log\",\"buildDate\":\"2025-08-22T15:33:30Z\",\"serviceName\":\"apiserver\",\"goVersion\":\"go1.25.0\",\"compiler\":\"gc\",\"platform\":\"darwin/arm64\"}"}
{"level":"info","ts":"2025-08-22T23:33:38.150+0800","caller":"app/app.go:309","msg":"Golang settings","GOGC":"","GOMAXPROCS":"","GOTRACEBACK":""}
{"level":"debug","ts":"2025-08-22T23:33:38.150+0800","caller":"app/config.go:76","func":"github.com/costa92/go-protoc/v2/pkg/app.PrintConfig","msg":"CFG: log.message-key=msg","service":"apiserver111","version":"v2.0.0","environment":"development","branch":"feature/v2-log","logger_type":"zap"}
{"level":"debug","ts":"2025-08-22T23:33:38.150+0800","caller":"app/config.go:76","func":"github.com/costa92/go-protoc/v2/pkg/app.PrintConfig","msg":"CFG: jwt.signing-method=HS512","service":"apiserver111","version":"v2.0.0","environment":"development","branch":"feature/v2-log","logger_type":"zap"}
{"level":"debug","ts":"2025-08-22T23:33:38.150+0800","caller":"app/config.go:76","func":"github.com/costa92/go-protoc/v2/pkg/app.PrintConfig","msg":"CFG: log.encoder-config.caller-encoder=short","service":"apiserver111","version":"v2.0.0","environment":"development","branch":"feature/v2-log","logger_type":"zap"}
{"level":"debug","ts":"2025-08-22T23:33:38.150+0800","caller":"app/config.go:76","func":"github.com/costa92/go-protoc/v2/pkg/app.PrintConfig","msg":"CFG: redis.write-timeout=3s","service":"apiserver111","version":"v2.0.0","environment":"development","branch":"feature/v2-log","logger_type":"zap"}
{"level":"debug","ts":"2025-08-22T23:33:38.150+0800","caller":"app/config.go:76","func":"github.com/costa92/go-protoc/v2/pkg/app.PrintConfig","msg":"CFG: redis.dial-timeout=5s","service":"apiserver111","version":"v2.0.0","environment":"development","branch":"feature/v2-log","logger_type":"zap"}
{"level":"debug","ts":"2025-08-22T23:33:38.150+0800","caller":"app/config.go:76","func":"github.com/costa92/go-protoc/v2/pkg/app.PrintConfig","msg":"CFG: jwt.max-refresh=2h","service":"apiserver111","version":"v2.0.0","environment":"development","branch":"feature/v2-log","logger_type":"zap"}
{"level":"debug","ts":"2025-08-22T23:33:38.150+0800","caller":"app/config.go:76","func":"github.com/costa92/go-protoc/v2/pkg/app.PrintConfig","msg":"CFG: sentry.release=","service":"apiserver111","version":"v2.0.0","environment":"development","branch":"feature/v2-log","logger_type":"zap"}
{"level":"debug","ts":"2025-08-22T23:33:38.150+0800","caller":"app/config.go:76","func":"github.com/costa92/go-protoc/v2/pkg/app.PrintConfig","msg":"CFG: log.otlp.enabled=true","service":"apiserver111","version":"v2.0.0","environment":"development","branch":"feature/v2-log","logger_type":"zap"}
{"level":"debug","ts":"2025-08-22T23:33:38.150+0800","caller":"app/config.go:76","func":"github.com/costa92/go-protoc/v2/pkg/app.PrintConfig","msg":"CFG: redis.min-idle-conns=0","service":"apiserver111","version":"v2.0.0","environment":"development","branch":"feature/v2-log","logger_type":"zap"}
{"level":"debug","ts":"2025-08-22T23:33:38.150+0800","caller":"app/config.go:76","func":"github.com/costa92/go-protoc/v2/pkg/app.PrintConfig","msg":"CFG: jaeger.sampler-param=1","service":"apiserver111","version":"v2.0.0","environment":"development","branch":"feature/v2-log","logger_type":"zap"}
{"level":"debug","ts":"2025-08-22T23:33:38.150+0800","caller":"app/config.go:76","func":"github.com/costa92/go-protoc/v2/pkg/app.PrintConfig","msg":"CFG: log.level-key=level","service":"apiserver111","version":"v2.0.0","environment":"development","branch":"feature/v2-log","logger_type":"zap"}
{"level":"debug","ts":"2025-08-22T23:33:38.151+0800","caller":"app/config.go:76","func":"github.com/costa92/go-protoc/v2/pkg/app.PrintConfig","msg":"CFG: pool-monitor.database.enabled=true","service":"apiserver111","version":"v2.0.0","environment":"development","branch":"feature/v2-log","logger_type":"zap"}
{"level":"debug","ts":"2025-08-22T23:33:38.151+0800","caller":"app/config.go:76","func":"github.com/costa92/go-protoc/v2/pkg/app.PrintConfig","msg":"CFG: redis.read-timeout=3s","service":"apiserver111","version":"v2.0.0","environment":"development","branch":"feature/v2-log","logger_type":"zap"}
{"level":"debug","ts":"2025-08-22T23:33:38.151+0800","caller":"app/config.go:76","func":"github.com/costa92/go-protoc/v2/pkg/app.PrintConfig","msg":"CFG: jaeger.agent-port=6831","service":"apiserver111","version":"v2.0.0","environment":"development","branch":"feature/v2-log","logger_type":"zap"}
{"level":"debug","ts":"2025-08-22T23:33:38.151+0800","caller":"app/config.go:76","func":"github.com/costa92/go-protoc/v2/pkg/app.PrintConfig","msg":"CFG: log.encoder-config.level-encoder=lowercase","service":"apiserver111","version":"v2.0.0","environment":"development","branch":"feature/v2-log","logger_type":"zap"}
{"level":"debug","ts":"2025-08-22T23:33:38.151+0800","caller":"app/config.go:76","func":"github.com/costa92/go-protoc/v2/pkg/app.PrintConfig","msg":"CFG: redis.enable-trace=true","service":"apiserver111","version":"v2.0.0","environment":"development","branch":"feature/v2-log","logger_type":"zap"}
{"level":"debug","ts":"2025-08-22T23:33:38.151+0800","caller":"app/config.go:76","func":"github.com/costa92/go-protoc/v2/pkg/app.PrintConfig","msg":"CFG: feature-gates=","service":"apiserver111","version":"v2.0.0","environment":"development","branch":"feature/v2-log","logger_type":"zap"}
{"level":"debug","ts":"2025-08-22T23:33:38.151+0800","caller":"app/config.go:76","func":"github.com/costa92/go-protoc/v2/pkg/app.PrintConfig","msg":"CFG: pool-monitor.collect-interval=30s","service":"apiserver111","version":"v2.0.0","environment":"development","branch":"feature/v2-log","logger_type":"zap"}
{"level":"debug","ts":"2025-08-22T23:33:38.151+0800","caller":"app/config.go:76","func":"github.com/costa92/go-protoc/v2/pkg/app.PrintConfig","msg":"CFG: log.encoder-config.message-key=msg","service":"apiserver111","version":"v2.0.0","environment":"development","branch":"feature/v2-log","logger_type":"zap"}
{"level":"debug","ts":"2025-08-22T23:33:38.151+0800","caller":"app/config.go:76","func":"github.com/costa92/go-protoc/v2/pkg/app.PrintConfig","msg":"CFG: log.encoder-config.time-encoder=iso8601","service":"apiserver111","version":"v2.0.0","environment":"development","branch":"feature/v2-log","logger_type":"zap"}
{"level":"debug","ts":"2025-08-22T23:33:38.151+0800","caller":"app/config.go:76","func":"github.com/costa92/go-protoc/v2/pkg/app.PrintConfig","msg":"CFG: redis.max-retries=3","service":"apiserver111","version":"v2.0.0","environment":"development","branch":"feature/v2-log","logger_type":"zap"}
{"level":"debug","ts":"2025-08-22T23:33:38.151+0800","caller":"app/config.go:76","func":"github.com/costa92/go-protoc/v2/pkg/app.PrintConfig","msg":"CFG: log.victoria-logs.timeout=10","service":"apiserver111","version":"v2.0.0","environment":"development","branch":"feature/v2-log","logger_type":"zap"}
{"level":"debug","ts":"2025-08-22T23:33:38.151+0800","caller":"app/config.go:76","func":"github.com/costa92/go-protoc/v2/pkg/app.PrintConfig","msg":"CFG: log.initial-fields.service=apiserver111","service":"apiserver111","version":"v2.0.0","environment":"development","branch":"feature/v2-log","logger_type":"zap"}
{"level":"debug","ts":"2025-08-22T23:33:38.151+0800","caller":"app/config.go:76","func":"github.com/costa92/go-protoc/v2/pkg/app.PrintConfig","msg":"CFG: log.otlp.resource_attributes.service.namespace=go-protoc","service":"apiserver111","version":"v2.0.0","environment":"development","branch":"feature/v2-log","logger_type":"zap"}
{"level":"debug","ts":"2025-08-22T23:33:38.151+0800","caller":"app/config.go:76","func":"github.com/costa92/go-protoc/v2/pkg/app.PrintConfig","msg":"CFG: pool-monitor.database.slow-query=1s","service":"apiserver111","version":"v2.0.0","environment":"development","branch":"feature/v2-log","logger_type":"zap"}
{"level":"debug","ts":"2025-08-22T23:33:38.151+0800","caller":"app/config.go:76","func":"github.com/costa92/go-protoc/v2/pkg/app.PrintConfig","msg":"CFG: sentry.server-name=","service":"apiserver111","version":"v2.0.0","environment":"development","branch":"feature/v2-log","logger_type":"zap"}
{"level":"debug","ts":"2025-08-22T23:33:38.151+0800","caller":"app/config.go:76","func":"github.com/costa92/go-protoc/v2/pkg/app.PrintConfig","msg":"CFG: log.initial-fields.version=v2.0.0","service":"apiserver111","version":"v2.0.0","environment":"development","branch":"feature/v2-log","logger_type":"zap"}
{"level":"debug","ts":"2025-08-22T23:33:38.151+0800","caller":"app/config.go:76","func":"github.com/costa92/go-protoc/v2/pkg/app.PrintConfig","msg":"CFG: mysql.log-level=1","service":"apiserver111","version":"v2.0.0","environment":"development","branch":"feature/v2-log","logger_type":"zap"}
{"level":"debug","ts":"2025-08-22T23:33:38.151+0800","caller":"app/config.go:76","func":"github.com/costa92/go-protoc/v2/pkg/app.PrintConfig","msg":"CFG: log.format=json","service":"apiserver111","version":"v2.0.0","environment":"development","branch":"feature/v2-log","logger_type":"zap"}
{"level":"debug","ts":"2025-08-22T23:33:38.151+0800","caller":"app/config.go:76","func":"github.com/costa92/go-protoc/v2/pkg/app.PrintConfig","msg":"CFG: pool-monitor.redis.enabled=true","service":"apiserver111","version":"v2.0.0","environment":"development","branch":"feature/v2-log","logger_type":"zap"}
{"level":"debug","ts":"2025-08-22T23:33:38.151+0800","caller":"app/config.go:76","func":"github.com/costa92/go-protoc/v2/pkg/app.PrintConfig","msg":"CFG: sentry.traces-sample-rate=0.1","service":"apiserver111","version":"v2.0.0","environment":"development","branch":"feature/v2-log","logger_type":"zap"}
{"level":"debug","ts":"2025-08-22T23:33:38.151+0800","caller":"app/config.go:76","func":"github.com/costa92/go-protoc/v2/pkg/app.PrintConfig","msg":"CFG: sentry.debug=false","service":"apiserver111","version":"v2.0.0","environment":"development","branch":"feature/v2-log","logger_type":"zap"}
{"level":"debug","ts":"2025-08-22T23:33:38.151+0800","caller":"app/config.go:76","func":"github.com/costa92/go-protoc/v2/pkg/app.PrintConfig","msg":"CFG: sentry.max-breadcrumbs=100","service":"apiserver111","version":"v2.0.0","environment":"development","branch":"feature/v2-log","logger_type":"zap"}
{"level":"debug","ts":"2025-08-22T23:33:38.151+0800","caller":"app/config.go:76","func":"github.com/costa92/go-protoc/v2/pkg/app.PrintConfig","msg":"CFG: log.otlp.export_timeout=30s","service":"apiserver111","version":"v2.0.0","environment":"development","branch":"feature/v2-log","logger_type":"zap"}
{"level":"debug","ts":"2025-08-22T23:33:38.151+0800","caller":"app/config.go:76","func":"github.com/costa92/go-protoc/v2/pkg/app.PrintConfig","msg":"CFG: config=configs/apiserver.yaml","service":"apiserver111","version":"v2.0.0","environment":"development","branch":"feature/v2-log","logger_type":"zap"}
{"level":"debug","ts":"2025-08-22T23:33:38.151+0800","caller":"app/config.go:76","func":"github.com/costa92/go-protoc/v2/pkg/app.PrintConfig","msg":"CFG: log.development=false","service":"apiserver111","version":"v2.0.0","environment":"development","branch":"feature/v2-log","logger_type":"zap"}
{"level":"debug","ts":"2025-08-22T23:33:38.151+0800","caller":"app/config.go:76","func":"github.com/costa92/go-protoc/v2/pkg/app.PrintConfig","msg":"CFG: log.output-paths=[stdout logs/apiserver/app.log]","service":"apiserver111","version":"v2.0.0","environment":"development","branch":"feature/v2-log","logger_type":"zap"}
{"level":"debug","ts":"2025-08-22T23:33:38.151+0800","caller":"app/config.go:76","func":"github.com/costa92/go-protoc/v2/pkg/app.PrintConfig","msg":"CFG: log.time-encoder=iso8601","service":"apiserver111","version":"v2.0.0","environment":"development","branch":"feature/v2-log","logger_type":"zap"}
{"level":"debug","ts":"2025-08-22T23:33:38.151+0800","caller":"app/config.go:76","func":"github.com/costa92/go-protoc/v2/pkg/app.PrintConfig","msg":"CFG: log.victoria-logs.version=v2.0.0","service":"apiserver111","version":"v2.0.0","environment":"development","branch":"feature/v2-log","logger_type":"zap"}
{"level":"debug","ts":"2025-08-22T23:33:38.151+0800","caller":"app/config.go:76","func":"github.com/costa92/go-protoc/v2/pkg/app.PrintConfig","msg":"CFG: log.initial-fields.environment=development","service":"apiserver111","version":"v2.0.0","environment":"development","branch":"feature/v2-log","logger_type":"zap"}
{"level":"debug","ts":"2025-08-22T23:33:38.151+0800","caller":"app/config.go:76","func":"github.com/costa92/go-protoc/v2/pkg/app.PrintConfig","msg":"CFG: redis.database=0","service":"apiserver111","version":"v2.0.0","environment":"development","branch":"feature/v2-log","logger_type":"zap"}
{"level":"debug","ts":"2025-08-22T23:33:38.151+0800","caller":"app/config.go:76","func":"github.com/costa92/go-protoc/v2/pkg/app.PrintConfig","msg":"CFG: log.function-key=func","service":"apiserver111","version":"v2.0.0","environment":"development","branch":"feature/v2-log","logger_type":"zap"}
{"level":"debug","ts":"2025-08-22T23:33:38.151+0800","caller":"app/config.go:76","func":"github.com/costa92/go-protoc/v2/pkg/app.PrintConfig","msg":"CFG: log.level-encoder=lowercase","service":"apiserver111","version":"v2.0.0","environment":"development","branch":"feature/v2-log","logger_type":"zap"}
{"level":"debug","ts":"2025-08-22T23:33:38.151+0800","caller":"app/config.go:76","func":"github.com/costa92/go-protoc/v2/pkg/app.PrintConfig","msg":"CFG: log.type=zap","service":"apiserver111","version":"v2.0.0","environment":"development","branch":"feature/v2-log","logger_type":"zap"}
{"level":"debug","ts":"2025-08-22T23:33:38.151+0800","caller":"app/config.go:76","func":"github.com/costa92/go-protoc/v2/pkg/app.PrintConfig","msg":"CFG: log.max-backups=5","service":"apiserver111","version":"v2.0.0","environment":"development","branch":"feature/v2-log","logger_type":"zap"}
{"level":"debug","ts":"2025-08-22T23:33:38.151+0800","caller":"app/config.go:76","func":"github.com/costa92/go-protoc/v2/pkg/app.PrintConfig","msg":"CFG: log.otlp.insecure=true","service":"apiserver111","version":"v2.0.0","environment":"development","branch":"feature/v2-log","logger_type":"zap"}
{"level":"debug","ts":"2025-08-22T23:33:38.151+0800","caller":"app/config.go:76","func":"github.com/costa92/go-protoc/v2/pkg/app.PrintConfig","msg":"CFG: sentry.send-default-pii=false","service":"apiserver111","version":"v2.0.0","environment":"development","branch":"feature/v2-log","logger_type":"zap"}
{"level":"debug","ts":"2025-08-22T23:33:38.151+0800","caller":"app/config.go:76","func":"github.com/costa92/go-protoc/v2/pkg/app.PrintConfig","msg":"CFG: log.max-age=7","service":"apiserver111","version":"v2.0.0","environment":"development","branch":"feature/v2-log","logger_type":"zap"}
{"level":"debug","ts":"2025-08-22T23:33:38.151+0800","caller":"app/config.go:76","func":"github.com/costa92/go-protoc/v2/pkg/app.PrintConfig","msg":"CFG: log.dynamic=false","service":"apiserver111","version":"v2.0.0","environment":"development","branch":"feature/v2-log","logger_type":"zap"}
{"level":"debug","ts":"2025-08-22T23:33:38.151+0800","caller":"app/config.go:76","func":"github.com/costa92/go-protoc/v2/pkg/app.PrintConfig","msg":"CFG: sentry.sample-rate=1","service":"apiserver111","version":"v2.0.0","environment":"development","branch":"feature/v2-log","logger_type":"zap"}
{"level":"debug","ts":"2025-08-22T23:33:38.151+0800","caller":"app/config.go:76","func":"github.com/costa92/go-protoc/v2/pkg/app.PrintConfig","msg":"CFG: sentry.enable-tracing=true","service":"apiserver111","version":"v2.0.0","environment":"development","branch":"feature/v2-log","logger_type":"zap"}
{"level":"debug","ts":"2025-08-22T23:33:38.151+0800","caller":"app/config.go:76","func":"github.com/costa92/go-protoc/v2/pkg/app.PrintConfig","msg":"CFG: log.enable-color=false","service":"apiserver111","version":"v2.0.0","environment":"development","branch":"feature/v2-log","logger_type":"zap"}
{"level":"debug","ts":"2025-08-22T23:33:38.151+0800","caller":"app/config.go:76","func":"github.com/costa92/go-protoc/v2/pkg/app.PrintConfig","msg":"CFG: sentry.ignore-errors=[]","service":"apiserver111","version":"v2.0.0","environment":"development","branch":"feature/v2-log","logger_type":"zap"}
{"level":"debug","ts":"2025-08-22T23:33:38.151+0800","caller":"app/config.go:76","func":"github.com/costa92/go-protoc/v2/pkg/app.PrintConfig","msg":"CFG: http.addr=0.0.0.0:8080","service":"apiserver111","version":"v2.0.0","environment":"development","branch":"feature/v2-log","logger_type":"zap"}
{"level":"debug","ts":"2025-08-22T23:33:38.151+0800","caller":"app/config.go:76","func":"github.com/costa92/go-protoc/v2/pkg/app.PrintConfig","msg":"CFG: jaeger.server=127.0.0.1:6831","service":"apiserver111","version":"v2.0.0","environment":"development","branch":"feature/v2-log","logger_type":"zap"}
{"level":"debug","ts":"2025-08-22T23:33:38.151+0800","caller":"app/config.go:76","func":"github.com/costa92/go-protoc/v2/pkg/app.PrintConfig","msg":"CFG: redis.pool-size=10","service":"apiserver111","version":"v2.0.0","environment":"development","branch":"feature/v2-log","logger_type":"zap"}
{"level":"debug","ts":"2025-08-22T23:33:38.151+0800","caller":"app/config.go:76","func":"github.com/costa92/go-protoc/v2/pkg/app.PrintConfig","msg":"CFG: log.level=debug","service":"apiserver111","version":"v2.0.0","environment":"development","branch":"feature/v2-log","logger_type":"zap"}
{"level":"debug","ts":"2025-08-22T23:33:38.151+0800","caller":"app/config.go:76","func":"github.com/costa92/go-protoc/v2/pkg/app.PrintConfig","msg":"CFG: log.disable-stacktrace=false","service":"apiserver111","version":"v2.0.0","environment":"development","branch":"feature/v2-log","logger_type":"zap"}
{"level":"debug","ts":"2025-08-22T23:33:38.151+0800","caller":"app/config.go:76","func":"github.com/costa92/go-protoc/v2/pkg/app.PrintConfig","msg":"CFG: log.stacktrace-key=stacktrace","service":"apiserver111","version":"v2.0.0","environment":"development","branch":"feature/v2-log","logger_type":"zap"}
{"level":"debug","ts":"2025-08-22T23:33:38.151+0800","caller":"app/config.go:76","func":"github.com/costa92/go-protoc/v2/pkg/app.PrintConfig","msg":"CFG: jaeger.agent-host=127.0.0.1","service":"apiserver111","version":"v2.0.0","environment":"development","branch":"feature/v2-log","logger_type":"zap"}
{"level":"debug","ts":"2025-08-22T23:33:38.151+0800","caller":"app/config.go:76","func":"github.com/costa92/go-protoc/v2/pkg/app.PrintConfig","msg":"CFG: log.encoder-config.level-key=level","service":"apiserver111","version":"v2.0.0","environment":"development","branch":"feature/v2-log","logger_type":"zap"}
{"level":"debug","ts":"2025-08-22T23:33:38.151+0800","caller":"app/config.go:76","func":"github.com/costa92/go-protoc/v2/pkg/app.PrintConfig","msg":"CFG: log.victoria-logs.batch-size=100","service":"apiserver111","version":"v2.0.0","environment":"development","branch":"feature/v2-log","logger_type":"zap"}
{"level":"debug","ts":"2025-08-22T23:33:38.151+0800","caller":"app/config.go:76","func":"github.com/costa92/go-protoc/v2/pkg/app.PrintConfig","msg":"CFG: log.otlp.resource_attributes.service.name=apiserver","service":"apiserver111","version":"v2.0.0","environment":"development","branch":"feature/v2-log","logger_type":"zap"}
{"level":"debug","ts":"2025-08-22T23:33:38.151+0800","caller":"app/config.go:76","func":"github.com/costa92/go-protoc/v2/pkg/app.PrintConfig","msg":"CFG: log.otlp.resource_attributes.deployment.environment=development","service":"apiserver111","version":"v2.0.0","environment":"development","branch":"feature/v2-log","logger_type":"zap"}
{"level":"debug","ts":"2025-08-22T23:33:38.152+0800","caller":"app/config.go:76","func":"github.com/costa92/go-protoc/v2/pkg/app.PrintConfig","msg":"CFG: mysql.username=root","service":"apiserver111","version":"v2.0.0","environment":"development","branch":"feature/v2-log","logger_type":"zap"}
{"level":"debug","ts":"2025-08-22T23:33:38.152+0800","caller":"app/config.go:76","func":"github.com/costa92/go-protoc/v2/pkg/app.PrintConfig","msg":"CFG: log-flush-frequency=5s","service":"apiserver111","version":"v2.0.0","environment":"development","branch":"feature/v2-log","logger_type":"zap"}
{"level":"debug","ts":"2025-08-22T23:33:38.152+0800","caller":"app/config.go:76","func":"github.com/costa92/go-protoc/v2/pkg/app.PrintConfig","msg":"CFG: vmodule=","service":"apiserver111","version":"v2.0.0","environment":"development","branch":"feature/v2-log","logger_type":"zap"}
{"level":"debug","ts":"2025-08-22T23:33:38.152+0800","caller":"app/config.go:76","func":"github.com/costa92/go-protoc/v2/pkg/app.PrintConfig","msg":"CFG: log.encoder-config.caller-key=caller","service":"apiserver111","version":"v2.0.0","environment":"development","branch":"feature/v2-log","logger_type":"zap"}
{"level":"debug","ts":"2025-08-22T23:33:38.152+0800","caller":"app/config.go:76","func":"github.com/costa92/go-protoc/v2/pkg/app.PrintConfig","msg":"CFG: log.encoder-config.function-key=func","service":"apiserver111","version":"v2.0.0","environment":"development","branch":"feature/v2-log","logger_type":"zap"}
{"level":"debug","ts":"2025-08-22T23:33:38.152+0800","caller":"app/config.go:76","func":"github.com/costa92/go-protoc/v2/pkg/app.PrintConfig","msg":"CFG: pool-monitor.enabled=true","service":"apiserver111","version":"v2.0.0","environment":"development","branch":"feature/v2-log","logger_type":"zap"}
{"level":"debug","ts":"2025-08-22T23:33:38.152+0800","caller":"app/config.go:76","func":"github.com/costa92/go-protoc/v2/pkg/app.PrintConfig","msg":"CFG: jwt.expired=2h","service":"apiserver111","version":"v2.0.0","environment":"development","branch":"feature/v2-log","logger_type":"zap"}
{"level":"debug","ts":"2025-08-22T23:33:38.152+0800","caller":"app/config.go:76","func":"github.com/costa92/go-protoc/v2/pkg/app.PrintConfig","msg":"CFG: mysql.password=proj(#)666","service":"apiserver111","version":"v2.0.0","environment":"development","branch":"feature/v2-log","logger_type":"zap"}
{"level":"debug","ts":"2025-08-22T23:33:38.152+0800","caller":"app/config.go:76","func":"github.com/costa92/go-protoc/v2/pkg/app.PrintConfig","msg":"CFG: redis.pool-timeout=4s","service":"apiserver111","version":"v2.0.0","environment":"development","branch":"feature/v2-log","logger_type":"zap"}
{"level":"debug","ts":"2025-08-22T23:33:38.152+0800","caller":"app/config.go:76","func":"github.com/costa92/go-protoc/v2/pkg/app.PrintConfig","msg":"CFG: sentry.profiles-sample-rate=0.1","service":"apiserver111","version":"v2.0.0","environment":"development","branch":"feature/v2-log","logger_type":"zap"}
{"level":"debug","ts":"2025-08-22T23:33:38.152+0800","caller":"app/config.go:76","func":"github.com/costa92/go-protoc/v2/pkg/app.PrintConfig","msg":"CFG: sentry.enable-profiling=false","service":"apiserver111","version":"v2.0.0","environment":"development","branch":"feature/v2-log","logger_type":"zap"}
{"level":"debug","ts":"2025-08-22T23:33:38.152+0800","caller":"app/config.go:76","func":"github.com/costa92/go-protoc/v2/pkg/app.PrintConfig","msg":"CFG: log.error-output-paths=[stderr]","service":"apiserver111","version":"v2.0.0","environment":"development","branch":"feature/v2-log","logger_type":"zap"}
{"level":"debug","ts":"2025-08-22T23:33:38.152+0800","caller":"app/config.go:76","func":"github.com/costa92/go-protoc/v2/pkg/app.PrintConfig","msg":"CFG: jaeger.sampler-type=const","service":"apiserver111","version":"v2.0.0","environment":"development","branch":"feature/v2-log","logger_type":"zap"}
{"level":"debug","ts":"2025-08-22T23:33:38.152+0800","caller":"app/config.go:76","func":"github.com/costa92/go-protoc/v2/pkg/app.PrintConfig","msg":"CFG: log.victoria-logs.environment=development","service":"apiserver111","version":"v2.0.0","environment":"development","branch":"feature/v2-log","logger_type":"zap"}
{"level":"debug","ts":"2025-08-22T23:33:38.152+0800","caller":"app/config.go:76","func":"github.com/costa92/go-protoc/v2/pkg/app.PrintConfig","msg":"CFG: log.otlp.resource_attributes.service.version=v2.0.0","service":"apiserver111","version":"v2.0.0","environment":"development","branch":"feature/v2-log","logger_type":"zap"}
{"level":"debug","ts":"2025-08-22T23:33:38.152+0800","caller":"app/config.go:76","func":"github.com/costa92/go-protoc/v2/pkg/app.PrintConfig","msg":"CFG: jaeger.reporter-log-spans=true","service":"apiserver111","version":"v2.0.0","environment":"development","branch":"feature/v2-log","logger_type":"zap"}
{"level":"debug","ts":"2025-08-22T23:33:38.152+0800","caller":"app/config.go:76","func":"github.com/costa92/go-protoc/v2/pkg/app.PrintConfig","msg":"CFG: log.victoria-logs.endpoint=http://127.0.0.1:9428","service":"apiserver111","version":"v2.0.0","environment":"development","branch":"feature/v2-log","logger_type":"zap"}
{"level":"debug","ts":"2025-08-22T23:33:38.152+0800","caller":"app/config.go:76","func":"github.com/costa92/go-protoc/v2/pkg/app.PrintConfig","msg":"CFG: version=false","service":"apiserver111","version":"v2.0.0","environment":"development","branch":"feature/v2-log","logger_type":"zap"}
{"level":"debug","ts":"2025-08-22T23:33:38.152+0800","caller":"app/config.go:76","func":"github.com/costa92/go-protoc/v2/pkg/app.PrintConfig","msg":"CFG: grpc.network=tcp","service":"apiserver111","version":"v2.0.0","environment":"development","branch":"feature/v2-log","logger_type":"zap"}
{"level":"debug","ts":"2025-08-22T23:33:38.152+0800","caller":"app/config.go:76","func":"github.com/costa92/go-protoc/v2/pkg/app.PrintConfig","msg":"CFG: v=0","service":"apiserver111","version":"v2.0.0","environment":"development","branch":"feature/v2-log","logger_type":"zap"}
{"level":"debug","ts":"2025-08-22T23:33:38.152+0800","caller":"app/config.go:76","func":"github.com/costa92/go-protoc/v2/pkg/app.PrintConfig","msg":"CFG: mysql.max-idle-connections=100","service":"apiserver111","version":"v2.0.0","environment":"development","branch":"feature/v2-log","logger_type":"zap"}
{"level":"debug","ts":"2025-08-22T23:33:38.152+0800","caller":"app/config.go:76","func":"github.com/costa92/go-protoc/v2/pkg/app.PrintConfig","msg":"CFG: log.caller-key=caller","service":"apiserver111","version":"v2.0.0","environment":"development","branch":"feature/v2-log","logger_type":"zap"}
{"level":"debug","ts":"2025-08-22T23:33:38.152+0800","caller":"app/config.go:76","func":"github.com/costa92/go-protoc/v2/pkg/app.PrintConfig","msg":"CFG: log.time-key=ts","service":"apiserver111","version":"v2.0.0","environment":"development","branch":"feature/v2-log","logger_type":"zap"}
{"level":"debug","ts":"2025-08-22T23:33:38.152+0800","caller":"app/config.go:76","func":"github.com/costa92/go-protoc/v2/pkg/app.PrintConfig","msg":"CFG: log.otlp.batch_size=100","service":"apiserver111","version":"v2.0.0","environment":"development","branch":"feature/v2-log","logger_type":"zap"}
{"level":"debug","ts":"2025-08-22T23:33:38.152+0800","caller":"app/config.go:76","func":"github.com/costa92/go-protoc/v2/pkg/app.PrintConfig","msg":"CFG: mysql.max-connection-life-time=10s","service":"apiserver111","version":"v2.0.0","environment":"development","branch":"feature/v2-log","logger_type":"zap"}
{"level":"debug","ts":"2025-08-22T23:33:38.152+0800","caller":"app/config.go:76","func":"github.com/costa92/go-protoc/v2/pkg/app.PrintConfig","msg":"CFG: log.otlp.endpoint=127.0.0.1:4327","service":"apiserver111","version":"v2.0.0","environment":"development","branch":"feature/v2-log","logger_type":"zap"}
{"level":"debug","ts":"2025-08-22T23:33:38.152+0800","caller":"app/config.go:76","func":"github.com/costa92/go-protoc/v2/pkg/app.PrintConfig","msg":"CFG: mysql.enable-trace=true","service":"apiserver111","version":"v2.0.0","environment":"development","branch":"feature/v2-log","logger_type":"zap"}
{"level":"debug","ts":"2025-08-22T23:33:38.152+0800","caller":"app/config.go:76","func":"github.com/costa92/go-protoc/v2/pkg/app.PrintConfig","msg":"CFG: log.max-size=100","service":"apiserver111","version":"v2.0.0","environment":"development","branch":"feature/v2-log","logger_type":"zap"}
{"level":"debug","ts":"2025-08-22T23:33:38.152+0800","caller":"app/config.go:76","func":"github.com/costa92/go-protoc/v2/pkg/app.PrintConfig","msg":"CFG: log.caller-skip=1","service":"apiserver111","version":"v2.0.0","environment":"development","branch":"feature/v2-log","logger_type":"zap"}
{"level":"debug","ts":"2025-08-22T23:33:38.152+0800","caller":"app/config.go:76","func":"github.com/costa92/go-protoc/v2/pkg/app.PrintConfig","msg":"CFG: sentry.attach-stacktrace=true","service":"apiserver111","version":"v2.0.0","environment":"development","branch":"feature/v2-log","logger_type":"zap"}
{"level":"debug","ts":"2025-08-22T23:33:38.152+0800","caller":"app/config.go:76","func":"github.com/costa92/go-protoc/v2/pkg/app.PrintConfig","msg":"CFG: grpc.timeout=10s","service":"apiserver111","version":"v2.0.0","environment":"development","branch":"feature/v2-log","logger_type":"zap"}
{"level":"debug","ts":"2025-08-22T23:33:38.152+0800","caller":"app/config.go:76","func":"github.com/costa92/go-protoc/v2/pkg/app.PrintConfig","msg":"CFG: mysql.log-mode=1","service":"apiserver111","version":"v2.0.0","environment":"development","branch":"feature/v2-log","logger_type":"zap"}
{"level":"debug","ts":"2025-08-22T23:33:38.152+0800","caller":"app/config.go:76","func":"github.com/costa92/go-protoc/v2/pkg/app.PrintConfig","msg":"CFG: log.disable-caller=false","service":"apiserver111","version":"v2.0.0","environment":"development","branch":"feature/v2-log","logger_type":"zap"}
{"level":"debug","ts":"2025-08-22T23:33:38.152+0800","caller":"app/config.go:76","func":"github.com/costa92/go-protoc/v2/pkg/app.PrintConfig","msg":"CFG: redis.username=","service":"apiserver111","version":"v2.0.0","environment":"development","branch":"feature/v2-log","logger_type":"zap"}
{"level":"debug","ts":"2025-08-22T23:33:38.152+0800","caller":"app/config.go:76","func":"github.com/costa92/go-protoc/v2/pkg/app.PrintConfig","msg":"CFG: redis.password=","service":"apiserver111","version":"v2.0.0","environment":"development","branch":"feature/v2-log","logger_type":"zap"}
{"level":"debug","ts":"2025-08-22T23:33:38.152+0800","caller":"app/config.go:76","func":"github.com/costa92/go-protoc/v2/pkg/app.PrintConfig","msg":"CFG: mysql.max-open-connections=100","service":"apiserver111","version":"v2.0.0","environment":"development","branch":"feature/v2-log","logger_type":"zap"}
{"level":"debug","ts":"2025-08-22T23:33:38.152+0800","caller":"app/config.go:76","func":"github.com/costa92/go-protoc/v2/pkg/app.PrintConfig","msg":"CFG: sentry.enabled=false","service":"apiserver111","version":"v2.0.0","environment":"development","branch":"feature/v2-log","logger_type":"zap"}
{"level":"debug","ts":"2025-08-22T23:33:38.152+0800","caller":"app/config.go:76","func":"github.com/costa92/go-protoc/v2/pkg/app.PrintConfig","msg":"CFG: log.caller-encoder=short","service":"apiserver111","version":"v2.0.0","environment":"development","branch":"feature/v2-log","logger_type":"zap"}
{"level":"debug","ts":"2025-08-22T23:33:38.152+0800","caller":"app/config.go:76","func":"github.com/costa92/go-protoc/v2/pkg/app.PrintConfig","msg":"CFG: log.compress=true","service":"apiserver111","version":"v2.0.0","environment":"development","branch":"feature/v2-log","logger_type":"zap"}
{"level":"debug","ts":"2025-08-22T23:33:38.152+0800","caller":"app/config.go:76","func":"github.com/costa92/go-protoc/v2/pkg/app.PrintConfig","msg":"CFG: log.disable-function-at-info=true","service":"apiserver111","version":"v2.0.0","environment":"development","branch":"feature/v2-log","logger_type":"zap"}
{"level":"debug","ts":"2025-08-22T23:33:38.152+0800","caller":"app/config.go:76","func":"github.com/costa92/go-protoc/v2/pkg/app.PrintConfig","msg":"CFG: log.encoding=json","service":"apiserver111","version":"v2.0.0","environment":"development","branch":"feature/v2-log","logger_type":"zap"}
{"level":"debug","ts":"2025-08-22T23:33:38.152+0800","caller":"app/config.go:76","func":"github.com/costa92/go-protoc/v2/pkg/app.PrintConfig","msg":"CFG: mysql.host=127.0.0.1","service":"apiserver111","version":"v2.0.0","environment":"development","branch":"feature/v2-log","logger_type":"zap"}
{"level":"debug","ts":"2025-08-22T23:33:38.152+0800","caller":"app/config.go:76","func":"github.com/costa92/go-protoc/v2/pkg/app.PrintConfig","msg":"CFG: help=false","service":"apiserver111","version":"v2.0.0","environment":"development","branch":"feature/v2-log","logger_type":"zap"}
{"level":"debug","ts":"2025-08-22T23:33:38.152+0800","caller":"app/config.go:76","func":"github.com/costa92/go-protoc/v2/pkg/app.PrintConfig","msg":"CFG: log.victoria-logs.buffer-size=1000","service":"apiserver111","version":"v2.0.0","environment":"development","branch":"feature/v2-log","logger_type":"zap"}
{"level":"debug","ts":"2025-08-22T23:33:38.152+0800","caller":"app/config.go:76","func":"github.com/costa92/go-protoc/v2/pkg/app.PrintConfig","msg":"CFG: log.victoria-logs.flush-interval=5","service":"apiserver111","version":"v2.0.0","environment":"development","branch":"feature/v2-log","logger_type":"zap"}
{"level":"debug","ts":"2025-08-22T23:33:38.152+0800","caller":"app/config.go:76","func":"github.com/costa92/go-protoc/v2/pkg/app.PrintConfig","msg":"CFG: jaeger.enabled=true","service":"apiserver111","version":"v2.0.0","environment":"development","branch":"feature/v2-log","logger_type":"zap"}
{"level":"debug","ts":"2025-08-22T23:33:38.152+0800","caller":"app/config.go:76","func":"github.com/costa92/go-protoc/v2/pkg/app.PrintConfig","msg":"CFG: redis.addr=127.0.0.1:6379","service":"apiserver111","version":"v2.0.0","environment":"development","branch":"feature/v2-log","logger_type":"zap"}
{"level":"debug","ts":"2025-08-22T23:33:38.152+0800","caller":"app/config.go:76","func":"github.com/costa92/go-protoc/v2/pkg/app.PrintConfig","msg":"CFG: log.victoria-logs.service=apiserver","service":"apiserver111","version":"v2.0.0","environment":"development","branch":"feature/v2-log","logger_type":"zap"}
{"level":"debug","ts":"2025-08-22T23:33:38.152+0800","caller":"app/config.go:76","func":"github.com/costa92/go-protoc/v2/pkg/app.PrintConfig","msg":"CFG: log.encoder-config.time-key=ts","service":"apiserver111","version":"v2.0.0","environment":"development","branch":"feature/v2-log","logger_type":"zap"}
{"level":"debug","ts":"2025-08-22T23:33:38.152+0800","caller":"app/config.go:76","func":"github.com/costa92/go-protoc/v2/pkg/app.PrintConfig","msg":"CFG: http.network=tcp","service":"apiserver111","version":"v2.0.0","environment":"development","branch":"feature/v2-log","logger_type":"zap"}
{"level":"debug","ts":"2025-08-22T23:33:38.152+0800","caller":"app/config.go:76","func":"github.com/costa92/go-protoc/v2/pkg/app.PrintConfig","msg":"CFG: mysql.database=protoc","service":"apiserver111","version":"v2.0.0","environment":"development","branch":"feature/v2-log","logger_type":"zap"}
{"level":"debug","ts":"2025-08-22T23:33:38.152+0800","caller":"app/config.go:76","func":"github.com/costa92/go-protoc/v2/pkg/app.PrintConfig","msg":"CFG: sentry.environment=development","service":"apiserver111","version":"v2.0.0","environment":"development","branch":"feature/v2-log","logger_type":"zap"}
{"level":"debug","ts":"2025-08-22T23:33:38.152+0800","caller":"app/config.go:76","func":"github.com/costa92/go-protoc/v2/pkg/app.PrintConfig","msg":"CFG: sentry.flush-timeout=5s","service":"apiserver111","version":"v2.0.0","environment":"development","branch":"feature/v2-log","logger_type":"zap"}
{"level":"debug","ts":"2025-08-22T23:33:38.152+0800","caller":"app/config.go:76","func":"github.com/costa92/go-protoc/v2/pkg/app.PrintConfig","msg":"CFG: http.timeout=10s","service":"apiserver111","version":"v2.0.0","environment":"development","branch":"feature/v2-log","logger_type":"zap"}
{"level":"debug","ts":"2025-08-22T23:33:38.152+0800","caller":"app/config.go:76","func":"github.com/costa92/go-protoc/v2/pkg/app.PrintConfig","msg":"CFG: grpc.addr=0.0.0.0:9090","service":"apiserver111","version":"v2.0.0","environment":"development","branch":"feature/v2-log","logger_type":"zap"}
{"level":"debug","ts":"2025-08-22T23:33:38.152+0800","caller":"app/config.go:76","func":"github.com/costa92/go-protoc/v2/pkg/app.PrintConfig","msg":"CFG: jaeger.env=development","service":"apiserver111","version":"v2.0.0","environment":"development","branch":"feature/v2-log","logger_type":"zap"}
{"level":"debug","ts":"2025-08-22T23:33:38.152+0800","caller":"app/config.go:76","func":"github.com/costa92/go-protoc/v2/pkg/app.PrintConfig","msg":"CFG: jwt.key=onex(#)666","service":"apiserver111","version":"v2.0.0","environment":"development","branch":"feature/v2-log","logger_type":"zap"}
{"level":"debug","ts":"2025-08-22T23:33:38.152+0800","caller":"app/config.go:76","func":"github.com/costa92/go-protoc/v2/pkg/app.PrintConfig","msg":"CFG: log.encoder-config.stacktrace-key=stacktrace","service":"apiserver111","version":"v2.0.0","environment":"development","branch":"feature/v2-log","logger_type":"zap"}
{"level":"debug","ts":"2025-08-22T23:33:38.152+0800","caller":"app/config.go:76","func":"github.com/costa92/go-protoc/v2/pkg/app.PrintConfig","msg":"CFG: log.otlp.timeout=10s","service":"apiserver111","version":"v2.0.0","environment":"development","branch":"feature/v2-log","logger_type":"zap"}
{"level":"debug","ts":"2025-08-22T23:33:38.152+0800","caller":"app/config.go:76","func":"github.com/costa92/go-protoc/v2/pkg/app.PrintConfig","msg":"CFG: jaeger.service-name=apiserver","service":"apiserver111","version":"v2.0.0","environment":"development","branch":"feature/v2-log","logger_type":"zap"}
{"level":"debug","ts":"2025-08-22T23:33:38.152+0800","caller":"app/config.go:76","func":"github.com/costa92/go-protoc/v2/pkg/app.PrintConfig","msg":"CFG: pool-monitor.namespace=apiserver","service":"apiserver111","version":"v2.0.0","environment":"development","branch":"feature/v2-log","logger_type":"zap"}
{"level":"debug","ts":"2025-08-22T23:33:38.153+0800","caller":"app/config.go:76","func":"github.com/costa92/go-protoc/v2/pkg/app.PrintConfig","msg":"CFG: sentry.dsn=","service":"apiserver111","version":"v2.0.0","environment":"development","branch":"feature/v2-log","logger_type":"zap"}
{"level":"debug","ts":"2025-08-22T23:33:38.153+0800","caller":"app/config.go:76","func":"github.com/costa92/go-protoc/v2/pkg/app.PrintConfig","msg":"CFG: log.victoria-logs.enabled=false","service":"apiserver111","version":"v2.0.0","environment":"development","branch":"feature/v2-log","logger_type":"zap"}
{"level":"info","ts":"2025-08-22T23:33:38.153+0800","caller":"app/server.go:67","msg":"Connection pool metrics collection is enabled through dependency injection"}
{"level":"info","ts":"2025-08-22T23:33:38.153+0800","caller":"app/server.go:68","msg":"Metrics will be automatically collected by the PoolMonitor when database connections are established"}
{"level":"info","ts":"2025-08-22T23:33:38.153+0800","caller":"app/server.go:71","msg":"Database pool monitoring enabled","slow_query_threshold":1000,"collect_interval":30000}
{"level":"info","ts":"2025-08-22T23:33:38.153+0800","caller":"app/server.go:77","msg":"Redis pool monitoring enabled","collect_interval":30000}
{"level":"info","ts":"2025-08-22T23:33:38.153+0800","caller":"apiserver/server.go:66","msg":"Initializing API server","service":"apiserver","version":"cd03a2b-dirty","branch":"feature/v2-log","commit":"cd03a2ba","build_date":"2025-08-22T15:33:30Z","go_version":"go1.25.0"}
{"level":"info","ts":"2025-08-22T23:33:38.153+0800","caller":"apiserver/server.go:78","msg":"Logger configuration","level":"debug","format":"json"}
{"level":"debug","ts":"2025-08-22T23:33:38.153+0800","caller":"apiserver/server.go:79","func":"github.com/costa92/go-protoc/v2/internal/apiserver.(*Config).NewServer","msg":"Debug logging enabled","service":"apiserver111","version":"v2.0.0","environment":"development","branch":"feature/v2-log","logger_type":"zap","caller_skip":2,"enable_color":false}
{"level":"info","ts":"2025-08-22T23:33:38.153+0800","caller":"apiserver/server.go:83","msg":"Validating service connections before startup..."}
{"level":"info","ts":"2025-08-22T23:33:38.153+0800","caller":"apiserver/server.go:87","msg":"Testing MySQL connection..."}
{"level":"info","ts":"2025-08-22T23:33:38.158+0800","caller":"apiserver/server.go:92","msg":"MySQL connection test passed"}
{"level":"info","ts":"2025-08-22T23:33:38.158+0800","caller":"apiserver/server.go:97","msg":"Testing Redis connection..."}
{"level":"info","ts":"2025-08-22T23:33:38.162+0800","caller":"apiserver/server.go:102","msg":"Redis connection test passed"}
{"level":"info","ts":"2025-08-22T23:33:38.162+0800","caller":"apiserver/server.go:107","msg":"Testing Jaeger connection..."}
{"level":"info","ts":"2025-08-22T23:33:38.162+0800","caller":"apiserver/server.go:112","msg":"Jaeger connection test passed"}
{"level":"info","ts":"2025-08-22T23:33:38.162+0800","caller":"apiserver/server.go:115","msg":"All service connections validated successfully"}
{"level":"info","ts":"2025-08-22T23:33:38.265+0800","caller":"server/kratos_server.go:47","msg":"Start to listening the incoming requests","protocol":"kratos"}
{"level":"info","ts":"2025-08-22T23:33:38.266+0800","caller":"logger/kratos_adapter.go:40","msg":"[HTTP] server listening on: [::]:8080","ts":"2025-08-22T23:33:38+08:00","caller":"http/server.go:330","msg":"[HTTP] server listening on: [::]:8080"}
{"level":"info","ts":"2025-08-22T23:33:38.266+0800","caller":"logger/kratos_adapter.go:40","msg":"[gRPC] server listening on: [::]:9090","ts":"2025-08-22T23:33:38+08:00","caller":"grpc/server.go:220","msg":"[gRPC] server listening on: [::]:9090"}
{"level":"error","ts":"2025-08-22T23:34:01.554+0800","caller":"handler/user.go:14","func":"github.com/costa92/go-protoc/v2/internal/apiserver/handler.(*Handler).GetUser","msg":"GetUser failed","service":"apiserver111","version":"v2.0.0","environment":"development","branch":"feature/v2-log","logger_type":"zap","error":"business logic error","user_id":"1","stacktrace":"github.com/costa92/go-protoc/v2/internal/apiserver/handler.(*Handler).GetUser\n\t/Users/costalong/code/go/src/github.com/costa92/go-protoc/internal/apiserver/handler/user.go:14\ngithub.com/costa92/go-protoc/v2/pkg/api/apiserver/v1.RegisterApiServerHTTPServer._ApiServer_GetUser0_HTTP_Handler.func1.1\n\t/Users/costalong/code/go/src/github.com/costa92/go-protoc/pkg/api/apiserver/v1/apiserver_http.pb.go:47\ngithub.com/costa92/go-protoc/v2/internal/apiserver.NewMiddlewares.Server.func5.1\n\t/Users/costalong/code/go/src/github.com/costa92/go-protoc/internal/pkg/middleware/logging/logging.go:107\ngithub.com/costa92/go-protoc/v2/internal/pkg/middleware/i18n.Translator.func1.1\n\t/Users/costalong/code/go/src/github.com/costa92/go-protoc/internal/pkg/middleware/i18n/i18n.go:28\ngithub.com/costa92/go-protoc/v2/internal/pkg/middleware/tracing.Server.func1.1\n\t/Users/costalong/code/go/src/github.com/costa92/go-protoc/internal/pkg/middleware/tracing/tracing.go:62\ngithub.com/costa92/go-protoc/v2/internal/apiserver.NewMiddlewares.ServerJWTAuth.func2.1\n\t/Users/costalong/code/go/src/github.com/costa92/go-protoc/pkg/middleware/authn/jwt_auth.go:102\ngithub.com/costa92/go-protoc/v2/internal/apiserver.NewMiddlewares.Validator.func1.1\n\t/Users/costalong/code/go/src/github.com/costa92/go-protoc/internal/pkg/middleware/validate/validate_kratos.go:38\ngithub.com/costa92/go-protoc/v2/pkg/api/apiserver/v1.RegisterApiServerHTTPServer._ApiServer_GetUser0_HTTP_Handler.func1\n\t/Users/costalong/code/go/src/github.com/costa92/go-protoc/pkg/api/apiserver/v1/apiserver_http.pb.go:49\ngithub.com/go-kratos/kratos/v2/transport/http.(*Router).Handle.func1\n\t/Users/costalong/.gvm/pkgsets/go1.25/global/pkg/mod/github.com/go-kratos/kratos/v2@v2.8.3/transport/http/router.go:49\nnet/http.HandlerFunc.ServeHTTP\n\t/Users/costalong/.gvm/gos/go1.25/src/net/http/server.go:2322\ngithub.com/go-kratos/kratos/v2/transport/http.NewServer.(*Server).filter.func1.1\n\t/Users/costalong/.gvm/pkgsets/go1.25/global/pkg/mod/github.com/go-kratos/kratos/v2@v2.8.3/transport/http/server.go:305\nnet/http.HandlerFunc.ServeHTTP\n\t/Users/costalong/.gvm/gos/go1.25/src/net/http/server.go:2322\ngithub.com/gorilla/mux.(*Router).ServeHTTP\n\t/Users/costalong/.gvm/pkgsets/go1.25/global/pkg/mod/github.com/gorilla/mux@v1.8.1/mux.go:212\ngithub.com/gorilla/handlers.(*cors).ServeHTTP\n\t/Users/costalong/.gvm/pkgsets/go1.25/global/pkg/mod/github.com/gorilla/handlers@v1.5.2/cors.go:54\nnet/http.serverHandler.ServeHTTP\n\t/Users/costalong/.gvm/gos/go1.25/src/net/http/server.go:3340\nnet/http.(*conn).serve\n\t/Users/costalong/.gvm/gos/go1.25/src/net/http/server.go:2109"}
{"level":"info","ts":"2025-08-22T23:34:01.567+0800","caller":"logger/kratos_adapter.go:40","msg":"apiserver.v1.ApiServer.GetUser","ts":"2025-08-22T23:34:01+08:00","caller":"runtime/asm_arm64.s:1268","kind":"server","component":"http","operation":"/apiserver.v1.ApiServer/GetUser","args":"id:\"1\"","code":0,"reason":"","stack":"","latency":0.012475959}
{"level":"error","ts":"2025-08-23T13:42:27.058+0800","caller":"handler/user.go:14","func":"github.com/costa92/go-protoc/v2/internal/apiserver/handler.(*Handler).GetUser","msg":"GetUser failed","service":"apiserver111","version":"v2.0.0","environment":"development","branch":"feature/v2-log","logger_type":"zap","error":"business logic error","user_id":"1","stacktrace":"github.com/costa92/go-protoc/v2/internal/apiserver/handler.(*Handler).GetUser\n\t/Users/costalong/code/go/src/github.com/costa92/go-protoc/internal/apiserver/handler/user.go:14\ngithub.com/costa92/go-protoc/v2/pkg/api/apiserver/v1.RegisterApiServerHTTPServer._ApiServer_GetUser0_HTTP_Handler.func1.1\n\t/Users/costalong/code/go/src/github.com/costa92/go-protoc/pkg/api/apiserver/v1/apiserver_http.pb.go:47\ngithub.com/costa92/go-protoc/v2/internal/apiserver.NewMiddlewares.Server.func5.1\n\t/Users/costalong/code/go/src/github.com/costa92/go-protoc/internal/pkg/middleware/logging/logging.go:107\ngithub.com/costa92/go-protoc/v2/internal/pkg/middleware/i18n.Translator.func1.1\n\t/Users/costalong/code/go/src/github.com/costa92/go-protoc/internal/pkg/middleware/i18n/i18n.go:28\ngithub.com/costa92/go-protoc/v2/internal/pkg/middleware/tracing.Server.func1.1\n\t/Users/costalong/code/go/src/github.com/costa92/go-protoc/internal/pkg/middleware/tracing/tracing.go:62\ngithub.com/costa92/go-protoc/v2/internal/apiserver.NewMiddlewares.ServerJWTAuth.func2.1\n\t/Users/costalong/code/go/src/github.com/costa92/go-protoc/pkg/middleware/authn/jwt_auth.go:102\ngithub.com/costa92/go-protoc/v2/internal/apiserver.NewMiddlewares.Validator.func1.1\n\t/Users/costalong/code/go/src/github.com/costa92/go-protoc/internal/pkg/middleware/validate/validate_kratos.go:38\ngithub.com/costa92/go-protoc/v2/pkg/api/apiserver/v1.RegisterApiServerHTTPServer._ApiServer_GetUser0_HTTP_Handler.func1\n\t/Users/costalong/code/go/src/github.com/costa92/go-protoc/pkg/api/apiserver/v1/apiserver_http.pb.go:49\ngithub.com/go-kratos/kratos/v2/transport/http.(*Router).Handle.func1\n\t/Users/costalong/.gvm/pkgsets/go1.25/global/pkg/mod/github.com/go-kratos/kratos/v2@v2.8.3/transport/http/router.go:49\nnet/http.HandlerFunc.ServeHTTP\n\t/Users/costalong/.gvm/gos/go1.25/src/net/http/server.go:2322\ngithub.com/go-kratos/kratos/v2/transport/http.NewServer.(*Server).filter.func1.1\n\t/Users/costalong/.gvm/pkgsets/go1.25/global/pkg/mod/github.com/go-kratos/kratos/v2@v2.8.3/transport/http/server.go:305\nnet/http.HandlerFunc.ServeHTTP\n\t/Users/costalong/.gvm/gos/go1.25/src/net/http/server.go:2322\ngithub.com/gorilla/mux.(*Router).ServeHTTP\n\t/Users/costalong/.gvm/pkgsets/go1.25/global/pkg/mod/github.com/gorilla/mux@v1.8.1/mux.go:212\ngithub.com/gorilla/handlers.(*cors).ServeHTTP\n\t/Users/costalong/.gvm/pkgsets/go1.25/global/pkg/mod/github.com/gorilla/handlers@v1.5.2/cors.go:54\nnet/http.serverHandler.ServeHTTP\n\t/Users/costalong/.gvm/gos/go1.25/src/net/http/server.go:3340\nnet/http.(*conn).serve\n\t/Users/costalong/.gvm/gos/go1.25/src/net/http/server.go:2109"}
{"level":"info","ts":"2025-08-23T13:42:27.080+0800","caller":"logger/kratos_adapter.go:40","msg":"apiserver.v1.ApiServer.GetUser","ts":"2025-08-23T13:42:27+08:00","caller":"runtime/asm_arm64.s:1268","kind":"server","component":"http","operation":"/apiserver.v1.ApiServer/GetUser","args":"id:\"1\"","code":0,"reason":"","stack":"","latency":0.020709125}
{"level":"info","ts":"2025-08-23T14:11:23.844+0800","caller":"logger/kratos_adapter.go:40","msg":"[HTTP] server stopping","ts":"2025-08-23T14:11:23+08:00","caller":"http/server.go:345","msg":"[HTTP] server stopping"}
{"level":"info","ts":"2025-08-23T14:11:23.844+0800","caller":"server/server.go:29","msg":"Shutting down server...","service":"apiserver","version":"cd03a2b-dirty"}
{"level":"info","ts":"2025-08-23T14:11:23.845+0800","caller":"server/kratos_server.go:54","msg":"Gracefully stop kratos application"}
{"level":"info","ts":"2025-08-23T14:11:23.845+0800","caller":"server/server.go:40","msg":"Server exited successfully.","service":"apiserver","version":"cd03a2b-dirty"}
{"level":"info","ts":"2025-08-23T14:11:35.210+0800","caller":"app/app.go:308","msg":"Starting application","name":"apiserver","version":"{\"gitVersion\":\"cd03a2b-dirty\",\"gitCommit\":\"cd03a2bae2065c9d493c5f60441c24aacb13b175\",\"gitTreeState\":\"\",\"gitBranch\":\"feature/v2-log\",\"buildDate\":\"2025-08-23T06:11:26Z\",\"serviceName\":\"apiserver\",\"goVersion\":\"go1.25.0\",\"compiler\":\"gc\",\"platform\":\"darwin/arm64\"}"}
{"level":"info","ts":"2025-08-23T14:11:35.210+0800","caller":"app/app.go:309","msg":"Golang settings","GOGC":"","GOMAXPROCS":"","GOTRACEBACK":""}
{"level":"debug","ts":"2025-08-23T14:11:35.210+0800","caller":"app/config.go:76","func":"github.com/costa92/go-protoc/v2/pkg/app.PrintConfig","msg":"CFG: help=false","logger_type":"zap","service":"apiserver111","version":"v2.0.0","environment":"development","branch":"feature/v2-log"}
{"level":"debug","ts":"2025-08-23T14:11:35.210+0800","caller":"app/config.go:76","func":"github.com/costa92/go-protoc/v2/pkg/app.PrintConfig","msg":"CFG: log.output-paths=[stdout logs/apiserver/app.log]","logger_type":"zap","service":"apiserver111","version":"v2.0.0","environment":"development","branch":"feature/v2-log"}
{"level":"debug","ts":"2025-08-23T14:11:35.210+0800","caller":"app/config.go:76","func":"github.com/costa92/go-protoc/v2/pkg/app.PrintConfig","msg":"CFG: log.otlp.enabled=true","logger_type":"zap","service":"apiserver111","version":"v2.0.0","environment":"development","branch":"feature/v2-log"}
{"level":"debug","ts":"2025-08-23T14:11:35.210+0800","caller":"app/config.go:76","func":"github.com/costa92/go-protoc/v2/pkg/app.PrintConfig","msg":"CFG: log.max-size=100","logger_type":"zap","service":"apiserver111","version":"v2.0.0","environment":"development","branch":"feature/v2-log"}
{"level":"debug","ts":"2025-08-23T14:11:35.210+0800","caller":"app/config.go:76","func":"github.com/costa92/go-protoc/v2/pkg/app.PrintConfig","msg":"CFG: log.victoria-logs.endpoint=http://127.0.0.1:9428","logger_type":"zap","service":"apiserver111","version":"v2.0.0","environment":"development","branch":"feature/v2-log"}
{"level":"debug","ts":"2025-08-23T14:11:35.211+0800","caller":"app/config.go:76","func":"github.com/costa92/go-protoc/v2/pkg/app.PrintConfig","msg":"CFG: mysql.log-mode=1","logger_type":"zap","service":"apiserver111","version":"v2.0.0","environment":"development","branch":"feature/v2-log"}
{"level":"debug","ts":"2025-08-23T14:11:35.211+0800","caller":"app/config.go:76","func":"github.com/costa92/go-protoc/v2/pkg/app.PrintConfig","msg":"CFG: sentry.max-breadcrumbs=100","logger_type":"zap","service":"apiserver111","version":"v2.0.0","environment":"development","branch":"feature/v2-log"}
{"level":"debug","ts":"2025-08-23T14:11:35.211+0800","caller":"app/config.go:76","func":"github.com/costa92/go-protoc/v2/pkg/app.PrintConfig","msg":"CFG: sentry.dsn=","logger_type":"zap","service":"apiserver111","version":"v2.0.0","environment":"development","branch":"feature/v2-log"}
{"level":"debug","ts":"2025-08-23T14:11:35.211+0800","caller":"app/config.go:76","func":"github.com/costa92/go-protoc/v2/pkg/app.PrintConfig","msg":"CFG: log.caller-skip=1","logger_type":"zap","service":"apiserver111","version":"v2.0.0","environment":"development","branch":"feature/v2-log"}
{"level":"debug","ts":"2025-08-23T14:11:35.211+0800","caller":"app/config.go:76","func":"github.com/costa92/go-protoc/v2/pkg/app.PrintConfig","msg":"CFG: version=false","logger_type":"zap","service":"apiserver111","version":"v2.0.0","environment":"development","branch":"feature/v2-log"}
{"level":"debug","ts":"2025-08-23T14:11:35.211+0800","caller":"app/config.go:76","func":"github.com/costa92/go-protoc/v2/pkg/app.PrintConfig","msg":"CFG: http.timeout=10s","logger_type":"zap","service":"apiserver111","version":"v2.0.0","environment":"development","branch":"feature/v2-log"}
{"level":"debug","ts":"2025-08-23T14:11:35.211+0800","caller":"app/config.go:76","func":"github.com/costa92/go-protoc/v2/pkg/app.PrintConfig","msg":"CFG: redis.addr=127.0.0.1:6379","logger_type":"zap","service":"apiserver111","version":"v2.0.0","environment":"development","branch":"feature/v2-log"}
{"level":"debug","ts":"2025-08-23T14:11:35.211+0800","caller":"app/config.go:76","func":"github.com/costa92/go-protoc/v2/pkg/app.PrintConfig","msg":"CFG: jaeger.reporter-log-spans=true","logger_type":"zap","service":"apiserver111","version":"v2.0.0","environment":"development","branch":"feature/v2-log"}
{"level":"debug","ts":"2025-08-23T14:11:35.211+0800","caller":"app/config.go:76","func":"github.com/costa92/go-protoc/v2/pkg/app.PrintConfig","msg":"CFG: log.format=json","logger_type":"zap","service":"apiserver111","version":"v2.0.0","environment":"development","branch":"feature/v2-log"}
{"level":"debug","ts":"2025-08-23T14:11:35.211+0800","caller":"app/config.go:76","func":"github.com/costa92/go-protoc/v2/pkg/app.PrintConfig","msg":"CFG: log.max-age=7","logger_type":"zap","service":"apiserver111","version":"v2.0.0","environment":"development","branch":"feature/v2-log"}
{"level":"debug","ts":"2025-08-23T14:11:35.211+0800","caller":"app/config.go:76","func":"github.com/costa92/go-protoc/v2/pkg/app.PrintConfig","msg":"CFG: mysql.max-idle-connections=100","logger_type":"zap","service":"apiserver111","version":"v2.0.0","environment":"development","branch":"feature/v2-log"}
{"level":"debug","ts":"2025-08-23T14:11:35.211+0800","caller":"app/config.go:76","func":"github.com/costa92/go-protoc/v2/pkg/app.PrintConfig","msg":"CFG: log.disable-caller=false","logger_type":"zap","service":"apiserver111","version":"v2.0.0","environment":"development","branch":"feature/v2-log"}
{"level":"debug","ts":"2025-08-23T14:11:35.211+0800","caller":"app/config.go:76","func":"github.com/costa92/go-protoc/v2/pkg/app.PrintConfig","msg":"CFG: sentry.server-name=","logger_type":"zap","service":"apiserver111","version":"v2.0.0","environment":"development","branch":"feature/v2-log"}
{"level":"debug","ts":"2025-08-23T14:11:35.211+0800","caller":"app/config.go:76","func":"github.com/costa92/go-protoc/v2/pkg/app.PrintConfig","msg":"CFG: jwt.signing-method=HS512","logger_type":"zap","service":"apiserver111","version":"v2.0.0","environment":"development","branch":"feature/v2-log"}
{"level":"debug","ts":"2025-08-23T14:11:35.211+0800","caller":"app/config.go:76","func":"github.com/costa92/go-protoc/v2/pkg/app.PrintConfig","msg":"CFG: pool-monitor.redis.enabled=true","logger_type":"zap","service":"apiserver111","version":"v2.0.0","environment":"development","branch":"feature/v2-log"}
{"level":"debug","ts":"2025-08-23T14:11:35.211+0800","caller":"app/config.go:76","func":"github.com/costa92/go-protoc/v2/pkg/app.PrintConfig","msg":"CFG: log.type=zap","logger_type":"zap","service":"apiserver111","version":"v2.0.0","environment":"development","branch":"feature/v2-log"}
{"level":"debug","ts":"2025-08-23T14:11:35.211+0800","caller":"app/config.go:76","func":"github.com/costa92/go-protoc/v2/pkg/app.PrintConfig","msg":"CFG: redis.password=","logger_type":"zap","service":"apiserver111","version":"v2.0.0","environment":"development","branch":"feature/v2-log"}
{"level":"debug","ts":"2025-08-23T14:11:35.211+0800","caller":"app/config.go:76","func":"github.com/costa92/go-protoc/v2/pkg/app.PrintConfig","msg":"CFG: jaeger.env=development","logger_type":"zap","service":"apiserver111","version":"v2.0.0","environment":"development","branch":"feature/v2-log"}
{"level":"debug","ts":"2025-08-23T14:11:35.211+0800","caller":"app/config.go:76","func":"github.com/costa92/go-protoc/v2/pkg/app.PrintConfig","msg":"CFG: log.encoder-config.caller-key=caller","logger_type":"zap","service":"apiserver111","version":"v2.0.0","environment":"development","branch":"feature/v2-log"}
{"level":"debug","ts":"2025-08-23T14:11:35.211+0800","caller":"app/config.go:76","func":"github.com/costa92/go-protoc/v2/pkg/app.PrintConfig","msg":"CFG: jaeger.service-name=apiserver","logger_type":"zap","service":"apiserver111","version":"v2.0.0","environment":"development","branch":"feature/v2-log"}
{"level":"debug","ts":"2025-08-23T14:11:35.211+0800","caller":"app/config.go:76","func":"github.com/costa92/go-protoc/v2/pkg/app.PrintConfig","msg":"CFG: log.otlp.batch_size=100","logger_type":"zap","service":"apiserver111","version":"v2.0.0","environment":"development","branch":"feature/v2-log"}
{"level":"debug","ts":"2025-08-23T14:11:35.211+0800","caller":"app/config.go:76","func":"github.com/costa92/go-protoc/v2/pkg/app.PrintConfig","msg":"CFG: redis.read-timeout=3s","logger_type":"zap","service":"apiserver111","version":"v2.0.0","environment":"development","branch":"feature/v2-log"}
{"level":"debug","ts":"2025-08-23T14:11:35.211+0800","caller":"app/config.go:76","func":"github.com/costa92/go-protoc/v2/pkg/app.PrintConfig","msg":"CFG: log.time-encoder=iso8601","logger_type":"zap","service":"apiserver111","version":"v2.0.0","environment":"development","branch":"feature/v2-log"}
{"level":"debug","ts":"2025-08-23T14:11:35.211+0800","caller":"app/config.go:76","func":"github.com/costa92/go-protoc/v2/pkg/app.PrintConfig","msg":"CFG: http.network=tcp","logger_type":"zap","service":"apiserver111","version":"v2.0.0","environment":"development","branch":"feature/v2-log"}
{"level":"debug","ts":"2025-08-23T14:11:35.211+0800","caller":"app/config.go:76","func":"github.com/costa92/go-protoc/v2/pkg/app.PrintConfig","msg":"CFG: sentry.enable-profiling=false","logger_type":"zap","service":"apiserver111","version":"v2.0.0","environment":"development","branch":"feature/v2-log"}
{"level":"debug","ts":"2025-08-23T14:11:35.211+0800","caller":"app/config.go:76","func":"github.com/costa92/go-protoc/v2/pkg/app.PrintConfig","msg":"CFG: log.encoder-config.stacktrace-key=stacktrace","logger_type":"zap","service":"apiserver111","version":"v2.0.0","environment":"development","branch":"feature/v2-log"}
{"level":"debug","ts":"2025-08-23T14:11:35.211+0800","caller":"app/config.go:76","func":"github.com/costa92/go-protoc/v2/pkg/app.PrintConfig","msg":"CFG: jaeger.enabled=true","logger_type":"zap","service":"apiserver111","version":"v2.0.0","environment":"development","branch":"feature/v2-log"}
{"level":"debug","ts":"2025-08-23T14:11:35.211+0800","caller":"app/config.go:76","func":"github.com/costa92/go-protoc/v2/pkg/app.PrintConfig","msg":"CFG: log.encoder-config.message-key=msg","logger_type":"zap","service":"apiserver111","version":"v2.0.0","environment":"development","branch":"feature/v2-log"}
{"level":"debug","ts":"2025-08-23T14:11:35.211+0800","caller":"app/config.go:76","func":"github.com/costa92/go-protoc/v2/pkg/app.PrintConfig","msg":"CFG: log.encoder-config.caller-encoder=short","logger_type":"zap","service":"apiserver111","version":"v2.0.0","environment":"development","branch":"feature/v2-log"}
{"level":"debug","ts":"2025-08-23T14:11:35.211+0800","caller":"app/config.go:76","func":"github.com/costa92/go-protoc/v2/pkg/app.PrintConfig","msg":"CFG: sentry.environment=development","logger_type":"zap","service":"apiserver111","version":"v2.0.0","environment":"development","branch":"feature/v2-log"}
{"level":"debug","ts":"2025-08-23T14:11:35.211+0800","caller":"app/config.go:76","func":"github.com/costa92/go-protoc/v2/pkg/app.PrintConfig","msg":"CFG: pool-monitor.enabled=true","logger_type":"zap","service":"apiserver111","version":"v2.0.0","environment":"development","branch":"feature/v2-log"}
{"level":"debug","ts":"2025-08-23T14:11:35.211+0800","caller":"app/config.go:76","func":"github.com/costa92/go-protoc/v2/pkg/app.PrintConfig","msg":"CFG: sentry.send-default-pii=false","logger_type":"zap","service":"apiserver111","version":"v2.0.0","environment":"development","branch":"feature/v2-log"}
{"level":"debug","ts":"2025-08-23T14:11:35.211+0800","caller":"app/config.go:76","func":"github.com/costa92/go-protoc/v2/pkg/app.PrintConfig","msg":"CFG: log.encoder-config.function-key=func","logger_type":"zap","service":"apiserver111","version":"v2.0.0","environment":"development","branch":"feature/v2-log"}
{"level":"debug","ts":"2025-08-23T14:11:35.211+0800","caller":"app/config.go:76","func":"github.com/costa92/go-protoc/v2/pkg/app.PrintConfig","msg":"CFG: log.dynamic=false","logger_type":"zap","service":"apiserver111","version":"v2.0.0","environment":"development","branch":"feature/v2-log"}
{"level":"debug","ts":"2025-08-23T14:11:35.211+0800","caller":"app/config.go:76","func":"github.com/costa92/go-protoc/v2/pkg/app.PrintConfig","msg":"CFG: jwt.max-refresh=2h","logger_type":"zap","service":"apiserver111","version":"v2.0.0","environment":"development","branch":"feature/v2-log"}
{"level":"debug","ts":"2025-08-23T14:11:35.211+0800","caller":"app/config.go:76","func":"github.com/costa92/go-protoc/v2/pkg/app.PrintConfig","msg":"CFG: grpc.network=tcp","logger_type":"zap","service":"apiserver111","version":"v2.0.0","environment":"development","branch":"feature/v2-log"}
{"level":"debug","ts":"2025-08-23T14:11:35.211+0800","caller":"app/config.go:76","func":"github.com/costa92/go-protoc/v2/pkg/app.PrintConfig","msg":"CFG: log.development=false","logger_type":"zap","service":"apiserver111","version":"v2.0.0","environment":"development","branch":"feature/v2-log"}
{"level":"debug","ts":"2025-08-23T14:11:35.211+0800","caller":"app/config.go:76","func":"github.com/costa92/go-protoc/v2/pkg/app.PrintConfig","msg":"CFG: log.victoria-logs.timeout=10","logger_type":"zap","service":"apiserver111","version":"v2.0.0","environment":"development","branch":"feature/v2-log"}
{"level":"debug","ts":"2025-08-23T14:11:35.211+0800","caller":"app/config.go:76","func":"github.com/costa92/go-protoc/v2/pkg/app.PrintConfig","msg":"CFG: jaeger.sampler-param=1","logger_type":"zap","service":"apiserver111","version":"v2.0.0","environment":"development","branch":"feature/v2-log"}
{"level":"debug","ts":"2025-08-23T14:11:35.211+0800","caller":"app/config.go:76","func":"github.com/costa92/go-protoc/v2/pkg/app.PrintConfig","msg":"CFG: sentry.release=","logger_type":"zap","service":"apiserver111","version":"v2.0.0","environment":"development","branch":"feature/v2-log"}
{"level":"debug","ts":"2025-08-23T14:11:35.211+0800","caller":"app/config.go:76","func":"github.com/costa92/go-protoc/v2/pkg/app.PrintConfig","msg":"CFG: log.function-key=func","logger_type":"zap","service":"apiserver111","version":"v2.0.0","environment":"development","branch":"feature/v2-log"}
{"level":"debug","ts":"2025-08-23T14:11:35.211+0800","caller":"app/config.go:76","func":"github.com/costa92/go-protoc/v2/pkg/app.PrintConfig","msg":"CFG: log.encoder-config.time-key=ts","logger_type":"zap","service":"apiserver111","version":"v2.0.0","environment":"development","branch":"feature/v2-log"}
{"level":"debug","ts":"2025-08-23T14:11:35.211+0800","caller":"app/config.go:76","func":"github.com/costa92/go-protoc/v2/pkg/app.PrintConfig","msg":"CFG: log.victoria-logs.enabled=false","logger_type":"zap","service":"apiserver111","version":"v2.0.0","environment":"development","branch":"feature/v2-log"}
{"level":"debug","ts":"2025-08-23T14:11:35.211+0800","caller":"app/config.go:76","func":"github.com/costa92/go-protoc/v2/pkg/app.PrintConfig","msg":"CFG: jwt.key=onex(#)666","logger_type":"zap","service":"apiserver111","version":"v2.0.0","environment":"development","branch":"feature/v2-log"}
{"level":"debug","ts":"2025-08-23T14:11:35.211+0800","caller":"app/config.go:76","func":"github.com/costa92/go-protoc/v2/pkg/app.PrintConfig","msg":"CFG: sentry.attach-stacktrace=true","logger_type":"zap","service":"apiserver111","version":"v2.0.0","environment":"development","branch":"feature/v2-log"}
{"level":"debug","ts":"2025-08-23T14:11:35.211+0800","caller":"app/config.go:76","func":"github.com/costa92/go-protoc/v2/pkg/app.PrintConfig","msg":"CFG: jaeger.server=127.0.0.1:6831","logger_type":"zap","service":"apiserver111","version":"v2.0.0","environment":"development","branch":"feature/v2-log"}
{"level":"debug","ts":"2025-08-23T14:11:35.211+0800","caller":"app/config.go:76","func":"github.com/costa92/go-protoc/v2/pkg/app.PrintConfig","msg":"CFG: log.initial-fields.environment=development","logger_type":"zap","service":"apiserver111","version":"v2.0.0","environment":"development","branch":"feature/v2-log"}
{"level":"debug","ts":"2025-08-23T14:11:35.211+0800","caller":"app/config.go:76","func":"github.com/costa92/go-protoc/v2/pkg/app.PrintConfig","msg":"CFG: log.victoria-logs.service=apiserver","logger_type":"zap","service":"apiserver111","version":"v2.0.0","environment":"development","branch":"feature/v2-log"}
{"level":"debug","ts":"2025-08-23T14:11:35.211+0800","caller":"app/config.go:76","func":"github.com/costa92/go-protoc/v2/pkg/app.PrintConfig","msg":"CFG: log.victoria-logs.version=v2.0.0","logger_type":"zap","service":"apiserver111","version":"v2.0.0","environment":"development","branch":"feature/v2-log"}
{"level":"debug","ts":"2025-08-23T14:11:35.211+0800","caller":"app/config.go:76","func":"github.com/costa92/go-protoc/v2/pkg/app.PrintConfig","msg":"CFG: feature-gates=","logger_type":"zap","service":"apiserver111","version":"v2.0.0","environment":"development","branch":"feature/v2-log"}
{"level":"debug","ts":"2025-08-23T14:11:35.211+0800","caller":"app/config.go:76","func":"github.com/costa92/go-protoc/v2/pkg/app.PrintConfig","msg":"CFG: log.caller-encoder=short","logger_type":"zap","service":"apiserver111","version":"v2.0.0","environment":"development","branch":"feature/v2-log"}
{"level":"debug","ts":"2025-08-23T14:11:35.211+0800","caller":"app/config.go:76","func":"github.com/costa92/go-protoc/v2/pkg/app.PrintConfig","msg":"CFG: jaeger.agent-port=6831","logger_type":"zap","service":"apiserver111","version":"v2.0.0","environment":"development","branch":"feature/v2-log"}
{"level":"debug","ts":"2025-08-23T14:11:35.211+0800","caller":"app/config.go:76","func":"github.com/costa92/go-protoc/v2/pkg/app.PrintConfig","msg":"CFG: sentry.ignore-errors=[]","logger_type":"zap","service":"apiserver111","version":"v2.0.0","environment":"development","branch":"feature/v2-log"}
{"level":"debug","ts":"2025-08-23T14:11:35.211+0800","caller":"app/config.go:76","func":"github.com/costa92/go-protoc/v2/pkg/app.PrintConfig","msg":"CFG: config=configs/apiserver.yaml","logger_type":"zap","service":"apiserver111","version":"v2.0.0","environment":"development","branch":"feature/v2-log"}
{"level":"debug","ts":"2025-08-23T14:11:35.211+0800","caller":"app/config.go:76","func":"github.com/costa92/go-protoc/v2/pkg/app.PrintConfig","msg":"CFG: sentry.profiles-sample-rate=0.1","logger_type":"zap","service":"apiserver111","version":"v2.0.0","environment":"development","branch":"feature/v2-log"}
{"level":"debug","ts":"2025-08-23T14:11:35.211+0800","caller":"app/config.go:76","func":"github.com/costa92/go-protoc/v2/pkg/app.PrintConfig","msg":"CFG: log.level=debug","logger_type":"zap","service":"apiserver111","version":"v2.0.0","environment":"development","branch":"feature/v2-log"}
{"level":"debug","ts":"2025-08-23T14:11:35.211+0800","caller":"app/config.go:76","func":"github.com/costa92/go-protoc/v2/pkg/app.PrintConfig","msg":"CFG: log.disable-function-at-info=true","logger_type":"zap","service":"apiserver111","version":"v2.0.0","environment":"development","branch":"feature/v2-log"}
{"level":"debug","ts":"2025-08-23T14:11:35.211+0800","caller":"app/config.go:76","func":"github.com/costa92/go-protoc/v2/pkg/app.PrintConfig","msg":"CFG: sentry.debug=false","logger_type":"zap","service":"apiserver111","version":"v2.0.0","environment":"development","branch":"feature/v2-log"}
{"level":"debug","ts":"2025-08-23T14:11:35.211+0800","caller":"app/config.go:76","func":"github.com/costa92/go-protoc/v2/pkg/app.PrintConfig","msg":"CFG: redis.write-timeout=3s","logger_type":"zap","service":"apiserver111","version":"v2.0.0","environment":"development","branch":"feature/v2-log"}
{"level":"debug","ts":"2025-08-23T14:11:35.212+0800","caller":"app/config.go:76","func":"github.com/costa92/go-protoc/v2/pkg/app.PrintConfig","msg":"CFG: log.otlp.resource_attributes.service.namespace=go-protoc","logger_type":"zap","service":"apiserver111","version":"v2.0.0","environment":"development","branch":"feature/v2-log"}
{"level":"debug","ts":"2025-08-23T14:11:35.212+0800","caller":"app/config.go:76","func":"github.com/costa92/go-protoc/v2/pkg/app.PrintConfig","msg":"CFG: pool-monitor.database.enabled=true","logger_type":"zap","service":"apiserver111","version":"v2.0.0","environment":"development","branch":"feature/v2-log"}
{"level":"debug","ts":"2025-08-23T14:11:35.212+0800","caller":"app/config.go:76","func":"github.com/costa92/go-protoc/v2/pkg/app.PrintConfig","msg":"CFG: log.message-key=msg","logger_type":"zap","service":"apiserver111","version":"v2.0.0","environment":"development","branch":"feature/v2-log"}
{"level":"debug","ts":"2025-08-23T14:11:35.212+0800","caller":"app/config.go:76","func":"github.com/costa92/go-protoc/v2/pkg/app.PrintConfig","msg":"CFG: mysql.host=127.0.0.1","logger_type":"zap","service":"apiserver111","version":"v2.0.0","environment":"development","branch":"feature/v2-log"}
{"level":"debug","ts":"2025-08-23T14:11:35.212+0800","caller":"app/config.go:76","func":"github.com/costa92/go-protoc/v2/pkg/app.PrintConfig","msg":"CFG: sentry.enabled=false","logger_type":"zap","service":"apiserver111","version":"v2.0.0","environment":"development","branch":"feature/v2-log"}
{"level":"debug","ts":"2025-08-23T14:11:35.212+0800","caller":"app/config.go:76","func":"github.com/costa92/go-protoc/v2/pkg/app.PrintConfig","msg":"CFG: log.encoder-config.level-key=level","logger_type":"zap","service":"apiserver111","version":"v2.0.0","environment":"development","branch":"feature/v2-log"}
{"level":"debug","ts":"2025-08-23T14:11:35.212+0800","caller":"app/config.go:76","func":"github.com/costa92/go-protoc/v2/pkg/app.PrintConfig","msg":"CFG: log.encoder-config.level-encoder=lowercase","logger_type":"zap","service":"apiserver111","version":"v2.0.0","environment":"development","branch":"feature/v2-log"}
{"level":"debug","ts":"2025-08-23T14:11:35.212+0800","caller":"app/config.go:76","func":"github.com/costa92/go-protoc/v2/pkg/app.PrintConfig","msg":"CFG: redis.enable-trace=true","logger_type":"zap","service":"apiserver111","version":"v2.0.0","environment":"development","branch":"feature/v2-log"}
{"level":"debug","ts":"2025-08-23T14:11:35.212+0800","caller":"app/config.go:76","func":"github.com/costa92/go-protoc/v2/pkg/app.PrintConfig","msg":"CFG: log-flush-frequency=5s","logger_type":"zap","service":"apiserver111","version":"v2.0.0","environment":"development","branch":"feature/v2-log"}
{"level":"debug","ts":"2025-08-23T14:11:35.212+0800","caller":"app/config.go:76","func":"github.com/costa92/go-protoc/v2/pkg/app.PrintConfig","msg":"CFG: redis.database=0","logger_type":"zap","service":"apiserver111","version":"v2.0.0","environment":"development","branch":"feature/v2-log"}
{"level":"debug","ts":"2025-08-23T14:11:35.212+0800","caller":"app/config.go:76","func":"github.com/costa92/go-protoc/v2/pkg/app.PrintConfig","msg":"CFG: log.level-encoder=lowercase","logger_type":"zap","service":"apiserver111","version":"v2.0.0","environment":"development","branch":"feature/v2-log"}
{"level":"debug","ts":"2025-08-23T14:11:35.212+0800","caller":"app/config.go:76","func":"github.com/costa92/go-protoc/v2/pkg/app.PrintConfig","msg":"CFG: log.otlp.insecure=true","logger_type":"zap","service":"apiserver111","version":"v2.0.0","environment":"development","branch":"feature/v2-log"}
{"level":"debug","ts":"2025-08-23T14:11:35.212+0800","caller":"app/config.go:76","func":"github.com/costa92/go-protoc/v2/pkg/app.PrintConfig","msg":"CFG: log.max-backups=5","logger_type":"zap","service":"apiserver111","version":"v2.0.0","environment":"development","branch":"feature/v2-log"}
{"level":"debug","ts":"2025-08-23T14:11:35.212+0800","caller":"app/config.go:76","func":"github.com/costa92/go-protoc/v2/pkg/app.PrintConfig","msg":"CFG: vmodule=","logger_type":"zap","service":"apiserver111","version":"v2.0.0","environment":"development","branch":"feature/v2-log"}
{"level":"debug","ts":"2025-08-23T14:11:35.212+0800","caller":"app/config.go:76","func":"github.com/costa92/go-protoc/v2/pkg/app.PrintConfig","msg":"CFG: log.enable-color=false","logger_type":"zap","service":"apiserver111","version":"v2.0.0","environment":"development","branch":"feature/v2-log"}
{"level":"debug","ts":"2025-08-23T14:11:35.212+0800","caller":"app/config.go:76","func":"github.com/costa92/go-protoc/v2/pkg/app.PrintConfig","msg":"CFG: jaeger.sampler-type=const","logger_type":"zap","service":"apiserver111","version":"v2.0.0","environment":"development","branch":"feature/v2-log"}
{"level":"debug","ts":"2025-08-23T14:11:35.212+0800","caller":"app/config.go:76","func":"github.com/costa92/go-protoc/v2/pkg/app.PrintConfig","msg":"CFG: log.caller-key=caller","logger_type":"zap","service":"apiserver111","version":"v2.0.0","environment":"development","branch":"feature/v2-log"}
{"level":"debug","ts":"2025-08-23T14:11:35.212+0800","caller":"app/config.go:76","func":"github.com/costa92/go-protoc/v2/pkg/app.PrintConfig","msg":"CFG: pool-monitor.database.slow-query=1s","logger_type":"zap","service":"apiserver111","version":"v2.0.0","environment":"development","branch":"feature/v2-log"}
{"level":"debug","ts":"2025-08-23T14:11:35.212+0800","caller":"app/config.go:76","func":"github.com/costa92/go-protoc/v2/pkg/app.PrintConfig","msg":"CFG: grpc.timeout=10s","logger_type":"zap","service":"apiserver111","version":"v2.0.0","environment":"development","branch":"feature/v2-log"}
{"level":"debug","ts":"2025-08-23T14:11:35.212+0800","caller":"app/config.go:76","func":"github.com/costa92/go-protoc/v2/pkg/app.PrintConfig","msg":"CFG: pool-monitor.collect-interval=30s","logger_type":"zap","service":"apiserver111","version":"v2.0.0","environment":"development","branch":"feature/v2-log"}
{"level":"debug","ts":"2025-08-23T14:11:35.212+0800","caller":"app/config.go:76","func":"github.com/costa92/go-protoc/v2/pkg/app.PrintConfig","msg":"CFG: http.addr=0.0.0.0:8080","logger_type":"zap","service":"apiserver111","version":"v2.0.0","environment":"development","branch":"feature/v2-log"}
{"level":"debug","ts":"2025-08-23T14:11:35.212+0800","caller":"app/config.go:76","func":"github.com/costa92/go-protoc/v2/pkg/app.PrintConfig","msg":"CFG: mysql.password=proj(#)666","logger_type":"zap","service":"apiserver111","version":"v2.0.0","environment":"development","branch":"feature/v2-log"}
{"level":"debug","ts":"2025-08-23T14:11:35.212+0800","caller":"app/config.go:76","func":"github.com/costa92/go-protoc/v2/pkg/app.PrintConfig","msg":"CFG: mysql.username=root","logger_type":"zap","service":"apiserver111","version":"v2.0.0","environment":"development","branch":"feature/v2-log"}
{"level":"debug","ts":"2025-08-23T14:11:35.212+0800","caller":"app/config.go:76","func":"github.com/costa92/go-protoc/v2/pkg/app.PrintConfig","msg":"CFG: log.encoder-config.time-encoder=iso8601","logger_type":"zap","service":"apiserver111","version":"v2.0.0","environment":"development","branch":"feature/v2-log"}
{"level":"debug","ts":"2025-08-23T14:11:35.212+0800","caller":"app/config.go:76","func":"github.com/costa92/go-protoc/v2/pkg/app.PrintConfig","msg":"CFG: mysql.log-level=1","logger_type":"zap","service":"apiserver111","version":"v2.0.0","environment":"development","branch":"feature/v2-log"}
{"level":"debug","ts":"2025-08-23T14:11:35.212+0800","caller":"app/config.go:76","func":"github.com/costa92/go-protoc/v2/pkg/app.PrintConfig","msg":"CFG: redis.username=","logger_type":"zap","service":"apiserver111","version":"v2.0.0","environment":"development","branch":"feature/v2-log"}
{"level":"debug","ts":"2025-08-23T14:11:35.212+0800","caller":"app/config.go:76","func":"github.com/costa92/go-protoc/v2/pkg/app.PrintConfig","msg":"CFG: sentry.enable-tracing=true","logger_type":"zap","service":"apiserver111","version":"v2.0.0","environment":"development","branch":"feature/v2-log"}
{"level":"debug","ts":"2025-08-23T14:11:35.212+0800","caller":"app/config.go:76","func":"github.com/costa92/go-protoc/v2/pkg/app.PrintConfig","msg":"CFG: redis.max-retries=3","logger_type":"zap","service":"apiserver111","version":"v2.0.0","environment":"development","branch":"feature/v2-log"}
{"level":"debug","ts":"2025-08-23T14:11:35.212+0800","caller":"app/config.go:76","func":"github.com/costa92/go-protoc/v2/pkg/app.PrintConfig","msg":"CFG: pool-monitor.namespace=apiserver","logger_type":"zap","service":"apiserver111","version":"v2.0.0","environment":"development","branch":"feature/v2-log"}
{"level":"debug","ts":"2025-08-23T14:11:35.212+0800","caller":"app/config.go:76","func":"github.com/costa92/go-protoc/v2/pkg/app.PrintConfig","msg":"CFG: log.otlp.export_timeout=30s","logger_type":"zap","service":"apiserver111","version":"v2.0.0","environment":"development","branch":"feature/v2-log"}
{"level":"debug","ts":"2025-08-23T14:11:35.212+0800","caller":"app/config.go:76","func":"github.com/costa92/go-protoc/v2/pkg/app.PrintConfig","msg":"CFG: redis.dial-timeout=5s","logger_type":"zap","service":"apiserver111","version":"v2.0.0","environment":"development","branch":"feature/v2-log"}
{"level":"debug","ts":"2025-08-23T14:11:35.212+0800","caller":"app/config.go:76","func":"github.com/costa92/go-protoc/v2/pkg/app.PrintConfig","msg":"CFG: log.victoria-logs.buffer-size=1000","logger_type":"zap","service":"apiserver111","version":"v2.0.0","environment":"development","branch":"feature/v2-log"}
{"level":"debug","ts":"2025-08-23T14:11:35.212+0800","caller":"app/config.go:76","func":"github.com/costa92/go-protoc/v2/pkg/app.PrintConfig","msg":"CFG: log.time-key=ts","logger_type":"zap","service":"apiserver111","version":"v2.0.0","environment":"development","branch":"feature/v2-log"}
{"level":"debug","ts":"2025-08-23T14:11:35.212+0800","caller":"app/config.go:76","func":"github.com/costa92/go-protoc/v2/pkg/app.PrintConfig","msg":"CFG: mysql.max-connection-life-time=10s","logger_type":"zap","service":"apiserver111","version":"v2.0.0","environment":"development","branch":"feature/v2-log"}
{"level":"debug","ts":"2025-08-23T14:11:35.212+0800","caller":"app/config.go:76","func":"github.com/costa92/go-protoc/v2/pkg/app.PrintConfig","msg":"CFG: redis.pool-timeout=4s","logger_type":"zap","service":"apiserver111","version":"v2.0.0","environment":"development","branch":"feature/v2-log"}
{"level":"debug","ts":"2025-08-23T14:11:35.212+0800","caller":"app/config.go:76","func":"github.com/costa92/go-protoc/v2/pkg/app.PrintConfig","msg":"CFG: grpc.addr=0.0.0.0:9090","logger_type":"zap","service":"apiserver111","version":"v2.0.0","environment":"development","branch":"feature/v2-log"}
{"level":"debug","ts":"2025-08-23T14:11:35.212+0800","caller":"app/config.go:76","func":"github.com/costa92/go-protoc/v2/pkg/app.PrintConfig","msg":"CFG: sentry.sample-rate=1","logger_type":"zap","service":"apiserver111","version":"v2.0.0","environment":"development","branch":"feature/v2-log"}
{"level":"debug","ts":"2025-08-23T14:11:35.212+0800","caller":"app/config.go:76","func":"github.com/costa92/go-protoc/v2/pkg/app.PrintConfig","msg":"CFG: log.otlp.endpoint=127.0.0.1:4327","logger_type":"zap","service":"apiserver111","version":"v2.0.0","environment":"development","branch":"feature/v2-log"}
{"level":"debug","ts":"2025-08-23T14:11:35.212+0800","caller":"app/config.go:76","func":"github.com/costa92/go-protoc/v2/pkg/app.PrintConfig","msg":"CFG: log.otlp.timeout=10s","logger_type":"zap","service":"apiserver111","version":"v2.0.0","environment":"development","branch":"feature/v2-log"}
{"level":"debug","ts":"2025-08-23T14:11:35.212+0800","caller":"app/config.go:76","func":"github.com/costa92/go-protoc/v2/pkg/app.PrintConfig","msg":"CFG: log.otlp.resource_attributes.service.name=apiserver","logger_type":"zap","service":"apiserver111","version":"v2.0.0","environment":"development","branch":"feature/v2-log"}
{"level":"debug","ts":"2025-08-23T14:11:35.212+0800","caller":"app/config.go:76","func":"github.com/costa92/go-protoc/v2/pkg/app.PrintConfig","msg":"CFG: log.victoria-logs.batch-size=100","logger_type":"zap","service":"apiserver111","version":"v2.0.0","environment":"development","branch":"feature/v2-log"}
{"level":"debug","ts":"2025-08-23T14:11:35.212+0800","caller":"app/config.go:76","func":"github.com/costa92/go-protoc/v2/pkg/app.PrintConfig","msg":"CFG: jaeger.agent-host=127.0.0.1","logger_type":"zap","service":"apiserver111","version":"v2.0.0","environment":"development","branch":"feature/v2-log"}
{"level":"debug","ts":"2025-08-23T14:11:35.212+0800","caller":"app/config.go:76","func":"github.com/costa92/go-protoc/v2/pkg/app.PrintConfig","msg":"CFG: jwt.expired=2h","logger_type":"zap","service":"apiserver111","version":"v2.0.0","environment":"development","branch":"feature/v2-log"}
{"level":"debug","ts":"2025-08-23T14:11:35.212+0800","caller":"app/config.go:76","func":"github.com/costa92/go-protoc/v2/pkg/app.PrintConfig","msg":"CFG: v=0","logger_type":"zap","service":"apiserver111","version":"v2.0.0","environment":"development","branch":"feature/v2-log"}
{"level":"debug","ts":"2025-08-23T14:11:35.212+0800","caller":"app/config.go:76","func":"github.com/costa92/go-protoc/v2/pkg/app.PrintConfig","msg":"CFG: sentry.traces-sample-rate=0.1","logger_type":"zap","service":"apiserver111","version":"v2.0.0","environment":"development","branch":"feature/v2-log"}
{"level":"debug","ts":"2025-08-23T14:11:35.212+0800","caller":"app/config.go:76","func":"github.com/costa92/go-protoc/v2/pkg/app.PrintConfig","msg":"CFG: log.initial-fields.version=v2.0.0","logger_type":"zap","service":"apiserver111","version":"v2.0.0","environment":"development","branch":"feature/v2-log"}
{"level":"debug","ts":"2025-08-23T14:11:35.212+0800","caller":"app/config.go:76","func":"github.com/costa92/go-protoc/v2/pkg/app.PrintConfig","msg":"CFG: log.victoria-logs.flush-interval=5","logger_type":"zap","service":"apiserver111","version":"v2.0.0","environment":"development","branch":"feature/v2-log"}
{"level":"debug","ts":"2025-08-23T14:11:35.212+0800","caller":"app/config.go:76","func":"github.com/costa92/go-protoc/v2/pkg/app.PrintConfig","msg":"CFG: log.stacktrace-key=stacktrace","logger_type":"zap","service":"apiserver111","version":"v2.0.0","environment":"development","branch":"feature/v2-log"}
{"level":"debug","ts":"2025-08-23T14:11:35.212+0800","caller":"app/config.go:76","func":"github.com/costa92/go-protoc/v2/pkg/app.PrintConfig","msg":"CFG: log.disable-stacktrace=false","logger_type":"zap","service":"apiserver111","version":"v2.0.0","environment":"development","branch":"feature/v2-log"}
{"level":"debug","ts":"2025-08-23T14:11:35.212+0800","caller":"app/config.go:76","func":"github.com/costa92/go-protoc/v2/pkg/app.PrintConfig","msg":"CFG: log.otlp.resource_attributes.deployment.environment=development","logger_type":"zap","service":"apiserver111","version":"v2.0.0","environment":"development","branch":"feature/v2-log"}
{"level":"debug","ts":"2025-08-23T14:11:35.212+0800","caller":"app/config.go:76","func":"github.com/costa92/go-protoc/v2/pkg/app.PrintConfig","msg":"CFG: log.victoria-logs.environment=development","logger_type":"zap","service":"apiserver111","version":"v2.0.0","environment":"development","branch":"feature/v2-log"}
{"level":"debug","ts":"2025-08-23T14:11:35.212+0800","caller":"app/config.go:76","func":"github.com/costa92/go-protoc/v2/pkg/app.PrintConfig","msg":"CFG: mysql.enable-trace=true","logger_type":"zap","service":"apiserver111","version":"v2.0.0","environment":"development","branch":"feature/v2-log"}
{"level":"debug","ts":"2025-08-23T14:11:35.212+0800","caller":"app/config.go:76","func":"github.com/costa92/go-protoc/v2/pkg/app.PrintConfig","msg":"CFG: log.error-output-paths=[stderr]","logger_type":"zap","service":"apiserver111","version":"v2.0.0","environment":"development","branch":"feature/v2-log"}
{"level":"debug","ts":"2025-08-23T14:11:35.212+0800","caller":"app/config.go:76","func":"github.com/costa92/go-protoc/v2/pkg/app.PrintConfig","msg":"CFG: log.level-key=level","logger_type":"zap","service":"apiserver111","version":"v2.0.0","environment":"development","branch":"feature/v2-log"}
{"level":"debug","ts":"2025-08-23T14:11:35.212+0800","caller":"app/config.go:76","func":"github.com/costa92/go-protoc/v2/pkg/app.PrintConfig","msg":"CFG: mysql.max-open-connections=100","logger_type":"zap","service":"apiserver111","version":"v2.0.0","environment":"development","branch":"feature/v2-log"}
{"level":"debug","ts":"2025-08-23T14:11:35.212+0800","caller":"app/config.go:76","func":"github.com/costa92/go-protoc/v2/pkg/app.PrintConfig","msg":"CFG: mysql.database=protoc","logger_type":"zap","service":"apiserver111","version":"v2.0.0","environment":"development","branch":"feature/v2-log"}
{"level":"debug","ts":"2025-08-23T14:11:35.212+0800","caller":"app/config.go:76","func":"github.com/costa92/go-protoc/v2/pkg/app.PrintConfig","msg":"CFG: log.compress=true","logger_type":"zap","service":"apiserver111","version":"v2.0.0","environment":"development","branch":"feature/v2-log"}
{"level":"debug","ts":"2025-08-23T14:11:35.212+0800","caller":"app/config.go:76","func":"github.com/costa92/go-protoc/v2/pkg/app.PrintConfig","msg":"CFG: log.encoding=json","logger_type":"zap","service":"apiserver111","version":"v2.0.0","environment":"development","branch":"feature/v2-log"}
{"level":"debug","ts":"2025-08-23T14:11:35.212+0800","caller":"app/config.go:76","func":"github.com/costa92/go-protoc/v2/pkg/app.PrintConfig","msg":"CFG: sentry.flush-timeout=5s","logger_type":"zap","service":"apiserver111","version":"v2.0.0","environment":"development","branch":"feature/v2-log"}
{"level":"debug","ts":"2025-08-23T14:11:35.212+0800","caller":"app/config.go:76","func":"github.com/costa92/go-protoc/v2/pkg/app.PrintConfig","msg":"CFG: redis.min-idle-conns=0","logger_type":"zap","service":"apiserver111","version":"v2.0.0","environment":"development","branch":"feature/v2-log"}
{"level":"debug","ts":"2025-08-23T14:11:35.212+0800","caller":"app/config.go:76","func":"github.com/costa92/go-protoc/v2/pkg/app.PrintConfig","msg":"CFG: redis.pool-size=10","logger_type":"zap","service":"apiserver111","version":"v2.0.0","environment":"development","branch":"feature/v2-log"}
{"level":"debug","ts":"2025-08-23T14:11:35.213+0800","caller":"app/config.go:76","func":"github.com/costa92/go-protoc/v2/pkg/app.PrintConfig","msg":"CFG: log.initial-fields.service=apiserver111","logger_type":"zap","service":"apiserver111","version":"v2.0.0","environment":"development","branch":"feature/v2-log"}
{"level":"debug","ts":"2025-08-23T14:11:35.213+0800","caller":"app/config.go:76","func":"github.com/costa92/go-protoc/v2/pkg/app.PrintConfig","msg":"CFG: log.otlp.resource_attributes.service.version=v2.0.0","logger_type":"zap","service":"apiserver111","version":"v2.0.0","environment":"development","branch":"feature/v2-log"}
{"level":"info","ts":"2025-08-23T14:11:35.213+0800","caller":"app/server.go:67","msg":"Connection pool metrics collection is enabled through dependency injection"}
{"level":"info","ts":"2025-08-23T14:11:35.213+0800","caller":"app/server.go:68","msg":"Metrics will be automatically collected by the PoolMonitor when database connections are established"}
{"level":"info","ts":"2025-08-23T14:11:35.213+0800","caller":"app/server.go:71","msg":"Database pool monitoring enabled","slow_query_threshold":1000,"collect_interval":30000}
{"level":"info","ts":"2025-08-23T14:11:35.213+0800","caller":"app/server.go:77","msg":"Redis pool monitoring enabled","collect_interval":30000}
{"level":"info","ts":"2025-08-23T14:11:35.213+0800","caller":"apiserver/server.go:66","msg":"Initializing API server","service":"apiserver","version":"cd03a2b-dirty","branch":"feature/v2-log","commit":"cd03a2ba","build_date":"2025-08-23T06:11:26Z","go_version":"go1.25.0"}
{"level":"info","ts":"2025-08-23T14:11:35.213+0800","caller":"apiserver/server.go:78","msg":"Logger configuration","level":"debug","format":"json"}
{"level":"debug","ts":"2025-08-23T14:11:35.213+0800","caller":"apiserver/server.go:79","func":"github.com/costa92/go-protoc/v2/internal/apiserver.(*Config).NewServer","msg":"Debug logging enabled","logger_type":"zap","service":"apiserver111","version":"v2.0.0","environment":"development","branch":"feature/v2-log","caller_skip":2,"enable_color":false}
{"level":"info","ts":"2025-08-23T14:11:35.213+0800","caller":"apiserver/server.go:83","msg":"Validating service connections before startup..."}
{"level":"info","ts":"2025-08-23T14:11:35.213+0800","caller":"apiserver/server.go:87","msg":"Testing MySQL connection..."}
{"level":"info","ts":"2025-08-23T14:11:35.220+0800","caller":"apiserver/server.go:92","msg":"MySQL connection test passed"}
{"level":"info","ts":"2025-08-23T14:11:35.220+0800","caller":"apiserver/server.go:97","msg":"Testing Redis connection..."}
{"level":"info","ts":"2025-08-23T14:11:35.223+0800","caller":"apiserver/server.go:102","msg":"Redis connection test passed"}
{"level":"info","ts":"2025-08-23T14:11:35.223+0800","caller":"apiserver/server.go:107","msg":"Testing Jaeger connection..."}
{"level":"info","ts":"2025-08-23T14:11:35.223+0800","caller":"apiserver/server.go:112","msg":"Jaeger connection test passed"}
{"level":"info","ts":"2025-08-23T14:11:35.223+0800","caller":"apiserver/server.go:115","msg":"All service connections validated successfully"}
{"level":"info","ts":"2025-08-23T14:11:35.318+0800","caller":"server/kratos_server.go:47","msg":"Start to listening the incoming requests","protocol":"kratos"}
{"level":"info","ts":"2025-08-23T14:11:35.319+0800","caller":"logger/kratos_adapter.go:40","msg":"[HTTP] server listening on: [::]:8080","ts":"2025-08-23T14:11:35+08:00","caller":"http/server.go:330","msg":"[HTTP] server listening on: [::]:8080"}
{"level":"info","ts":"2025-08-23T14:11:35.319+0800","caller":"logger/kratos_adapter.go:40","msg":"[gRPC] server listening on: [::]:9090","ts":"2025-08-23T14:11:35+08:00","caller":"grpc/server.go:220","msg":"[gRPC] server listening on: [::]:9090"}
{"level":"info","ts":"2025-08-23T14:15:23.696+0800","caller":"app/config.go:171","msg":"Logger reinitialized from configuration file","level":"debug","format":"json","service":"apiserver"}
{"level":"info","ts":"2025-08-23T14:15:23.698+0800","caller":"app/app.go:349","msg":"Logger context extractors configured","extractors":2}
{"level":"info","ts":"2025-08-23T14:15:23.698+0800","caller":"app/app.go:354","msg":"Final logger configuration applied","service":"apiserver","version":"cd03a2b-dirty","branch":"feature/v2-log"}
{"level":"info","ts":"2025-08-23T14:15:23.698+0800","caller":"app/app.go:308","msg":"Starting application","name":"apiserver","version":"{\"gitVersion\":\"cd03a2b-dirty\",\"gitCommit\":\"cd03a2bae2065c9d493c5f60441c24aacb13b175\",\"gitTreeState\":\"\",\"gitBranch\":\"feature/v2-log\",\"buildDate\":\"2025-08-23T06:15:15Z\",\"serviceName\":\"apiserver\",\"goVersion\":\"go1.25.0\",\"compiler\":\"gc\",\"platform\":\"darwin/arm64\"}"}
{"level":"info","ts":"2025-08-23T14:15:23.698+0800","caller":"app/app.go:309","msg":"Golang settings","GOGC":"","GOMAXPROCS":"","GOTRACEBACK":""}
{"level":"debug","ts":"2025-08-23T14:15:23.698+0800","caller":"app/config.go:180","func":"github.com/costa92/go-protoc/v2/pkg/app.PrintConfig","msg":"CFG: http.addr=0.0.0.0:8080","logger_type":"zap","service":"apiserver111","version":"v2.0.0","environment":"development","branch":"feature/v2-log"}
{"level":"debug","ts":"2025-08-23T14:15:23.698+0800","caller":"app/config.go:180","func":"github.com/costa92/go-protoc/v2/pkg/app.PrintConfig","msg":"CFG: redis.max-retries=3","logger_type":"zap","service":"apiserver111","version":"v2.0.0","environment":"development","branch":"feature/v2-log"}
{"level":"debug","ts":"2025-08-23T14:15:23.698+0800","caller":"app/config.go:180","func":"github.com/costa92/go-protoc/v2/pkg/app.PrintConfig","msg":"CFG: log.otlp.enabled=true","logger_type":"zap","service":"apiserver111","version":"v2.0.0","environment":"development","branch":"feature/v2-log"}
{"level":"debug","ts":"2025-08-23T14:15:23.698+0800","caller":"app/config.go:180","func":"github.com/costa92/go-protoc/v2/pkg/app.PrintConfig","msg":"CFG: jwt.max-refresh=2h","logger_type":"zap","service":"apiserver111","version":"v2.0.0","environment":"development","branch":"feature/v2-log"}
{"level":"debug","ts":"2025-08-23T14:15:23.698+0800","caller":"app/config.go:180","func":"github.com/costa92/go-protoc/v2/pkg/app.PrintConfig","msg":"CFG: sentry.debug=false","logger_type":"zap","service":"apiserver111","version":"v2.0.0","environment":"development","branch":"feature/v2-log"}
{"level":"debug","ts":"2025-08-23T14:15:23.698+0800","caller":"app/config.go:180","func":"github.com/costa92/go-protoc/v2/pkg/app.PrintConfig","msg":"CFG: feature-gates=","logger_type":"zap","service":"apiserver111","version":"v2.0.0","environment":"development","branch":"feature/v2-log"}
{"level":"debug","ts":"2025-08-23T14:15:23.698+0800","caller":"app/config.go:180","func":"github.com/costa92/go-protoc/v2/pkg/app.PrintConfig","msg":"CFG: jaeger.service-name=apiserver","logger_type":"zap","service":"apiserver111","version":"v2.0.0","environment":"development","branch":"feature/v2-log"}
{"level":"debug","ts":"2025-08-23T14:15:23.698+0800","caller":"app/config.go:180","func":"github.com/costa92/go-protoc/v2/pkg/app.PrintConfig","msg":"CFG: pool-monitor.database.slow-query=1s","logger_type":"zap","service":"apiserver111","version":"v2.0.0","environment":"development","branch":"feature/v2-log"}
{"level":"debug","ts":"2025-08-23T14:15:23.698+0800","caller":"app/config.go:180","func":"github.com/costa92/go-protoc/v2/pkg/app.PrintConfig","msg":"CFG: sentry.enabled=false","logger_type":"zap","service":"apiserver111","version":"v2.0.0","environment":"development","branch":"feature/v2-log"}
{"level":"debug","ts":"2025-08-23T14:15:23.698+0800","caller":"app/config.go:180","func":"github.com/costa92/go-protoc/v2/pkg/app.PrintConfig","msg":"CFG: mysql.max-connection-life-time=10s","logger_type":"zap","service":"apiserver111","version":"v2.0.0","environment":"development","branch":"feature/v2-log"}
{"level":"debug","ts":"2025-08-23T14:15:23.698+0800","caller":"app/config.go:180","func":"github.com/costa92/go-protoc/v2/pkg/app.PrintConfig","msg":"CFG: log.dynamic=false","logger_type":"zap","service":"apiserver111","version":"v2.0.0","environment":"development","branch":"feature/v2-log"}
{"level":"debug","ts":"2025-08-23T14:15:23.698+0800","caller":"app/config.go:180","func":"github.com/costa92/go-protoc/v2/pkg/app.PrintConfig","msg":"CFG: log.victoria-logs.enabled=false","logger_type":"zap","service":"apiserver111","version":"v2.0.0","environment":"development","branch":"feature/v2-log"}
{"level":"debug","ts":"2025-08-23T14:15:23.699+0800","caller":"app/config.go:180","func":"github.com/costa92/go-protoc/v2/pkg/app.PrintConfig","msg":"CFG: log.victoria-logs.endpoint=http://127.0.0.1:9428","logger_type":"zap","service":"apiserver111","version":"v2.0.0","environment":"development","branch":"feature/v2-log"}
{"level":"debug","ts":"2025-08-23T14:15:23.699+0800","caller":"app/config.go:180","func":"github.com/costa92/go-protoc/v2/pkg/app.PrintConfig","msg":"CFG: sentry.sample-rate=1","logger_type":"zap","service":"apiserver111","version":"v2.0.0","environment":"development","branch":"feature/v2-log"}
{"level":"debug","ts":"2025-08-23T14:15:23.699+0800","caller":"app/config.go:180","func":"github.com/costa92/go-protoc/v2/pkg/app.PrintConfig","msg":"CFG: log.caller-key=caller","logger_type":"zap","service":"apiserver111","version":"v2.0.0","environment":"development","branch":"feature/v2-log"}
{"level":"debug","ts":"2025-08-23T14:15:23.699+0800","caller":"app/config.go:180","func":"github.com/costa92/go-protoc/v2/pkg/app.PrintConfig","msg":"CFG: jaeger.enabled=true","logger_type":"zap","service":"apiserver111","version":"v2.0.0","environment":"development","branch":"feature/v2-log"}
{"level":"debug","ts":"2025-08-23T14:15:23.699+0800","caller":"app/config.go:180","func":"github.com/costa92/go-protoc/v2/pkg/app.PrintConfig","msg":"CFG: mysql.max-open-connections=100","logger_type":"zap","service":"apiserver111","version":"v2.0.0","environment":"development","branch":"feature/v2-log"}
{"level":"debug","ts":"2025-08-23T14:15:23.699+0800","caller":"app/config.go:180","func":"github.com/costa92/go-protoc/v2/pkg/app.PrintConfig","msg":"CFG: log.stacktrace-key=stacktrace","logger_type":"zap","service":"apiserver111","version":"v2.0.0","environment":"development","branch":"feature/v2-log"}
{"level":"debug","ts":"2025-08-23T14:15:23.699+0800","caller":"app/config.go:180","func":"github.com/costa92/go-protoc/v2/pkg/app.PrintConfig","msg":"CFG: log.otlp.batch_size=100","logger_type":"zap","service":"apiserver111","version":"v2.0.0","environment":"development","branch":"feature/v2-log"}
{"level":"debug","ts":"2025-08-23T14:15:23.699+0800","caller":"app/config.go:180","func":"github.com/costa92/go-protoc/v2/pkg/app.PrintConfig","msg":"CFG: redis.pool-timeout=4s","logger_type":"zap","service":"apiserver111","version":"v2.0.0","environment":"development","branch":"feature/v2-log"}
{"level":"debug","ts":"2025-08-23T14:15:23.699+0800","caller":"app/config.go:180","func":"github.com/costa92/go-protoc/v2/pkg/app.PrintConfig","msg":"CFG: log.max-size=100","logger_type":"zap","service":"apiserver111","version":"v2.0.0","environment":"development","branch":"feature/v2-log"}
{"level":"debug","ts":"2025-08-23T14:15:23.699+0800","caller":"app/config.go:180","func":"github.com/costa92/go-protoc/v2/pkg/app.PrintConfig","msg":"CFG: redis.enable-trace=true","logger_type":"zap","service":"apiserver111","version":"v2.0.0","environment":"development","branch":"feature/v2-log"}
{"level":"debug","ts":"2025-08-23T14:15:23.699+0800","caller":"app/config.go:180","func":"github.com/costa92/go-protoc/v2/pkg/app.PrintConfig","msg":"CFG: log.otlp.export_timeout=30s","logger_type":"zap","service":"apiserver111","version":"v2.0.0","environment":"development","branch":"feature/v2-log"}
{"level":"debug","ts":"2025-08-23T14:15:23.699+0800","caller":"app/config.go:180","func":"github.com/costa92/go-protoc/v2/pkg/app.PrintConfig","msg":"CFG: sentry.send-default-pii=false","logger_type":"zap","service":"apiserver111","version":"v2.0.0","environment":"development","branch":"feature/v2-log"}
{"level":"debug","ts":"2025-08-23T14:15:23.699+0800","caller":"app/config.go:180","func":"github.com/costa92/go-protoc/v2/pkg/app.PrintConfig","msg":"CFG: log.encoder-config.time-key=ts","logger_type":"zap","service":"apiserver111","version":"v2.0.0","environment":"development","branch":"feature/v2-log"}
{"level":"debug","ts":"2025-08-23T14:15:23.699+0800","caller":"app/config.go:180","func":"github.com/costa92/go-protoc/v2/pkg/app.PrintConfig","msg":"CFG: log.level-encoder=lowercase","logger_type":"zap","service":"apiserver111","version":"v2.0.0","environment":"development","branch":"feature/v2-log"}
{"level":"debug","ts":"2025-08-23T14:15:23.699+0800","caller":"app/config.go:180","func":"github.com/costa92/go-protoc/v2/pkg/app.PrintConfig","msg":"CFG: log.level-key=level","logger_type":"zap","service":"apiserver111","version":"v2.0.0","environment":"development","branch":"feature/v2-log"}
{"level":"debug","ts":"2025-08-23T14:15:23.699+0800","caller":"app/config.go:180","func":"github.com/costa92/go-protoc/v2/pkg/app.PrintConfig","msg":"CFG: redis.write-timeout=3s","logger_type":"zap","service":"apiserver111","version":"v2.0.0","environment":"development","branch":"feature/v2-log"}
{"level":"debug","ts":"2025-08-23T14:15:23.699+0800","caller":"app/config.go:180","func":"github.com/costa92/go-protoc/v2/pkg/app.PrintConfig","msg":"CFG: sentry.enable-profiling=false","logger_type":"zap","service":"apiserver111","version":"v2.0.0","environment":"development","branch":"feature/v2-log"}
{"level":"debug","ts":"2025-08-23T14:15:23.699+0800","caller":"app/config.go:180","func":"github.com/costa92/go-protoc/v2/pkg/app.PrintConfig","msg":"CFG: log.error-output-paths=[stderr]","logger_type":"zap","service":"apiserver111","version":"v2.0.0","environment":"development","branch":"feature/v2-log"}
{"level":"debug","ts":"2025-08-23T14:15:23.699+0800","caller":"app/config.go:180","func":"github.com/costa92/go-protoc/v2/pkg/app.PrintConfig","msg":"CFG: log.otlp.resource_attributes.service.version=v2.0.0","logger_type":"zap","service":"apiserver111","version":"v2.0.0","environment":"development","branch":"feature/v2-log"}
{"level":"debug","ts":"2025-08-23T14:15:23.699+0800","caller":"app/config.go:180","func":"github.com/costa92/go-protoc/v2/pkg/app.PrintConfig","msg":"CFG: redis.database=0","logger_type":"zap","service":"apiserver111","version":"v2.0.0","environment":"development","branch":"feature/v2-log"}
{"level":"debug","ts":"2025-08-23T14:15:23.699+0800","caller":"app/config.go:180","func":"github.com/costa92/go-protoc/v2/pkg/app.PrintConfig","msg":"CFG: sentry.release=","logger_type":"zap","service":"apiserver111","version":"v2.0.0","environment":"development","branch":"feature/v2-log"}
{"level":"debug","ts":"2025-08-23T14:15:23.699+0800","caller":"app/config.go:180","func":"github.com/costa92/go-protoc/v2/pkg/app.PrintConfig","msg":"CFG: jaeger.agent-host=127.0.0.1","logger_type":"zap","service":"apiserver111","version":"v2.0.0","environment":"development","branch":"feature/v2-log"}
{"level":"debug","ts":"2025-08-23T14:15:23.699+0800","caller":"app/config.go:180","func":"github.com/costa92/go-protoc/v2/pkg/app.PrintConfig","msg":"CFG: log.otlp.resource_attributes.service.name=apiserver","logger_type":"zap","service":"apiserver111","version":"v2.0.0","environment":"development","branch":"feature/v2-log"}
{"level":"debug","ts":"2025-08-23T14:15:23.699+0800","caller":"app/config.go:180","func":"github.com/costa92/go-protoc/v2/pkg/app.PrintConfig","msg":"CFG: log.otlp.endpoint=127.0.0.1:4327","logger_type":"zap","service":"apiserver111","version":"v2.0.0","environment":"development","branch":"feature/v2-log"}
{"level":"debug","ts":"2025-08-23T14:15:23.699+0800","caller":"app/config.go:180","func":"github.com/costa92/go-protoc/v2/pkg/app.PrintConfig","msg":"CFG: log.function-key=func","logger_type":"zap","service":"apiserver111","version":"v2.0.0","environment":"development","branch":"feature/v2-log"}
{"level":"debug","ts":"2025-08-23T14:15:23.699+0800","caller":"app/config.go:180","func":"github.com/costa92/go-protoc/v2/pkg/app.PrintConfig","msg":"CFG: jwt.signing-method=HS512","logger_type":"zap","service":"apiserver111","version":"v2.0.0","environment":"development","branch":"feature/v2-log"}
{"level":"debug","ts":"2025-08-23T14:15:23.699+0800","caller":"app/config.go:180","func":"github.com/costa92/go-protoc/v2/pkg/app.PrintConfig","msg":"CFG: log.disable-caller=false","logger_type":"zap","service":"apiserver111","version":"v2.0.0","environment":"development","branch":"feature/v2-log"}
{"level":"debug","ts":"2025-08-23T14:15:23.699+0800","caller":"app/config.go:180","func":"github.com/costa92/go-protoc/v2/pkg/app.PrintConfig","msg":"CFG: log.time-key=ts","logger_type":"zap","service":"apiserver111","version":"v2.0.0","environment":"development","branch":"feature/v2-log"}
{"level":"debug","ts":"2025-08-23T14:15:23.699+0800","caller":"app/config.go:180","func":"github.com/costa92/go-protoc/v2/pkg/app.PrintConfig","msg":"CFG: sentry.environment=development","logger_type":"zap","service":"apiserver111","version":"v2.0.0","environment":"development","branch":"feature/v2-log"}
{"level":"debug","ts":"2025-08-23T14:15:23.699+0800","caller":"app/config.go:180","func":"github.com/costa92/go-protoc/v2/pkg/app.PrintConfig","msg":"CFG: sentry.traces-sample-rate=0.1","logger_type":"zap","service":"apiserver111","version":"v2.0.0","environment":"development","branch":"feature/v2-log"}
{"level":"debug","ts":"2025-08-23T14:15:23.699+0800","caller":"app/config.go:180","func":"github.com/costa92/go-protoc/v2/pkg/app.PrintConfig","msg":"CFG: log.encoder-config.message-key=msg","logger_type":"zap","service":"apiserver111","version":"v2.0.0","environment":"development","branch":"feature/v2-log"}
{"level":"debug","ts":"2025-08-23T14:15:23.699+0800","caller":"app/config.go:180","func":"github.com/costa92/go-protoc/v2/pkg/app.PrintConfig","msg":"CFG: log.victoria-logs.environment=development","logger_type":"zap","service":"apiserver111","version":"v2.0.0","environment":"development","branch":"feature/v2-log"}
{"level":"debug","ts":"2025-08-23T14:15:23.699+0800","caller":"app/config.go:180","func":"github.com/costa92/go-protoc/v2/pkg/app.PrintConfig","msg":"CFG: log.type=zap","logger_type":"zap","service":"apiserver111","version":"v2.0.0","environment":"development","branch":"feature/v2-log"}
{"level":"debug","ts":"2025-08-23T14:15:23.699+0800","caller":"app/config.go:180","func":"github.com/costa92/go-protoc/v2/pkg/app.PrintConfig","msg":"CFG: log.encoding=json","logger_type":"zap","service":"apiserver111","version":"v2.0.0","environment":"development","branch":"feature/v2-log"}
{"level":"debug","ts":"2025-08-23T14:15:23.699+0800","caller":"app/config.go:180","func":"github.com/costa92/go-protoc/v2/pkg/app.PrintConfig","msg":"CFG: jwt.expired=2h","logger_type":"zap","service":"apiserver111","version":"v2.0.0","environment":"development","branch":"feature/v2-log"}
{"level":"debug","ts":"2025-08-23T14:15:23.699+0800","caller":"app/config.go:180","func":"github.com/costa92/go-protoc/v2/pkg/app.PrintConfig","msg":"CFG: log.victoria-logs.flush-interval=5","logger_type":"zap","service":"apiserver111","version":"v2.0.0","environment":"development","branch":"feature/v2-log"}
{"level":"debug","ts":"2025-08-23T14:15:23.699+0800","caller":"app/config.go:180","func":"github.com/costa92/go-protoc/v2/pkg/app.PrintConfig","msg":"CFG: pool-monitor.collect-interval=30s","logger_type":"zap","service":"apiserver111","version":"v2.0.0","environment":"development","branch":"feature/v2-log"}
{"level":"debug","ts":"2025-08-23T14:15:23.699+0800","caller":"app/config.go:180","func":"github.com/costa92/go-protoc/v2/pkg/app.PrintConfig","msg":"CFG: log.disable-stacktrace=false","logger_type":"zap","service":"apiserver111","version":"v2.0.0","environment":"development","branch":"feature/v2-log"}
{"level":"debug","ts":"2025-08-23T14:15:23.699+0800","caller":"app/config.go:180","func":"github.com/costa92/go-protoc/v2/pkg/app.PrintConfig","msg":"CFG: log-flush-frequency=5s","logger_type":"zap","service":"apiserver111","version":"v2.0.0","environment":"development","branch":"feature/v2-log"}
{"level":"debug","ts":"2025-08-23T14:15:23.699+0800","caller":"app/config.go:180","func":"github.com/costa92/go-protoc/v2/pkg/app.PrintConfig","msg":"CFG: sentry.max-breadcrumbs=100","logger_type":"zap","service":"apiserver111","version":"v2.0.0","environment":"development","branch":"feature/v2-log"}
{"level":"debug","ts":"2025-08-23T14:15:23.699+0800","caller":"app/config.go:180","func":"github.com/costa92/go-protoc/v2/pkg/app.PrintConfig","msg":"CFG: mysql.database=protoc","logger_type":"zap","service":"apiserver111","version":"v2.0.0","environment":"development","branch":"feature/v2-log"}
{"level":"debug","ts":"2025-08-23T14:15:23.699+0800","caller":"app/config.go:180","func":"github.com/costa92/go-protoc/v2/pkg/app.PrintConfig","msg":"CFG: redis.addr=127.0.0.1:6379","logger_type":"zap","service":"apiserver111","version":"v2.0.0","environment":"development","branch":"feature/v2-log"}
{"level":"debug","ts":"2025-08-23T14:15:23.699+0800","caller":"app/config.go:180","func":"github.com/costa92/go-protoc/v2/pkg/app.PrintConfig","msg":"CFG: jwt.key=onex(#)666","logger_type":"zap","service":"apiserver111","version":"v2.0.0","environment":"development","branch":"feature/v2-log"}
{"level":"debug","ts":"2025-08-23T14:15:23.699+0800","caller":"app/config.go:180","func":"github.com/costa92/go-protoc/v2/pkg/app.PrintConfig","msg":"CFG: log.encoder-config.function-key=func","logger_type":"zap","service":"apiserver111","version":"v2.0.0","environment":"development","branch":"feature/v2-log"}
{"level":"debug","ts":"2025-08-23T14:15:23.699+0800","caller":"app/config.go:180","func":"github.com/costa92/go-protoc/v2/pkg/app.PrintConfig","msg":"CFG: log.otlp.insecure=true","logger_type":"zap","service":"apiserver111","version":"v2.0.0","environment":"development","branch":"feature/v2-log"}
{"level":"debug","ts":"2025-08-23T14:15:23.699+0800","caller":"app/config.go:180","func":"github.com/costa92/go-protoc/v2/pkg/app.PrintConfig","msg":"CFG: log.time-encoder=iso8601","logger_type":"zap","service":"apiserver111","version":"v2.0.0","environment":"development","branch":"feature/v2-log"}
{"level":"debug","ts":"2025-08-23T14:15:23.699+0800","caller":"app/config.go:180","func":"github.com/costa92/go-protoc/v2/pkg/app.PrintConfig","msg":"CFG: grpc.network=tcp","logger_type":"zap","service":"apiserver111","version":"v2.0.0","environment":"development","branch":"feature/v2-log"}
{"level":"debug","ts":"2025-08-23T14:15:23.699+0800","caller":"app/config.go:180","func":"github.com/costa92/go-protoc/v2/pkg/app.PrintConfig","msg":"CFG: log.initial-fields.version=v2.0.0","logger_type":"zap","service":"apiserver111","version":"v2.0.0","environment":"development","branch":"feature/v2-log"}
{"level":"debug","ts":"2025-08-23T14:15:23.699+0800","caller":"app/config.go:180","func":"github.com/costa92/go-protoc/v2/pkg/app.PrintConfig","msg":"CFG: pool-monitor.namespace=apiserver","logger_type":"zap","service":"apiserver111","version":"v2.0.0","environment":"development","branch":"feature/v2-log"}
{"level":"debug","ts":"2025-08-23T14:15:23.699+0800","caller":"app/config.go:180","func":"github.com/costa92/go-protoc/v2/pkg/app.PrintConfig","msg":"CFG: pool-monitor.enabled=true","logger_type":"zap","service":"apiserver111","version":"v2.0.0","environment":"development","branch":"feature/v2-log"}
{"level":"debug","ts":"2025-08-23T14:15:23.699+0800","caller":"app/config.go:180","func":"github.com/costa92/go-protoc/v2/pkg/app.PrintConfig","msg":"CFG: jaeger.reporter-log-spans=true","logger_type":"zap","service":"apiserver111","version":"v2.0.0","environment":"development","branch":"feature/v2-log"}
{"level":"debug","ts":"2025-08-23T14:15:23.699+0800","caller":"app/config.go:180","func":"github.com/costa92/go-protoc/v2/pkg/app.PrintConfig","msg":"CFG: log.encoder-config.stacktrace-key=stacktrace","logger_type":"zap","service":"apiserver111","version":"v2.0.0","environment":"development","branch":"feature/v2-log"}
{"level":"debug","ts":"2025-08-23T14:15:23.699+0800","caller":"app/config.go:180","func":"github.com/costa92/go-protoc/v2/pkg/app.PrintConfig","msg":"CFG: log.victoria-logs.version=v2.0.0","logger_type":"zap","service":"apiserver111","version":"v2.0.0","environment":"development","branch":"feature/v2-log"}
{"level":"debug","ts":"2025-08-23T14:15:23.700+0800","caller":"app/config.go:180","func":"github.com/costa92/go-protoc/v2/pkg/app.PrintConfig","msg":"CFG: log.victoria-logs.buffer-size=1000","logger_type":"zap","service":"apiserver111","version":"v2.0.0","environment":"development","branch":"feature/v2-log"}
{"level":"debug","ts":"2025-08-23T14:15:23.700+0800","caller":"app/config.go:180","func":"github.com/costa92/go-protoc/v2/pkg/app.PrintConfig","msg":"CFG: sentry.profiles-sample-rate=0.1","logger_type":"zap","service":"apiserver111","version":"v2.0.0","environment":"development","branch":"feature/v2-log"}
{"level":"debug","ts":"2025-08-23T14:15:23.700+0800","caller":"app/config.go:180","func":"github.com/costa92/go-protoc/v2/pkg/app.PrintConfig","msg":"CFG: log.caller-encoder=short","logger_type":"zap","service":"apiserver111","version":"v2.0.0","environment":"development","branch":"feature/v2-log"}
{"level":"debug","ts":"2025-08-23T14:15:23.700+0800","caller":"app/config.go:180","func":"github.com/costa92/go-protoc/v2/pkg/app.PrintConfig","msg":"CFG: pool-monitor.database.enabled=true","logger_type":"zap","service":"apiserver111","version":"v2.0.0","environment":"development","branch":"feature/v2-log"}
{"level":"debug","ts":"2025-08-23T14:15:23.700+0800","caller":"app/config.go:180","func":"github.com/costa92/go-protoc/v2/pkg/app.PrintConfig","msg":"CFG: log.level=debug","logger_type":"zap","service":"apiserver111","version":"v2.0.0","environment":"development","branch":"feature/v2-log"}
{"level":"debug","ts":"2025-08-23T14:15:23.700+0800","caller":"app/config.go:180","func":"github.com/costa92/go-protoc/v2/pkg/app.PrintConfig","msg":"CFG: log.encoder-config.level-encoder=lowercase","logger_type":"zap","service":"apiserver111","version":"v2.0.0","environment":"development","branch":"feature/v2-log"}
{"level":"debug","ts":"2025-08-23T14:15:23.700+0800","caller":"app/config.go:180","func":"github.com/costa92/go-protoc/v2/pkg/app.PrintConfig","msg":"CFG: sentry.dsn=","logger_type":"zap","service":"apiserver111","version":"v2.0.0","environment":"development","branch":"feature/v2-log"}
{"level":"debug","ts":"2025-08-23T14:15:23.700+0800","caller":"app/config.go:180","func":"github.com/costa92/go-protoc/v2/pkg/app.PrintConfig","msg":"CFG: sentry.ignore-errors=[]","logger_type":"zap","service":"apiserver111","version":"v2.0.0","environment":"development","branch":"feature/v2-log"}
{"level":"debug","ts":"2025-08-23T14:15:23.700+0800","caller":"app/config.go:180","func":"github.com/costa92/go-protoc/v2/pkg/app.PrintConfig","msg":"CFG: mysql.username=root","logger_type":"zap","service":"apiserver111","version":"v2.0.0","environment":"development","branch":"feature/v2-log"}
{"level":"debug","ts":"2025-08-23T14:15:23.700+0800","caller":"app/config.go:180","func":"github.com/costa92/go-protoc/v2/pkg/app.PrintConfig","msg":"CFG: mysql.password=proj(#)666","logger_type":"zap","service":"apiserver111","version":"v2.0.0","environment":"development","branch":"feature/v2-log"}
{"level":"debug","ts":"2025-08-23T14:15:23.700+0800","caller":"app/config.go:180","func":"github.com/costa92/go-protoc/v2/pkg/app.PrintConfig","msg":"CFG: jaeger.sampler-type=const","logger_type":"zap","service":"apiserver111","version":"v2.0.0","environment":"development","branch":"feature/v2-log"}
{"level":"debug","ts":"2025-08-23T14:15:23.700+0800","caller":"app/config.go:180","func":"github.com/costa92/go-protoc/v2/pkg/app.PrintConfig","msg":"CFG: log.encoder-config.time-encoder=iso8601","logger_type":"zap","service":"apiserver111","version":"v2.0.0","environment":"development","branch":"feature/v2-log"}
{"level":"debug","ts":"2025-08-23T14:15:23.700+0800","caller":"app/config.go:180","func":"github.com/costa92/go-protoc/v2/pkg/app.PrintConfig","msg":"CFG: log.output-paths=[stdout logs/apiserver/app.log]","logger_type":"zap","service":"apiserver111","version":"v2.0.0","environment":"development","branch":"feature/v2-log"}
{"level":"debug","ts":"2025-08-23T14:15:23.700+0800","caller":"app/config.go:180","func":"github.com/costa92/go-protoc/v2/pkg/app.PrintConfig","msg":"CFG: log.format=json","logger_type":"zap","service":"apiserver111","version":"v2.0.0","environment":"development","branch":"feature/v2-log"}
{"level":"debug","ts":"2025-08-23T14:15:23.700+0800","caller":"app/config.go:180","func":"github.com/costa92/go-protoc/v2/pkg/app.PrintConfig","msg":"CFG: mysql.host=127.0.0.1","logger_type":"zap","service":"apiserver111","version":"v2.0.0","environment":"development","branch":"feature/v2-log"}
{"level":"debug","ts":"2025-08-23T14:15:23.700+0800","caller":"app/config.go:180","func":"github.com/costa92/go-protoc/v2/pkg/app.PrintConfig","msg":"CFG: log.encoder-config.level-key=level","logger_type":"zap","service":"apiserver111","version":"v2.0.0","environment":"development","branch":"feature/v2-log"}
{"level":"debug","ts":"2025-08-23T14:15:23.700+0800","caller":"app/config.go:180","func":"github.com/costa92/go-protoc/v2/pkg/app.PrintConfig","msg":"CFG: jaeger.server=127.0.0.1:6831","logger_type":"zap","service":"apiserver111","version":"v2.0.0","environment":"development","branch":"feature/v2-log"}
{"level":"debug","ts":"2025-08-23T14:15:23.700+0800","caller":"app/config.go:180","func":"github.com/costa92/go-protoc/v2/pkg/app.PrintConfig","msg":"CFG: redis.password=","logger_type":"zap","service":"apiserver111","version":"v2.0.0","environment":"development","branch":"feature/v2-log"}
{"level":"debug","ts":"2025-08-23T14:15:23.700+0800","caller":"app/config.go:180","func":"github.com/costa92/go-protoc/v2/pkg/app.PrintConfig","msg":"CFG: jaeger.env=development","logger_type":"zap","service":"apiserver111","version":"v2.0.0","environment":"development","branch":"feature/v2-log"}
{"level":"debug","ts":"2025-08-23T14:15:23.700+0800","caller":"app/config.go:180","func":"github.com/costa92/go-protoc/v2/pkg/app.PrintConfig","msg":"CFG: log.max-age=7","logger_type":"zap","service":"apiserver111","version":"v2.0.0","environment":"development","branch":"feature/v2-log"}
{"level":"debug","ts":"2025-08-23T14:15:23.700+0800","caller":"app/config.go:180","func":"github.com/costa92/go-protoc/v2/pkg/app.PrintConfig","msg":"CFG: log.development=false","logger_type":"zap","service":"apiserver111","version":"v2.0.0","environment":"development","branch":"feature/v2-log"}
{"level":"debug","ts":"2025-08-23T14:15:23.700+0800","caller":"app/config.go:180","func":"github.com/costa92/go-protoc/v2/pkg/app.PrintConfig","msg":"CFG: v=0","logger_type":"zap","service":"apiserver111","version":"v2.0.0","environment":"development","branch":"feature/v2-log"}
{"level":"debug","ts":"2025-08-23T14:15:23.700+0800","caller":"app/config.go:180","func":"github.com/costa92/go-protoc/v2/pkg/app.PrintConfig","msg":"CFG: log.message-key=msg","logger_type":"zap","service":"apiserver111","version":"v2.0.0","environment":"development","branch":"feature/v2-log"}
{"level":"debug","ts":"2025-08-23T14:15:23.700+0800","caller":"app/config.go:180","func":"github.com/costa92/go-protoc/v2/pkg/app.PrintConfig","msg":"CFG: redis.min-idle-conns=0","logger_type":"zap","service":"apiserver111","version":"v2.0.0","environment":"development","branch":"feature/v2-log"}
{"level":"debug","ts":"2025-08-23T14:15:23.700+0800","caller":"app/config.go:180","func":"github.com/costa92/go-protoc/v2/pkg/app.PrintConfig","msg":"CFG: redis.read-timeout=3s","logger_type":"zap","service":"apiserver111","version":"v2.0.0","environment":"development","branch":"feature/v2-log"}
{"level":"debug","ts":"2025-08-23T14:15:23.700+0800","caller":"app/config.go:180","func":"github.com/costa92/go-protoc/v2/pkg/app.PrintConfig","msg":"CFG: log.otlp.timeout=10s","logger_type":"zap","service":"apiserver111","version":"v2.0.0","environment":"development","branch":"feature/v2-log"}
{"level":"debug","ts":"2025-08-23T14:15:23.700+0800","caller":"app/config.go:180","func":"github.com/costa92/go-protoc/v2/pkg/app.PrintConfig","msg":"CFG: vmodule=","logger_type":"zap","service":"apiserver111","version":"v2.0.0","environment":"development","branch":"feature/v2-log"}
{"level":"debug","ts":"2025-08-23T14:15:23.700+0800","caller":"app/config.go:180","func":"github.com/costa92/go-protoc/v2/pkg/app.PrintConfig","msg":"CFG: mysql.log-mode=1","logger_type":"zap","service":"apiserver111","version":"v2.0.0","environment":"development","branch":"feature/v2-log"}
{"level":"debug","ts":"2025-08-23T14:15:23.700+0800","caller":"app/config.go:180","func":"github.com/costa92/go-protoc/v2/pkg/app.PrintConfig","msg":"CFG: log.caller-skip=1","logger_type":"zap","service":"apiserver111","version":"v2.0.0","environment":"development","branch":"feature/v2-log"}
{"level":"debug","ts":"2025-08-23T14:15:23.700+0800","caller":"app/config.go:180","func":"github.com/costa92/go-protoc/v2/pkg/app.PrintConfig","msg":"CFG: log.initial-fields.service=apiserver111","logger_type":"zap","service":"apiserver111","version":"v2.0.0","environment":"development","branch":"feature/v2-log"}
{"level":"debug","ts":"2025-08-23T14:15:23.700+0800","caller":"app/config.go:180","func":"github.com/costa92/go-protoc/v2/pkg/app.PrintConfig","msg":"CFG: log.victoria-logs.service=apiserver","logger_type":"zap","service":"apiserver111","version":"v2.0.0","environment":"development","branch":"feature/v2-log"}
{"level":"debug","ts":"2025-08-23T14:15:23.700+0800","caller":"app/config.go:180","func":"github.com/costa92/go-protoc/v2/pkg/app.PrintConfig","msg":"CFG: mysql.enable-trace=true","logger_type":"zap","service":"apiserver111","version":"v2.0.0","environment":"development","branch":"feature/v2-log"}
{"level":"debug","ts":"2025-08-23T14:15:23.700+0800","caller":"app/config.go:180","func":"github.com/costa92/go-protoc/v2/pkg/app.PrintConfig","msg":"CFG: log.max-backups=5","logger_type":"zap","service":"apiserver111","version":"v2.0.0","environment":"development","branch":"feature/v2-log"}
{"level":"debug","ts":"2025-08-23T14:15:23.700+0800","caller":"app/config.go:180","func":"github.com/costa92/go-protoc/v2/pkg/app.PrintConfig","msg":"CFG: log.encoder-config.caller-key=caller","logger_type":"zap","service":"apiserver111","version":"v2.0.0","environment":"development","branch":"feature/v2-log"}
{"level":"debug","ts":"2025-08-23T14:15:23.700+0800","caller":"app/config.go:180","func":"github.com/costa92/go-protoc/v2/pkg/app.PrintConfig","msg":"CFG: log.victoria-logs.batch-size=100","logger_type":"zap","service":"apiserver111","version":"v2.0.0","environment":"development","branch":"feature/v2-log"}
{"level":"debug","ts":"2025-08-23T14:15:23.700+0800","caller":"app/config.go:180","func":"github.com/costa92/go-protoc/v2/pkg/app.PrintConfig","msg":"CFG: log.compress=true","logger_type":"zap","service":"apiserver111","version":"v2.0.0","environment":"development","branch":"feature/v2-log"}
{"level":"debug","ts":"2025-08-23T14:15:23.700+0800","caller":"app/config.go:180","func":"github.com/costa92/go-protoc/v2/pkg/app.PrintConfig","msg":"CFG: pool-monitor.redis.enabled=true","logger_type":"zap","service":"apiserver111","version":"v2.0.0","environment":"development","branch":"feature/v2-log"}
{"level":"debug","ts":"2025-08-23T14:15:23.700+0800","caller":"app/config.go:180","func":"github.com/costa92/go-protoc/v2/pkg/app.PrintConfig","msg":"CFG: jaeger.agent-port=6831","logger_type":"zap","service":"apiserver111","version":"v2.0.0","environment":"development","branch":"feature/v2-log"}
{"level":"debug","ts":"2025-08-23T14:15:23.700+0800","caller":"app/config.go:180","func":"github.com/costa92/go-protoc/v2/pkg/app.PrintConfig","msg":"CFG: log.victoria-logs.timeout=10","logger_type":"zap","service":"apiserver111","version":"v2.0.0","environment":"development","branch":"feature/v2-log"}
{"level":"debug","ts":"2025-08-23T14:15:23.700+0800","caller":"app/config.go:180","func":"github.com/costa92/go-protoc/v2/pkg/app.PrintConfig","msg":"CFG: sentry.enable-tracing=true","logger_type":"zap","service":"apiserver111","version":"v2.0.0","environment":"development","branch":"feature/v2-log"}
{"level":"debug","ts":"2025-08-23T14:15:23.700+0800","caller":"app/config.go:180","func":"github.com/costa92/go-protoc/v2/pkg/app.PrintConfig","msg":"CFG: sentry.flush-timeout=5s","logger_type":"zap","service":"apiserver111","version":"v2.0.0","environment":"development","branch":"feature/v2-log"}
{"level":"debug","ts":"2025-08-23T14:15:23.700+0800","caller":"app/config.go:180","func":"github.com/costa92/go-protoc/v2/pkg/app.PrintConfig","msg":"CFG: log.otlp.resource_attributes.deployment.environment=development","logger_type":"zap","service":"apiserver111","version":"v2.0.0","environment":"development","branch":"feature/v2-log"}
{"level":"debug","ts":"2025-08-23T14:15:23.700+0800","caller":"app/config.go:180","func":"github.com/costa92/go-protoc/v2/pkg/app.PrintConfig","msg":"CFG: log.initial-fields.environment=development","logger_type":"zap","service":"apiserver111","version":"v2.0.0","environment":"development","branch":"feature/v2-log"}
{"level":"debug","ts":"2025-08-23T14:15:23.700+0800","caller":"app/config.go:180","func":"github.com/costa92/go-protoc/v2/pkg/app.PrintConfig","msg":"CFG: jaeger.sampler-param=1","logger_type":"zap","service":"apiserver111","version":"v2.0.0","environment":"development","branch":"feature/v2-log"}
{"level":"debug","ts":"2025-08-23T14:15:23.700+0800","caller":"app/config.go:180","func":"github.com/costa92/go-protoc/v2/pkg/app.PrintConfig","msg":"CFG: http.network=tcp","logger_type":"zap","service":"apiserver111","version":"v2.0.0","environment":"development","branch":"feature/v2-log"}
{"level":"debug","ts":"2025-08-23T14:15:23.700+0800","caller":"app/config.go:180","func":"github.com/costa92/go-protoc/v2/pkg/app.PrintConfig","msg":"CFG: mysql.log-level=1","logger_type":"zap","service":"apiserver111","version":"v2.0.0","environment":"development","branch":"feature/v2-log"}
{"level":"debug","ts":"2025-08-23T14:15:23.700+0800","caller":"app/config.go:180","func":"github.com/costa92/go-protoc/v2/pkg/app.PrintConfig","msg":"CFG: config=configs/apiserver.yaml","logger_type":"zap","service":"apiserver111","version":"v2.0.0","environment":"development","branch":"feature/v2-log"}
{"level":"debug","ts":"2025-08-23T14:15:23.700+0800","caller":"app/config.go:180","func":"github.com/costa92/go-protoc/v2/pkg/app.PrintConfig","msg":"CFG: version=false","logger_type":"zap","service":"apiserver111","version":"v2.0.0","environment":"development","branch":"feature/v2-log"}
{"level":"debug","ts":"2025-08-23T14:15:23.700+0800","caller":"app/config.go:180","func":"github.com/costa92/go-protoc/v2/pkg/app.PrintConfig","msg":"CFG: redis.dial-timeout=5s","logger_type":"zap","service":"apiserver111","version":"v2.0.0","environment":"development","branch":"feature/v2-log"}
{"level":"debug","ts":"2025-08-23T14:15:23.700+0800","caller":"app/config.go:180","func":"github.com/costa92/go-protoc/v2/pkg/app.PrintConfig","msg":"CFG: grpc.timeout=10s","logger_type":"zap","service":"apiserver111","version":"v2.0.0","environment":"development","branch":"feature/v2-log"}
{"level":"debug","ts":"2025-08-23T14:15:23.700+0800","caller":"app/config.go:180","func":"github.com/costa92/go-protoc/v2/pkg/app.PrintConfig","msg":"CFG: help=false","logger_type":"zap","service":"apiserver111","version":"v2.0.0","environment":"development","branch":"feature/v2-log"}
{"level":"debug","ts":"2025-08-23T14:15:23.700+0800","caller":"app/config.go:180","func":"github.com/costa92/go-protoc/v2/pkg/app.PrintConfig","msg":"CFG: log.encoder-config.caller-encoder=short","logger_type":"zap","service":"apiserver111","version":"v2.0.0","environment":"development","branch":"feature/v2-log"}
{"level":"debug","ts":"2025-08-23T14:15:23.700+0800","caller":"app/config.go:180","func":"github.com/costa92/go-protoc/v2/pkg/app.PrintConfig","msg":"CFG: log.disable-function-at-info=true","logger_type":"zap","service":"apiserver111","version":"v2.0.0","environment":"development","branch":"feature/v2-log"}
{"level":"debug","ts":"2025-08-23T14:15:23.700+0800","caller":"app/config.go:180","func":"github.com/costa92/go-protoc/v2/pkg/app.PrintConfig","msg":"CFG: http.timeout=10s","logger_type":"zap","service":"apiserver111","version":"v2.0.0","environment":"development","branch":"feature/v2-log"}
{"level":"debug","ts":"2025-08-23T14:15:23.700+0800","caller":"app/config.go:180","func":"github.com/costa92/go-protoc/v2/pkg/app.PrintConfig","msg":"CFG: redis.pool-size=10","logger_type":"zap","service":"apiserver111","version":"v2.0.0","environment":"development","branch":"feature/v2-log"}
{"level":"debug","ts":"2025-08-23T14:15:23.700+0800","caller":"app/config.go:180","func":"github.com/costa92/go-protoc/v2/pkg/app.PrintConfig","msg":"CFG: mysql.max-idle-connections=100","logger_type":"zap","service":"apiserver111","version":"v2.0.0","environment":"development","branch":"feature/v2-log"}
{"level":"debug","ts":"2025-08-23T14:15:23.700+0800","caller":"app/config.go:180","func":"github.com/costa92/go-protoc/v2/pkg/app.PrintConfig","msg":"CFG: log.otlp.resource_attributes.service.namespace=go-protoc","logger_type":"zap","service":"apiserver111","version":"v2.0.0","environment":"development","branch":"feature/v2-log"}
{"level":"debug","ts":"2025-08-23T14:15:23.700+0800","caller":"app/config.go:180","func":"github.com/costa92/go-protoc/v2/pkg/app.PrintConfig","msg":"CFG: sentry.server-name=","logger_type":"zap","service":"apiserver111","version":"v2.0.0","environment":"development","branch":"feature/v2-log"}
{"level":"debug","ts":"2025-08-23T14:15:23.701+0800","caller":"app/config.go:180","func":"github.com/costa92/go-protoc/v2/pkg/app.PrintConfig","msg":"CFG: redis.username=","logger_type":"zap","service":"apiserver111","version":"v2.0.0","environment":"development","branch":"feature/v2-log"}
{"level":"debug","ts":"2025-08-23T14:15:23.701+0800","caller":"app/config.go:180","func":"github.com/costa92/go-protoc/v2/pkg/app.PrintConfig","msg":"CFG: sentry.attach-stacktrace=true","logger_type":"zap","service":"apiserver111","version":"v2.0.0","environment":"development","branch":"feature/v2-log"}
{"level":"debug","ts":"2025-08-23T14:15:23.701+0800","caller":"app/config.go:180","func":"github.com/costa92/go-protoc/v2/pkg/app.PrintConfig","msg":"CFG: log.enable-color=false","logger_type":"zap","service":"apiserver111","version":"v2.0.0","environment":"development","branch":"feature/v2-log"}
{"level":"debug","ts":"2025-08-23T14:15:23.701+0800","caller":"app/config.go:180","func":"github.com/costa92/go-protoc/v2/pkg/app.PrintConfig","msg":"CFG: grpc.addr=0.0.0.0:9090","logger_type":"zap","service":"apiserver111","version":"v2.0.0","environment":"development","branch":"feature/v2-log"}
{"level":"info","ts":"2025-08-23T14:15:23.701+0800","caller":"app/server.go:67","msg":"Connection pool metrics collection is enabled through dependency injection"}
{"level":"info","ts":"2025-08-23T14:15:23.701+0800","caller":"app/server.go:68","msg":"Metrics will be automatically collected by the PoolMonitor when database connections are established"}
{"level":"info","ts":"2025-08-23T14:15:23.701+0800","caller":"app/server.go:71","msg":"Database pool monitoring enabled","slow_query_threshold":1000,"collect_interval":30000}
{"level":"info","ts":"2025-08-23T14:15:23.701+0800","caller":"app/server.go:77","msg":"Redis pool monitoring enabled","collect_interval":30000}
{"level":"info","ts":"2025-08-23T14:15:23.701+0800","caller":"apiserver/server.go:66","msg":"Initializing API server","service":"apiserver","version":"cd03a2b-dirty","branch":"feature/v2-log","commit":"cd03a2ba","build_date":"2025-08-23T06:15:15Z","go_version":"go1.25.0"}
{"level":"info","ts":"2025-08-23T14:15:23.701+0800","caller":"apiserver/server.go:78","msg":"Logger configuration","level":"debug","format":"json"}
{"level":"debug","ts":"2025-08-23T14:15:23.701+0800","caller":"apiserver/server.go:79","func":"github.com/costa92/go-protoc/v2/internal/apiserver.(*Config).NewServer","msg":"Debug logging enabled","logger_type":"zap","service":"apiserver111","version":"v2.0.0","environment":"development","branch":"feature/v2-log","caller_skip":2,"enable_color":false}
{"level":"info","ts":"2025-08-23T14:15:23.701+0800","caller":"apiserver/server.go:83","msg":"Validating service connections before startup..."}
{"level":"info","ts":"2025-08-23T14:15:23.701+0800","caller":"apiserver/server.go:87","msg":"Testing MySQL connection..."}
{"level":"info","ts":"2025-08-23T14:15:23.709+0800","caller":"apiserver/server.go:92","msg":"MySQL connection test passed"}
{"level":"info","ts":"2025-08-23T14:15:23.710+0800","caller":"apiserver/server.go:97","msg":"Testing Redis connection..."}
{"level":"info","ts":"2025-08-23T14:15:23.714+0800","caller":"apiserver/server.go:102","msg":"Redis connection test passed"}
{"level":"info","ts":"2025-08-23T14:15:23.714+0800","caller":"apiserver/server.go:107","msg":"Testing Jaeger connection..."}
{"level":"info","ts":"2025-08-23T14:15:23.714+0800","caller":"apiserver/server.go:112","msg":"Jaeger connection test passed"}
{"level":"info","ts":"2025-08-23T14:15:23.714+0800","caller":"apiserver/server.go:115","msg":"All service connections validated successfully"}
{"level":"info","ts":"2025-08-23T14:15:23.815+0800","caller":"server/kratos_server.go:47","msg":"Start to listening the incoming requests","protocol":"kratos"}
{"level":"fatal","ts":"2025-08-23T14:15:23.815+0800","caller":"server/kratos_server.go:49","func":"github.com/costa92/go-protoc/v2/pkg/server.(*KratosServer).RunOrDie","msg":"Failed to serve kratos application","logger_type":"zap","service":"apiserver111","version":"v2.0.0","environment":"development","branch":"feature/v2-log","err":"listen tcp 0.0.0.0:9090: bind: address already in use","stacktrace":"github.com/costa92/go-protoc/v2/pkg/server.(*KratosServer).RunOrDie\n\t/Users/costalong/code/go/src/github.com/costa92/go-protoc/pkg/server/kratos_server.go:49"}
{"level":"info","ts":"2025-08-23T14:15:30.969+0800","caller":"server/server.go:29","msg":"Shutting down server...","service":"apiserver","version":"cd03a2b-dirty"}
{"level":"info","ts":"2025-08-23T14:15:30.969+0800","caller":"server/kratos_server.go:54","msg":"Gracefully stop kratos application"}
{"level":"info","ts":"2025-08-23T14:15:30.969+0800","caller":"server/server.go:40","msg":"Server exited successfully.","service":"apiserver","version":"cd03a2b-dirty"}
{"level":"info","ts":"2025-08-23T14:16:20.426+0800","caller":"app/config.go:171","msg":"Logger reinitialized from configuration file","level":"debug","format":"json","service":"apiserver"}
{"level":"info","ts":"2025-08-23T14:16:56.132+0800","caller":"app/config.go:171","msg":"Logger reinitialized from configuration file","level":"debug","format":"json","service":"apiserver"}
{"level":"info","ts":"2025-08-23T14:16:56.134+0800","caller":"app/app.go:349","msg":"Logger context extractors configured","extractors":2}
{"level":"info","ts":"2025-08-23T14:16:56.134+0800","caller":"app/app.go:354","msg":"Final logger configuration applied","service":"apiserver","version":"cd03a2b-dirty","branch":"feature/v2-log"}
{"level":"info","ts":"2025-08-23T14:16:56.134+0800","caller":"app/app.go:308","msg":"Starting application","name":"apiserver","version":"{\"gitVersion\":\"cd03a2b-dirty\",\"gitCommit\":\"cd03a2bae2065c9d493c5f60441c24aacb13b175\",\"gitTreeState\":\"\",\"gitBranch\":\"feature/v2-log\",\"buildDate\":\"2025-08-23T06:16:48Z\",\"serviceName\":\"apiserver\",\"goVersion\":\"go1.25.0\",\"compiler\":\"gc\",\"platform\":\"darwin/arm64\"}"}
{"level":"info","ts":"2025-08-23T14:16:56.134+0800","caller":"app/app.go:309","msg":"Golang settings","GOGC":"","GOMAXPROCS":"","GOTRACEBACK":""}
{"level":"debug","ts":"2025-08-23T14:16:56.134+0800","caller":"app/config.go:180","func":"github.com/costa92/go-protoc/v2/pkg/app.PrintConfig","msg":"CFG: sentry.dsn=","service":"apiserver111","logger_type":"zap","version":"v2.0.0","environment":"development","branch":"feature/v2-log"}
{"level":"debug","ts":"2025-08-23T14:16:56.134+0800","caller":"app/config.go:180","func":"github.com/costa92/go-protoc/v2/pkg/app.PrintConfig","msg":"CFG: sentry.profiles-sample-rate=0.1","service":"apiserver111","logger_type":"zap","version":"v2.0.0","environment":"development","branch":"feature/v2-log"}
{"level":"debug","ts":"2025-08-23T14:16:56.134+0800","caller":"app/config.go:180","func":"github.com/costa92/go-protoc/v2/pkg/app.PrintConfig","msg":"CFG: log.encoder-config.time-key=ts","service":"apiserver111","logger_type":"zap","version":"v2.0.0","environment":"development","branch":"feature/v2-log"}
{"level":"debug","ts":"2025-08-23T14:16:56.134+0800","caller":"app/config.go:180","func":"github.com/costa92/go-protoc/v2/pkg/app.PrintConfig","msg":"CFG: log.encoder-config.stacktrace-key=stacktrace","service":"apiserver111","logger_type":"zap","version":"v2.0.0","environment":"development","branch":"feature/v2-log"}
{"level":"debug","ts":"2025-08-23T14:16:56.134+0800","caller":"app/config.go:180","func":"github.com/costa92/go-protoc/v2/pkg/app.PrintConfig","msg":"CFG: log.victoria-logs.flush-interval=5","service":"apiserver111","logger_type":"zap","version":"v2.0.0","environment":"development","branch":"feature/v2-log"}
{"level":"debug","ts":"2025-08-23T14:16:56.134+0800","caller":"app/config.go:180","func":"github.com/costa92/go-protoc/v2/pkg/app.PrintConfig","msg":"CFG: sentry.traces-sample-rate=0.1","service":"apiserver111","logger_type":"zap","version":"v2.0.0","environment":"development","branch":"feature/v2-log"}
{"level":"debug","ts":"2025-08-23T14:16:56.134+0800","caller":"app/config.go:180","func":"github.com/costa92/go-protoc/v2/pkg/app.PrintConfig","msg":"CFG: redis.enable-trace=true","service":"apiserver111","logger_type":"zap","version":"v2.0.0","environment":"development","branch":"feature/v2-log"}
{"level":"debug","ts":"2025-08-23T14:16:56.134+0800","caller":"app/config.go:180","func":"github.com/costa92/go-protoc/v2/pkg/app.PrintConfig","msg":"CFG: sentry.attach-stacktrace=true","service":"apiserver111","logger_type":"zap","version":"v2.0.0","environment":"development","branch":"feature/v2-log"}
{"level":"debug","ts":"2025-08-23T14:16:56.134+0800","caller":"app/config.go:180","func":"github.com/costa92/go-protoc/v2/pkg/app.PrintConfig","msg":"CFG: pool-monitor.collect-interval=30s","service":"apiserver111","logger_type":"zap","version":"v2.0.0","environment":"development","branch":"feature/v2-log"}
{"level":"debug","ts":"2025-08-23T14:16:56.134+0800","caller":"app/config.go:180","func":"github.com/costa92/go-protoc/v2/pkg/app.PrintConfig","msg":"CFG: redis.max-retries=3","service":"apiserver111","logger_type":"zap","version":"v2.0.0","environment":"development","branch":"feature/v2-log"}
{"level":"debug","ts":"2025-08-23T14:16:56.135+0800","caller":"app/config.go:180","func":"github.com/costa92/go-protoc/v2/pkg/app.PrintConfig","msg":"CFG: log.otlp.insecure=true","service":"apiserver111","logger_type":"zap","version":"v2.0.0","environment":"development","branch":"feature/v2-log"}
{"level":"debug","ts":"2025-08-23T14:16:56.135+0800","caller":"app/config.go:180","func":"github.com/costa92/go-protoc/v2/pkg/app.PrintConfig","msg":"CFG: sentry.send-default-pii=false","service":"apiserver111","logger_type":"zap","version":"v2.0.0","environment":"development","branch":"feature/v2-log"}
{"level":"debug","ts":"2025-08-23T14:16:56.135+0800","caller":"app/config.go:180","func":"github.com/costa92/go-protoc/v2/pkg/app.PrintConfig","msg":"CFG: version=false","service":"apiserver111","logger_type":"zap","version":"v2.0.0","environment":"development","branch":"feature/v2-log"}
{"level":"debug","ts":"2025-08-23T14:16:56.135+0800","caller":"app/config.go:180","func":"github.com/costa92/go-protoc/v2/pkg/app.PrintConfig","msg":"CFG: mysql.username=root","service":"apiserver111","logger_type":"zap","version":"v2.0.0","environment":"development","branch":"feature/v2-log"}
{"level":"debug","ts":"2025-08-23T14:16:56.135+0800","caller":"app/config.go:180","func":"github.com/costa92/go-protoc/v2/pkg/app.PrintConfig","msg":"CFG: jaeger.agent-host=127.0.0.1","service":"apiserver111","logger_type":"zap","version":"v2.0.0","environment":"development","branch":"feature/v2-log"}
{"level":"debug","ts":"2025-08-23T14:16:56.135+0800","caller":"app/config.go:180","func":"github.com/costa92/go-protoc/v2/pkg/app.PrintConfig","msg":"CFG: log.encoder-config.level-key=level","service":"apiserver111","logger_type":"zap","version":"v2.0.0","environment":"development","branch":"feature/v2-log"}
{"level":"debug","ts":"2025-08-23T14:16:56.135+0800","caller":"app/config.go:180","func":"github.com/costa92/go-protoc/v2/pkg/app.PrintConfig","msg":"CFG: log.otlp.export_timeout=30s","service":"apiserver111","logger_type":"zap","version":"v2.0.0","environment":"development","branch":"feature/v2-log"}
{"level":"debug","ts":"2025-08-23T14:16:56.135+0800","caller":"app/config.go:180","func":"github.com/costa92/go-protoc/v2/pkg/app.PrintConfig","msg":"CFG: sentry.debug=false","service":"apiserver111","logger_type":"zap","version":"v2.0.0","environment":"development","branch":"feature/v2-log"}
{"level":"debug","ts":"2025-08-23T14:16:56.135+0800","caller":"app/config.go:180","func":"github.com/costa92/go-protoc/v2/pkg/app.PrintConfig","msg":"CFG: redis.pool-size=10","service":"apiserver111","logger_type":"zap","version":"v2.0.0","environment":"development","branch":"feature/v2-log"}
{"level":"debug","ts":"2025-08-23T14:16:56.135+0800","caller":"app/config.go:180","func":"github.com/costa92/go-protoc/v2/pkg/app.PrintConfig","msg":"CFG: sentry.max-breadcrumbs=100","service":"apiserver111","logger_type":"zap","version":"v2.0.0","environment":"development","branch":"feature/v2-log"}
{"level":"debug","ts":"2025-08-23T14:16:56.135+0800","caller":"app/config.go:180","func":"github.com/costa92/go-protoc/v2/pkg/app.PrintConfig","msg":"CFG: log.type=zap","service":"apiserver111","logger_type":"zap","version":"v2.0.0","environment":"development","branch":"feature/v2-log"}
{"level":"debug","ts":"2025-08-23T14:16:56.135+0800","caller":"app/config.go:180","func":"github.com/costa92/go-protoc/v2/pkg/app.PrintConfig","msg":"CFG: jwt.max-refresh=2h","service":"apiserver111","logger_type":"zap","version":"v2.0.0","environment":"development","branch":"feature/v2-log"}
{"level":"debug","ts":"2025-08-23T14:16:56.135+0800","caller":"app/config.go:180","func":"github.com/costa92/go-protoc/v2/pkg/app.PrintConfig","msg":"CFG: mysql.max-idle-connections=100","service":"apiserver111","logger_type":"zap","version":"v2.0.0","environment":"development","branch":"feature/v2-log"}
{"level":"debug","ts":"2025-08-23T14:16:56.135+0800","caller":"app/config.go:180","func":"github.com/costa92/go-protoc/v2/pkg/app.PrintConfig","msg":"CFG: sentry.flush-timeout=5s","service":"apiserver111","logger_type":"zap","version":"v2.0.0","environment":"development","branch":"feature/v2-log"}
{"level":"debug","ts":"2025-08-23T14:16:56.135+0800","caller":"app/config.go:180","func":"github.com/costa92/go-protoc/v2/pkg/app.PrintConfig","msg":"CFG: log.caller-key=caller","service":"apiserver111","logger_type":"zap","version":"v2.0.0","environment":"development","branch":"feature/v2-log"}
{"level":"debug","ts":"2025-08-23T14:16:56.135+0800","caller":"app/config.go:180","func":"github.com/costa92/go-protoc/v2/pkg/app.PrintConfig","msg":"CFG: redis.read-timeout=3s","service":"apiserver111","logger_type":"zap","version":"v2.0.0","environment":"development","branch":"feature/v2-log"}
{"level":"debug","ts":"2025-08-23T14:16:56.135+0800","caller":"app/config.go:180","func":"github.com/costa92/go-protoc/v2/pkg/app.PrintConfig","msg":"CFG: log.initial-fields.version=v2.0.0","service":"apiserver111","logger_type":"zap","version":"v2.0.0","environment":"development","branch":"feature/v2-log"}
{"level":"debug","ts":"2025-08-23T14:16:56.135+0800","caller":"app/config.go:180","func":"github.com/costa92/go-protoc/v2/pkg/app.PrintConfig","msg":"CFG: log.stacktrace-key=stacktrace","service":"apiserver111","logger_type":"zap","version":"v2.0.0","environment":"development","branch":"feature/v2-log"}
{"level":"debug","ts":"2025-08-23T14:16:56.135+0800","caller":"app/config.go:180","func":"github.com/costa92/go-protoc/v2/pkg/app.PrintConfig","msg":"CFG: log.level-encoder=lowercase","service":"apiserver111","logger_type":"zap","version":"v2.0.0","environment":"development","branch":"feature/v2-log"}
{"level":"debug","ts":"2025-08-23T14:16:56.135+0800","caller":"app/config.go:180","func":"github.com/costa92/go-protoc/v2/pkg/app.PrintConfig","msg":"CFG: mysql.max-connection-life-time=10s","service":"apiserver111","logger_type":"zap","version":"v2.0.0","environment":"development","branch":"feature/v2-log"}
{"level":"debug","ts":"2025-08-23T14:16:56.136+0800","caller":"app/config.go:180","func":"github.com/costa92/go-protoc/v2/pkg/app.PrintConfig","msg":"CFG: log.level=debug","service":"apiserver111","logger_type":"zap","version":"v2.0.0","environment":"development","branch":"feature/v2-log"}
{"level":"debug","ts":"2025-08-23T14:16:56.136+0800","caller":"app/config.go:180","func":"github.com/costa92/go-protoc/v2/pkg/app.PrintConfig","msg":"CFG: log.encoder-config.message-key=msg","service":"apiserver111","logger_type":"zap","version":"v2.0.0","environment":"development","branch":"feature/v2-log"}
{"level":"debug","ts":"2025-08-23T14:16:56.136+0800","caller":"app/config.go:180","func":"github.com/costa92/go-protoc/v2/pkg/app.PrintConfig","msg":"CFG: v=0","service":"apiserver111","logger_type":"zap","version":"v2.0.0","environment":"development","branch":"feature/v2-log"}
{"level":"debug","ts":"2025-08-23T14:16:56.136+0800","caller":"app/config.go:180","func":"github.com/costa92/go-protoc/v2/pkg/app.PrintConfig","msg":"CFG: jaeger.env=development","service":"apiserver111","logger_type":"zap","version":"v2.0.0","environment":"development","branch":"feature/v2-log"}
{"level":"debug","ts":"2025-08-23T14:16:56.136+0800","caller":"app/config.go:180","func":"github.com/costa92/go-protoc/v2/pkg/app.PrintConfig","msg":"CFG: log.level-key=level","service":"apiserver111","logger_type":"zap","version":"v2.0.0","environment":"development","branch":"feature/v2-log"}
{"level":"debug","ts":"2025-08-23T14:16:56.136+0800","caller":"app/config.go:180","func":"github.com/costa92/go-protoc/v2/pkg/app.PrintConfig","msg":"CFG: log.encoder-config.caller-key=caller","service":"apiserver111","logger_type":"zap","version":"v2.0.0","environment":"development","branch":"feature/v2-log"}
{"level":"debug","ts":"2025-08-23T14:16:56.136+0800","caller":"app/config.go:180","func":"github.com/costa92/go-protoc/v2/pkg/app.PrintConfig","msg":"CFG: log.otlp.resource_attributes.service.name=apiserver","service":"apiserver111","logger_type":"zap","version":"v2.0.0","environment":"development","branch":"feature/v2-log"}
{"level":"debug","ts":"2025-08-23T14:16:56.136+0800","caller":"app/config.go:180","func":"github.com/costa92/go-protoc/v2/pkg/app.PrintConfig","msg":"CFG: log.enable-color=false","service":"apiserver111","logger_type":"zap","version":"v2.0.0","environment":"development","branch":"feature/v2-log"}
{"level":"debug","ts":"2025-08-23T14:16:56.136+0800","caller":"app/config.go:180","func":"github.com/costa92/go-protoc/v2/pkg/app.PrintConfig","msg":"CFG: log.otlp.resource_attributes.service.namespace=go-protoc","service":"apiserver111","logger_type":"zap","version":"v2.0.0","environment":"development","branch":"feature/v2-log"}
{"level":"debug","ts":"2025-08-23T14:16:56.136+0800","caller":"app/config.go:180","func":"github.com/costa92/go-protoc/v2/pkg/app.PrintConfig","msg":"CFG: log.function-key=func","service":"apiserver111","logger_type":"zap","version":"v2.0.0","environment":"development","branch":"feature/v2-log"}
{"level":"debug","ts":"2025-08-23T14:16:56.136+0800","caller":"app/config.go:180","func":"github.com/costa92/go-protoc/v2/pkg/app.PrintConfig","msg":"CFG: log.message-key=msg","service":"apiserver111","logger_type":"zap","version":"v2.0.0","environment":"development","branch":"feature/v2-log"}
{"level":"debug","ts":"2025-08-23T14:16:56.136+0800","caller":"app/config.go:180","func":"github.com/costa92/go-protoc/v2/pkg/app.PrintConfig","msg":"CFG: log.victoria-logs.environment=development","service":"apiserver111","logger_type":"zap","version":"v2.0.0","environment":"development","branch":"feature/v2-log"}
{"level":"debug","ts":"2025-08-23T14:16:56.136+0800","caller":"app/config.go:180","func":"github.com/costa92/go-protoc/v2/pkg/app.PrintConfig","msg":"CFG: log.victoria-logs.timeout=10","service":"apiserver111","logger_type":"zap","version":"v2.0.0","environment":"development","branch":"feature/v2-log"}
{"level":"debug","ts":"2025-08-23T14:16:56.136+0800","caller":"app/config.go:180","func":"github.com/costa92/go-protoc/v2/pkg/app.PrintConfig","msg":"CFG: log.error-output-paths=[stderr]","service":"apiserver111","logger_type":"zap","version":"v2.0.0","environment":"development","branch":"feature/v2-log"}
{"level":"debug","ts":"2025-08-23T14:16:56.136+0800","caller":"app/config.go:180","func":"github.com/costa92/go-protoc/v2/pkg/app.PrintConfig","msg":"CFG: log.dynamic=false","service":"apiserver111","logger_type":"zap","version":"v2.0.0","environment":"development","branch":"feature/v2-log"}
{"level":"debug","ts":"2025-08-23T14:16:56.136+0800","caller":"app/config.go:180","func":"github.com/costa92/go-protoc/v2/pkg/app.PrintConfig","msg":"CFG: log.format=json","service":"apiserver111","logger_type":"zap","version":"v2.0.0","environment":"development","branch":"feature/v2-log"}
{"level":"debug","ts":"2025-08-23T14:16:56.136+0800","caller":"app/config.go:180","func":"github.com/costa92/go-protoc/v2/pkg/app.PrintConfig","msg":"CFG: redis.pool-timeout=4s","service":"apiserver111","logger_type":"zap","version":"v2.0.0","environment":"development","branch":"feature/v2-log"}
{"level":"debug","ts":"2025-08-23T14:16:56.136+0800","caller":"app/config.go:180","func":"github.com/costa92/go-protoc/v2/pkg/app.PrintConfig","msg":"CFG: log.disable-stacktrace=false","service":"apiserver111","logger_type":"zap","version":"v2.0.0","environment":"development","branch":"feature/v2-log"}
{"level":"debug","ts":"2025-08-23T14:16:56.136+0800","caller":"app/config.go:180","func":"github.com/costa92/go-protoc/v2/pkg/app.PrintConfig","msg":"CFG: jaeger.server=127.0.0.1:6831","service":"apiserver111","logger_type":"zap","version":"v2.0.0","environment":"development","branch":"feature/v2-log"}
{"level":"debug","ts":"2025-08-23T14:16:56.136+0800","caller":"app/config.go:180","func":"github.com/costa92/go-protoc/v2/pkg/app.PrintConfig","msg":"CFG: log.otlp.timeout=10s","service":"apiserver111","logger_type":"zap","version":"v2.0.0","environment":"development","branch":"feature/v2-log"}
{"level":"debug","ts":"2025-08-23T14:16:56.136+0800","caller":"app/config.go:180","func":"github.com/costa92/go-protoc/v2/pkg/app.PrintConfig","msg":"CFG: log.otlp.resource_attributes.deployment.environment=development","service":"apiserver111","logger_type":"zap","version":"v2.0.0","environment":"development","branch":"feature/v2-log"}
{"level":"debug","ts":"2025-08-23T14:16:56.136+0800","caller":"app/config.go:180","func":"github.com/costa92/go-protoc/v2/pkg/app.PrintConfig","msg":"CFG: jaeger.service-name=apiserver","service":"apiserver111","logger_type":"zap","version":"v2.0.0","environment":"development","branch":"feature/v2-log"}
{"level":"debug","ts":"2025-08-23T14:16:56.136+0800","caller":"app/config.go:180","func":"github.com/costa92/go-protoc/v2/pkg/app.PrintConfig","msg":"CFG: sentry.server-name=","service":"apiserver111","logger_type":"zap","version":"v2.0.0","environment":"development","branch":"feature/v2-log"}
{"level":"debug","ts":"2025-08-23T14:16:56.136+0800","caller":"app/config.go:180","func":"github.com/costa92/go-protoc/v2/pkg/app.PrintConfig","msg":"CFG: log.encoder-config.caller-encoder=short","service":"apiserver111","logger_type":"zap","version":"v2.0.0","environment":"development","branch":"feature/v2-log"}
{"level":"debug","ts":"2025-08-23T14:16:56.136+0800","caller":"app/config.go:180","func":"github.com/costa92/go-protoc/v2/pkg/app.PrintConfig","msg":"CFG: log.victoria-logs.version=v2.0.0","service":"apiserver111","logger_type":"zap","version":"v2.0.0","environment":"development","branch":"feature/v2-log"}
{"level":"debug","ts":"2025-08-23T14:16:56.136+0800","caller":"app/config.go:180","func":"github.com/costa92/go-protoc/v2/pkg/app.PrintConfig","msg":"CFG: log-flush-frequency=5s","service":"apiserver111","logger_type":"zap","version":"v2.0.0","environment":"development","branch":"feature/v2-log"}
{"level":"debug","ts":"2025-08-23T14:16:56.136+0800","caller":"app/config.go:180","func":"github.com/costa92/go-protoc/v2/pkg/app.PrintConfig","msg":"CFG: grpc.timeout=10s","service":"apiserver111","logger_type":"zap","version":"v2.0.0","environment":"development","branch":"feature/v2-log"}
{"level":"debug","ts":"2025-08-23T14:16:56.136+0800","caller":"app/config.go:180","func":"github.com/costa92/go-protoc/v2/pkg/app.PrintConfig","msg":"CFG: pool-monitor.enabled=true","service":"apiserver111","logger_type":"zap","version":"v2.0.0","environment":"development","branch":"feature/v2-log"}
{"level":"debug","ts":"2025-08-23T14:16:56.136+0800","caller":"app/config.go:180","func":"github.com/costa92/go-protoc/v2/pkg/app.PrintConfig","msg":"CFG: redis.password=","service":"apiserver111","logger_type":"zap","version":"v2.0.0","environment":"development","branch":"feature/v2-log"}
{"level":"debug","ts":"2025-08-23T14:16:56.136+0800","caller":"app/config.go:180","func":"github.com/costa92/go-protoc/v2/pkg/app.PrintConfig","msg":"CFG: http.timeout=10s","service":"apiserver111","logger_type":"zap","version":"v2.0.0","environment":"development","branch":"feature/v2-log"}
{"level":"debug","ts":"2025-08-23T14:16:56.136+0800","caller":"app/config.go:180","func":"github.com/costa92/go-protoc/v2/pkg/app.PrintConfig","msg":"CFG: log.time-encoder=iso8601","service":"apiserver111","logger_type":"zap","version":"v2.0.0","environment":"development","branch":"feature/v2-log"}
{"level":"debug","ts":"2025-08-23T14:16:56.136+0800","caller":"app/config.go:180","func":"github.com/costa92/go-protoc/v2/pkg/app.PrintConfig","msg":"CFG: redis.write-timeout=3s","service":"apiserver111","logger_type":"zap","version":"v2.0.0","environment":"development","branch":"feature/v2-log"}
{"level":"debug","ts":"2025-08-23T14:16:56.136+0800","caller":"app/config.go:180","func":"github.com/costa92/go-protoc/v2/pkg/app.PrintConfig","msg":"CFG: log.caller-skip=1","service":"apiserver111","logger_type":"zap","version":"v2.0.0","environment":"development","branch":"feature/v2-log"}
{"level":"debug","ts":"2025-08-23T14:16:56.136+0800","caller":"app/config.go:180","func":"github.com/costa92/go-protoc/v2/pkg/app.PrintConfig","msg":"CFG: sentry.environment=development","service":"apiserver111","logger_type":"zap","version":"v2.0.0","environment":"development","branch":"feature/v2-log"}
{"level":"debug","ts":"2025-08-23T14:16:56.136+0800","caller":"app/config.go:180","func":"github.com/costa92/go-protoc/v2/pkg/app.PrintConfig","msg":"CFG: redis.database=0","service":"apiserver111","logger_type":"zap","version":"v2.0.0","environment":"development","branch":"feature/v2-log"}
{"level":"debug","ts":"2025-08-23T14:16:56.136+0800","caller":"app/config.go:180","func":"github.com/costa92/go-protoc/v2/pkg/app.PrintConfig","msg":"CFG: config=configs/apiserver.yaml","service":"apiserver111","logger_type":"zap","version":"v2.0.0","environment":"development","branch":"feature/v2-log"}
{"level":"debug","ts":"2025-08-23T14:16:56.136+0800","caller":"app/config.go:180","func":"github.com/costa92/go-protoc/v2/pkg/app.PrintConfig","msg":"CFG: log.initial-fields.environment=development","service":"apiserver111","logger_type":"zap","version":"v2.0.0","environment":"development","branch":"feature/v2-log"}
{"level":"debug","ts":"2025-08-23T14:16:56.136+0800","caller":"app/config.go:180","func":"github.com/costa92/go-protoc/v2/pkg/app.PrintConfig","msg":"CFG: log.disable-caller=false","service":"apiserver111","logger_type":"zap","version":"v2.0.0","environment":"development","branch":"feature/v2-log"}
{"level":"debug","ts":"2025-08-23T14:16:56.136+0800","caller":"app/config.go:180","func":"github.com/costa92/go-protoc/v2/pkg/app.PrintConfig","msg":"CFG: log.encoding=json","service":"apiserver111","logger_type":"zap","version":"v2.0.0","environment":"development","branch":"feature/v2-log"}
{"level":"debug","ts":"2025-08-23T14:16:56.136+0800","caller":"app/config.go:180","func":"github.com/costa92/go-protoc/v2/pkg/app.PrintConfig","msg":"CFG: feature-gates=","service":"apiserver111","logger_type":"zap","version":"v2.0.0","environment":"development","branch":"feature/v2-log"}
{"level":"debug","ts":"2025-08-23T14:16:56.136+0800","caller":"app/config.go:180","func":"github.com/costa92/go-protoc/v2/pkg/app.PrintConfig","msg":"CFG: grpc.addr=0.0.0.0:9090","service":"apiserver111","logger_type":"zap","version":"v2.0.0","environment":"development","branch":"feature/v2-log"}
{"level":"debug","ts":"2025-08-23T14:16:56.136+0800","caller":"app/config.go:180","func":"github.com/costa92/go-protoc/v2/pkg/app.PrintConfig","msg":"CFG: log.initial-fields.service=apiserver111","service":"apiserver111","logger_type":"zap","version":"v2.0.0","environment":"development","branch":"feature/v2-log"}
{"level":"debug","ts":"2025-08-23T14:16:56.136+0800","caller":"app/config.go:180","func":"github.com/costa92/go-protoc/v2/pkg/app.PrintConfig","msg":"CFG: log.victoria-logs.endpoint=http://127.0.0.1:9428","service":"apiserver111","logger_type":"zap","version":"v2.0.0","environment":"development","branch":"feature/v2-log"}
{"level":"debug","ts":"2025-08-23T14:16:56.136+0800","caller":"app/config.go:180","func":"github.com/costa92/go-protoc/v2/pkg/app.PrintConfig","msg":"CFG: log.max-size=100","service":"apiserver111","logger_type":"zap","version":"v2.0.0","environment":"development","branch":"feature/v2-log"}
{"level":"debug","ts":"2025-08-23T14:16:56.136+0800","caller":"app/config.go:180","func":"github.com/costa92/go-protoc/v2/pkg/app.PrintConfig","msg":"CFG: log.caller-encoder=short","service":"apiserver111","logger_type":"zap","version":"v2.0.0","environment":"development","branch":"feature/v2-log"}
{"level":"debug","ts":"2025-08-23T14:16:56.136+0800","caller":"app/config.go:180","func":"github.com/costa92/go-protoc/v2/pkg/app.PrintConfig","msg":"CFG: log.encoder-config.time-encoder=iso8601","service":"apiserver111","logger_type":"zap","version":"v2.0.0","environment":"development","branch":"feature/v2-log"}
{"level":"debug","ts":"2025-08-23T14:16:56.136+0800","caller":"app/config.go:180","func":"github.com/costa92/go-protoc/v2/pkg/app.PrintConfig","msg":"CFG: log.victoria-logs.service=apiserver","service":"apiserver111","logger_type":"zap","version":"v2.0.0","environment":"development","branch":"feature/v2-log"}
{"level":"debug","ts":"2025-08-23T14:16:56.136+0800","caller":"app/config.go:180","func":"github.com/costa92/go-protoc/v2/pkg/app.PrintConfig","msg":"CFG: log.victoria-logs.buffer-size=1000","service":"apiserver111","logger_type":"zap","version":"v2.0.0","environment":"development","branch":"feature/v2-log"}
{"level":"debug","ts":"2025-08-23T14:16:56.136+0800","caller":"app/config.go:180","func":"github.com/costa92/go-protoc/v2/pkg/app.PrintConfig","msg":"CFG: log.disable-function-at-info=true","service":"apiserver111","logger_type":"zap","version":"v2.0.0","environment":"development","branch":"feature/v2-log"}
{"level":"debug","ts":"2025-08-23T14:16:56.136+0800","caller":"app/config.go:180","func":"github.com/costa92/go-protoc/v2/pkg/app.PrintConfig","msg":"CFG: jaeger.sampler-param=1","service":"apiserver111","logger_type":"zap","version":"v2.0.0","environment":"development","branch":"feature/v2-log"}
{"level":"debug","ts":"2025-08-23T14:16:56.136+0800","caller":"app/config.go:180","func":"github.com/costa92/go-protoc/v2/pkg/app.PrintConfig","msg":"CFG: jaeger.reporter-log-spans=true","service":"apiserver111","logger_type":"zap","version":"v2.0.0","environment":"development","branch":"feature/v2-log"}
{"level":"debug","ts":"2025-08-23T14:16:56.136+0800","caller":"app/config.go:180","func":"github.com/costa92/go-protoc/v2/pkg/app.PrintConfig","msg":"CFG: mysql.enable-trace=true","service":"apiserver111","logger_type":"zap","version":"v2.0.0","environment":"development","branch":"feature/v2-log"}
{"level":"debug","ts":"2025-08-23T14:16:56.137+0800","caller":"app/config.go:180","func":"github.com/costa92/go-protoc/v2/pkg/app.PrintConfig","msg":"CFG: log.max-backups=5","service":"apiserver111","logger_type":"zap","version":"v2.0.0","environment":"development","branch":"feature/v2-log"}
{"level":"debug","ts":"2025-08-23T14:16:56.137+0800","caller":"app/config.go:180","func":"github.com/costa92/go-protoc/v2/pkg/app.PrintConfig","msg":"CFG: http.addr=0.0.0.0:8080","service":"apiserver111","logger_type":"zap","version":"v2.0.0","environment":"development","branch":"feature/v2-log"}
{"level":"debug","ts":"2025-08-23T14:16:56.137+0800","caller":"app/config.go:180","func":"github.com/costa92/go-protoc/v2/pkg/app.PrintConfig","msg":"CFG: log.victoria-logs.batch-size=100","service":"apiserver111","logger_type":"zap","version":"v2.0.0","environment":"development","branch":"feature/v2-log"}
{"level":"debug","ts":"2025-08-23T14:16:56.137+0800","caller":"app/config.go:180","func":"github.com/costa92/go-protoc/v2/pkg/app.PrintConfig","msg":"CFG: vmodule=","service":"apiserver111","logger_type":"zap","version":"v2.0.0","environment":"development","branch":"feature/v2-log"}
{"level":"debug","ts":"2025-08-23T14:16:56.137+0800","caller":"app/config.go:180","func":"github.com/costa92/go-protoc/v2/pkg/app.PrintConfig","msg":"CFG: sentry.release=","service":"apiserver111","logger_type":"zap","version":"v2.0.0","environment":"development","branch":"feature/v2-log"}
{"level":"debug","ts":"2025-08-23T14:16:56.137+0800","caller":"app/config.go:180","func":"github.com/costa92/go-protoc/v2/pkg/app.PrintConfig","msg":"CFG: mysql.password=proj(#)666","service":"apiserver111","logger_type":"zap","version":"v2.0.0","environment":"development","branch":"feature/v2-log"}
{"level":"debug","ts":"2025-08-23T14:16:56.137+0800","caller":"app/config.go:180","func":"github.com/costa92/go-protoc/v2/pkg/app.PrintConfig","msg":"CFG: jwt.signing-method=HS512","service":"apiserver111","logger_type":"zap","version":"v2.0.0","environment":"development","branch":"feature/v2-log"}
{"level":"debug","ts":"2025-08-23T14:16:56.137+0800","caller":"app/config.go:180","func":"github.com/costa92/go-protoc/v2/pkg/app.PrintConfig","msg":"CFG: mysql.host=127.0.0.1","service":"apiserver111","logger_type":"zap","version":"v2.0.0","environment":"development","branch":"feature/v2-log"}
{"level":"debug","ts":"2025-08-23T14:16:56.137+0800","caller":"app/config.go:180","func":"github.com/costa92/go-protoc/v2/pkg/app.PrintConfig","msg":"CFG: log.otlp.enabled=true","service":"apiserver111","logger_type":"zap","version":"v2.0.0","environment":"development","branch":"feature/v2-log"}
{"level":"debug","ts":"2025-08-23T14:16:56.137+0800","caller":"app/config.go:180","func":"github.com/costa92/go-protoc/v2/pkg/app.PrintConfig","msg":"CFG: sentry.ignore-errors=[]","service":"apiserver111","logger_type":"zap","version":"v2.0.0","environment":"development","branch":"feature/v2-log"}
{"level":"debug","ts":"2025-08-23T14:16:56.137+0800","caller":"app/config.go:180","func":"github.com/costa92/go-protoc/v2/pkg/app.PrintConfig","msg":"CFG: jwt.key=onex(#)666","service":"apiserver111","logger_type":"zap","version":"v2.0.0","environment":"development","branch":"feature/v2-log"}
{"level":"debug","ts":"2025-08-23T14:16:56.137+0800","caller":"app/config.go:180","func":"github.com/costa92/go-protoc/v2/pkg/app.PrintConfig","msg":"CFG: sentry.enabled=false","service":"apiserver111","logger_type":"zap","version":"v2.0.0","environment":"development","branch":"feature/v2-log"}
{"level":"debug","ts":"2025-08-23T14:16:56.137+0800","caller":"app/config.go:180","func":"github.com/costa92/go-protoc/v2/pkg/app.PrintConfig","msg":"CFG: redis.addr=127.0.0.1:6379","service":"apiserver111","logger_type":"zap","version":"v2.0.0","environment":"development","branch":"feature/v2-log"}
{"level":"debug","ts":"2025-08-23T14:16:56.137+0800","caller":"app/config.go:180","func":"github.com/costa92/go-protoc/v2/pkg/app.PrintConfig","msg":"CFG: sentry.sample-rate=1","service":"apiserver111","logger_type":"zap","version":"v2.0.0","environment":"development","branch":"feature/v2-log"}
{"level":"debug","ts":"2025-08-23T14:16:56.137+0800","caller":"app/config.go:180","func":"github.com/costa92/go-protoc/v2/pkg/app.PrintConfig","msg":"CFG: pool-monitor.database.enabled=true","service":"apiserver111","logger_type":"zap","version":"v2.0.0","environment":"development","branch":"feature/v2-log"}
{"level":"debug","ts":"2025-08-23T14:16:56.137+0800","caller":"app/config.go:180","func":"github.com/costa92/go-protoc/v2/pkg/app.PrintConfig","msg":"CFG: pool-monitor.namespace=apiserver","service":"apiserver111","logger_type":"zap","version":"v2.0.0","environment":"development","branch":"feature/v2-log"}
{"level":"debug","ts":"2025-08-23T14:16:56.137+0800","caller":"app/config.go:180","func":"github.com/costa92/go-protoc/v2/pkg/app.PrintConfig","msg":"CFG: log.time-key=ts","service":"apiserver111","logger_type":"zap","version":"v2.0.0","environment":"development","branch":"feature/v2-log"}
{"level":"debug","ts":"2025-08-23T14:16:56.137+0800","caller":"app/config.go:180","func":"github.com/costa92/go-protoc/v2/pkg/app.PrintConfig","msg":"CFG: mysql.log-mode=1","service":"apiserver111","logger_type":"zap","version":"v2.0.0","environment":"development","branch":"feature/v2-log"}
{"level":"debug","ts":"2025-08-23T14:16:56.137+0800","caller":"app/config.go:180","func":"github.com/costa92/go-protoc/v2/pkg/app.PrintConfig","msg":"CFG: log.development=false","service":"apiserver111","logger_type":"zap","version":"v2.0.0","environment":"development","branch":"feature/v2-log"}
{"level":"debug","ts":"2025-08-23T14:16:56.138+0800","caller":"app/config.go:180","func":"github.com/costa92/go-protoc/v2/pkg/app.PrintConfig","msg":"CFG: jaeger.sampler-type=const","service":"apiserver111","logger_type":"zap","version":"v2.0.0","environment":"development","branch":"feature/v2-log"}
{"level":"debug","ts":"2025-08-23T14:16:56.138+0800","caller":"app/config.go:180","func":"github.com/costa92/go-protoc/v2/pkg/app.PrintConfig","msg":"CFG: redis.dial-timeout=5s","service":"apiserver111","logger_type":"zap","version":"v2.0.0","environment":"development","branch":"feature/v2-log"}
{"level":"debug","ts":"2025-08-23T14:16:56.138+0800","caller":"app/config.go:180","func":"github.com/costa92/go-protoc/v2/pkg/app.PrintConfig","msg":"CFG: log.victoria-logs.enabled=false","service":"apiserver111","logger_type":"zap","version":"v2.0.0","environment":"development","branch":"feature/v2-log"}
{"level":"debug","ts":"2025-08-23T14:16:56.147+0800","caller":"app/config.go:180","func":"github.com/costa92/go-protoc/v2/pkg/app.PrintConfig","msg":"CFG: log.encoder-config.level-encoder=lowercase","service":"apiserver111","logger_type":"zap","version":"v2.0.0","environment":"development","branch":"feature/v2-log"}
{"level":"debug","ts":"2025-08-23T14:16:56.147+0800","caller":"app/config.go:180","func":"github.com/costa92/go-protoc/v2/pkg/app.PrintConfig","msg":"CFG: grpc.network=tcp","service":"apiserver111","logger_type":"zap","version":"v2.0.0","environment":"development","branch":"feature/v2-log"}
{"level":"debug","ts":"2025-08-23T14:16:56.147+0800","caller":"app/config.go:180","func":"github.com/costa92/go-protoc/v2/pkg/app.PrintConfig","msg":"CFG: log.max-age=7","service":"apiserver111","logger_type":"zap","version":"v2.0.0","environment":"development","branch":"feature/v2-log"}
{"level":"debug","ts":"2025-08-23T14:16:56.147+0800","caller":"app/config.go:180","func":"github.com/costa92/go-protoc/v2/pkg/app.PrintConfig","msg":"CFG: log.output-paths=[stdout logs/apiserver/app.log]","service":"apiserver111","logger_type":"zap","version":"v2.0.0","environment":"development","branch":"feature/v2-log"}
{"level":"debug","ts":"2025-08-23T14:16:56.147+0800","caller":"app/config.go:180","func":"github.com/costa92/go-protoc/v2/pkg/app.PrintConfig","msg":"CFG: http.network=tcp","service":"apiserver111","logger_type":"zap","version":"v2.0.0","environment":"development","branch":"feature/v2-log"}
{"level":"debug","ts":"2025-08-23T14:16:56.147+0800","caller":"app/config.go:180","func":"github.com/costa92/go-protoc/v2/pkg/app.PrintConfig","msg":"CFG: pool-monitor.database.slow-query=1s","service":"apiserver111","logger_type":"zap","version":"v2.0.0","environment":"development","branch":"feature/v2-log"}
{"level":"debug","ts":"2025-08-23T14:16:56.147+0800","caller":"app/config.go:180","func":"github.com/costa92/go-protoc/v2/pkg/app.PrintConfig","msg":"CFG: log.otlp.endpoint=127.0.0.1:4327","service":"apiserver111","logger_type":"zap","version":"v2.0.0","environment":"development","branch":"feature/v2-log"}
{"level":"debug","ts":"2025-08-23T14:16:56.147+0800","caller":"app/config.go:180","func":"github.com/costa92/go-protoc/v2/pkg/app.PrintConfig","msg":"CFG: help=false","service":"apiserver111","logger_type":"zap","version":"v2.0.0","environment":"development","branch":"feature/v2-log"}
{"level":"debug","ts":"2025-08-23T14:16:56.147+0800","caller":"app/config.go:180","func":"github.com/costa92/go-protoc/v2/pkg/app.PrintConfig","msg":"CFG: mysql.max-open-connections=100","service":"apiserver111","logger_type":"zap","version":"v2.0.0","environment":"development","branch":"feature/v2-log"}
{"level":"debug","ts":"2025-08-23T14:16:56.147+0800","caller":"app/config.go:180","func":"github.com/costa92/go-protoc/v2/pkg/app.PrintConfig","msg":"CFG: jaeger.enabled=true","service":"apiserver111","logger_type":"zap","version":"v2.0.0","environment":"development","branch":"feature/v2-log"}
{"level":"debug","ts":"2025-08-23T14:16:56.147+0800","caller":"app/config.go:180","func":"github.com/costa92/go-protoc/v2/pkg/app.PrintConfig","msg":"CFG: jwt.expired=2h","service":"apiserver111","logger_type":"zap","version":"v2.0.0","environment":"development","branch":"feature/v2-log"}
{"level":"debug","ts":"2025-08-23T14:16:56.147+0800","caller":"app/config.go:180","func":"github.com/costa92/go-protoc/v2/pkg/app.PrintConfig","msg":"CFG: mysql.log-level=1","service":"apiserver111","logger_type":"zap","version":"v2.0.0","environment":"development","branch":"feature/v2-log"}
{"level":"debug","ts":"2025-08-23T14:16:56.147+0800","caller":"app/config.go:180","func":"github.com/costa92/go-protoc/v2/pkg/app.PrintConfig","msg":"CFG: log.compress=true","service":"apiserver111","logger_type":"zap","version":"v2.0.0","environment":"development","branch":"feature/v2-log"}
{"level":"debug","ts":"2025-08-23T14:16:56.147+0800","caller":"app/config.go:180","func":"github.com/costa92/go-protoc/v2/pkg/app.PrintConfig","msg":"CFG: redis.username=","service":"apiserver111","logger_type":"zap","version":"v2.0.0","environment":"development","branch":"feature/v2-log"}
{"level":"debug","ts":"2025-08-23T14:16:56.147+0800","caller":"app/config.go:180","func":"github.com/costa92/go-protoc/v2/pkg/app.PrintConfig","msg":"CFG: redis.min-idle-conns=0","service":"apiserver111","logger_type":"zap","version":"v2.0.0","environment":"development","branch":"feature/v2-log"}
{"level":"debug","ts":"2025-08-23T14:16:56.147+0800","caller":"app/config.go:180","func":"github.com/costa92/go-protoc/v2/pkg/app.PrintConfig","msg":"CFG: pool-monitor.redis.enabled=true","service":"apiserver111","logger_type":"zap","version":"v2.0.0","environment":"development","branch":"feature/v2-log"}
{"level":"debug","ts":"2025-08-23T14:16:56.147+0800","caller":"app/config.go:180","func":"github.com/costa92/go-protoc/v2/pkg/app.PrintConfig","msg":"CFG: sentry.enable-tracing=true","service":"apiserver111","logger_type":"zap","version":"v2.0.0","environment":"development","branch":"feature/v2-log"}
{"level":"debug","ts":"2025-08-23T14:16:56.147+0800","caller":"app/config.go:180","func":"github.com/costa92/go-protoc/v2/pkg/app.PrintConfig","msg":"CFG: jaeger.agent-port=6831","service":"apiserver111","logger_type":"zap","version":"v2.0.0","environment":"development","branch":"feature/v2-log"}
{"level":"debug","ts":"2025-08-23T14:16:56.147+0800","caller":"app/config.go:180","func":"github.com/costa92/go-protoc/v2/pkg/app.PrintConfig","msg":"CFG: log.encoder-config.function-key=func","service":"apiserver111","logger_type":"zap","version":"v2.0.0","environment":"development","branch":"feature/v2-log"}
{"level":"debug","ts":"2025-08-23T14:16:56.147+0800","caller":"app/config.go:180","func":"github.com/costa92/go-protoc/v2/pkg/app.PrintConfig","msg":"CFG: log.otlp.batch_size=100","service":"apiserver111","logger_type":"zap","version":"v2.0.0","environment":"development","branch":"feature/v2-log"}
{"level":"debug","ts":"2025-08-23T14:16:56.147+0800","caller":"app/config.go:180","func":"github.com/costa92/go-protoc/v2/pkg/app.PrintConfig","msg":"CFG: mysql.database=protoc","service":"apiserver111","logger_type":"zap","version":"v2.0.0","environment":"development","branch":"feature/v2-log"}
{"level":"debug","ts":"2025-08-23T14:16:56.147+0800","caller":"app/config.go:180","func":"github.com/costa92/go-protoc/v2/pkg/app.PrintConfig","msg":"CFG: sentry.enable-profiling=false","service":"apiserver111","logger_type":"zap","version":"v2.0.0","environment":"development","branch":"feature/v2-log"}
{"level":"debug","ts":"2025-08-23T14:16:56.147+0800","caller":"app/config.go:180","func":"github.com/costa92/go-protoc/v2/pkg/app.PrintConfig","msg":"CFG: log.otlp.resource_attributes.service.version=v2.0.0","service":"apiserver111","logger_type":"zap","version":"v2.0.0","environment":"development","branch":"feature/v2-log"}
{"level":"info","ts":"2025-08-23T14:16:56.147+0800","caller":"app/server.go:67","msg":"Connection pool metrics collection is enabled through dependency injection"}
{"level":"info","ts":"2025-08-23T14:16:56.147+0800","caller":"app/server.go:68","msg":"Metrics will be automatically collected by the PoolMonitor when database connections are established"}
{"level":"info","ts":"2025-08-23T14:16:56.147+0800","caller":"app/server.go:71","msg":"Database pool monitoring enabled","slow_query_threshold":1000,"collect_interval":30000}
{"level":"info","ts":"2025-08-23T14:16:56.147+0800","caller":"app/server.go:77","msg":"Redis pool monitoring enabled","collect_interval":30000}
{"level":"info","ts":"2025-08-23T14:16:56.148+0800","caller":"apiserver/server.go:66","msg":"Initializing API server","service":"apiserver","version":"cd03a2b-dirty","branch":"feature/v2-log","commit":"cd03a2ba","build_date":"2025-08-23T06:16:48Z","go_version":"go1.25.0"}
{"level":"info","ts":"2025-08-23T14:16:56.148+0800","caller":"apiserver/server.go:78","msg":"Logger configuration","level":"debug","format":"json"}
{"level":"debug","ts":"2025-08-23T14:16:56.148+0800","caller":"apiserver/server.go:79","func":"github.com/costa92/go-protoc/v2/internal/apiserver.(*Config).NewServer","msg":"Debug logging enabled","service":"apiserver111","logger_type":"zap","version":"v2.0.0","environment":"development","branch":"feature/v2-log","caller_skip":2,"enable_color":false}
{"level":"info","ts":"2025-08-23T14:16:56.148+0800","caller":"apiserver/server.go:83","msg":"Validating service connections before startup..."}
{"level":"info","ts":"2025-08-23T14:16:56.148+0800","caller":"apiserver/server.go:87","msg":"Testing MySQL connection..."}
{"level":"info","ts":"2025-08-23T14:16:56.159+0800","caller":"apiserver/server.go:92","msg":"MySQL connection test passed"}
{"level":"info","ts":"2025-08-23T14:16:56.159+0800","caller":"apiserver/server.go:97","msg":"Testing Redis connection..."}
{"level":"info","ts":"2025-08-23T14:16:56.165+0800","caller":"apiserver/server.go:102","msg":"Redis connection test passed"}
{"level":"info","ts":"2025-08-23T14:16:56.165+0800","caller":"apiserver/server.go:107","msg":"Testing Jaeger connection..."}
{"level":"info","ts":"2025-08-23T14:16:56.165+0800","caller":"apiserver/server.go:112","msg":"Jaeger connection test passed"}
{"level":"info","ts":"2025-08-23T14:16:56.165+0800","caller":"apiserver/server.go:115","msg":"All service connections validated successfully"}
{"level":"info","ts":"2025-08-23T14:16:56.263+0800","caller":"server/kratos_server.go:47","msg":"Start to listening the incoming requests","protocol":"kratos"}
{"level":"info","ts":"2025-08-23T14:16:56.263+0800","caller":"logger/kratos_adapter.go:40","msg":"[gRPC] server listening on: [::]:9090","ts":"2025-08-23T14:16:56+08:00","caller":"grpc/server.go:220","msg":"[gRPC] server listening on: [::]:9090"}
{"level":"info","ts":"2025-08-23T14:16:56.263+0800","caller":"logger/kratos_adapter.go:40","msg":"[HTTP] server listening on: [::]:8080","ts":"2025-08-23T14:16:56+08:00","caller":"http/server.go:330","msg":"[HTTP] server listening on: [::]:8080"}
{"level":"error","ts":"2025-08-23T14:17:18.036+0800","caller":"handler/user.go:14","func":"github.com/costa92/go-protoc/v2/internal/apiserver/handler.(*Handler).GetUser","msg":"GetUser failed","service":"apiserver111","logger_type":"zap","version":"v2.0.0","environment":"development","branch":"feature/v2-log","error":"business logic error","user_id":"1","stacktrace":"github.com/costa92/go-protoc/v2/internal/apiserver/handler.(*Handler).GetUser\n\t/Users/costalong/code/go/src/github.com/costa92/go-protoc/internal/apiserver/handler/user.go:14\ngithub.com/costa92/go-protoc/v2/pkg/api/apiserver/v1.RegisterApiServerHTTPServer._ApiServer_GetUser0_HTTP_Handler.func1.1\n\t/Users/costalong/code/go/src/github.com/costa92/go-protoc/pkg/api/apiserver/v1/apiserver_http.pb.go:47\ngithub.com/costa92/go-protoc/v2/internal/apiserver.NewMiddlewares.Server.func5.1\n\t/Users/costalong/code/go/src/github.com/costa92/go-protoc/internal/pkg/middleware/logging/logging.go:107\ngithub.com/costa92/go-protoc/v2/internal/pkg/middleware/i18n.Translator.func1.1\n\t/Users/costalong/code/go/src/github.com/costa92/go-protoc/internal/pkg/middleware/i18n/i18n.go:28\ngithub.com/costa92/go-protoc/v2/internal/pkg/middleware/tracing.Server.func1.1\n\t/Users/costalong/code/go/src/github.com/costa92/go-protoc/internal/pkg/middleware/tracing/tracing.go:62\ngithub.com/costa92/go-protoc/v2/internal/apiserver.NewMiddlewares.ServerJWTAuth.func2.1\n\t/Users/costalong/code/go/src/github.com/costa92/go-protoc/pkg/middleware/authn/jwt_auth.go:102\ngithub.com/costa92/go-protoc/v2/internal/apiserver.NewMiddlewares.Validator.func1.1\n\t/Users/costalong/code/go/src/github.com/costa92/go-protoc/internal/pkg/middleware/validate/validate_kratos.go:38\ngithub.com/costa92/go-protoc/v2/pkg/api/apiserver/v1.RegisterApiServerHTTPServer._ApiServer_GetUser0_HTTP_Handler.func1\n\t/Users/costalong/code/go/src/github.com/costa92/go-protoc/pkg/api/apiserver/v1/apiserver_http.pb.go:49\ngithub.com/go-kratos/kratos/v2/transport/http.(*Router).Handle.func1\n\t/Users/costalong/.gvm/pkgsets/go1.25/global/pkg/mod/github.com/go-kratos/kratos/v2@v2.8.3/transport/http/router.go:49\nnet/http.HandlerFunc.ServeHTTP\n\t/Users/costalong/.gvm/gos/go1.25/src/net/http/server.go:2322\ngithub.com/go-kratos/kratos/v2/transport/http.NewServer.(*Server).filter.func1.1\n\t/Users/costalong/.gvm/pkgsets/go1.25/global/pkg/mod/github.com/go-kratos/kratos/v2@v2.8.3/transport/http/server.go:305\nnet/http.HandlerFunc.ServeHTTP\n\t/Users/costalong/.gvm/gos/go1.25/src/net/http/server.go:2322\ngithub.com/gorilla/mux.(*Router).ServeHTTP\n\t/Users/costalong/.gvm/pkgsets/go1.25/global/pkg/mod/github.com/gorilla/mux@v1.8.1/mux.go:212\ngithub.com/gorilla/handlers.(*cors).ServeHTTP\n\t/Users/costalong/.gvm/pkgsets/go1.25/global/pkg/mod/github.com/gorilla/handlers@v1.5.2/cors.go:54\nnet/http.serverHandler.ServeHTTP\n\t/Users/costalong/.gvm/gos/go1.25/src/net/http/server.go:3340\nnet/http.(*conn).serve\n\t/Users/costalong/.gvm/gos/go1.25/src/net/http/server.go:2109"}
{"level":"error","ts":"2025-08-23T14:17:22.769+0800","caller":"handler/user.go:14","func":"github.com/costa92/go-protoc/v2/internal/apiserver/handler.(*Handler).GetUser","msg":"GetUser failed","service":"apiserver111","logger_type":"zap","version":"v2.0.0","environment":"development","branch":"feature/v2-log","error":"business logic error","user_id":"1","stacktrace":"github.com/costa92/go-protoc/v2/internal/apiserver/handler.(*Handler).GetUser\n\t/Users/costalong/code/go/src/github.com/costa92/go-protoc/internal/apiserver/handler/user.go:14\ngithub.com/costa92/go-protoc/v2/pkg/api/apiserver/v1.RegisterApiServerHTTPServer._ApiServer_GetUser0_HTTP_Handler.func1.1\n\t/Users/costalong/code/go/src/github.com/costa92/go-protoc/pkg/api/apiserver/v1/apiserver_http.pb.go:47\ngithub.com/costa92/go-protoc/v2/internal/apiserver.NewMiddlewares.Server.func5.1\n\t/Users/costalong/code/go/src/github.com/costa92/go-protoc/internal/pkg/middleware/logging/logging.go:107\ngithub.com/costa92/go-protoc/v2/internal/pkg/middleware/i18n.Translator.func1.1\n\t/Users/costalong/code/go/src/github.com/costa92/go-protoc/internal/pkg/middleware/i18n/i18n.go:28\ngithub.com/costa92/go-protoc/v2/internal/pkg/middleware/tracing.Server.func1.1\n\t/Users/costalong/code/go/src/github.com/costa92/go-protoc/internal/pkg/middleware/tracing/tracing.go:62\ngithub.com/costa92/go-protoc/v2/internal/apiserver.NewMiddlewares.ServerJWTAuth.func2.1\n\t/Users/costalong/code/go/src/github.com/costa92/go-protoc/pkg/middleware/authn/jwt_auth.go:102\ngithub.com/costa92/go-protoc/v2/internal/apiserver.NewMiddlewares.Validator.func1.1\n\t/Users/costalong/code/go/src/github.com/costa92/go-protoc/internal/pkg/middleware/validate/validate_kratos.go:38\ngithub.com/costa92/go-protoc/v2/pkg/api/apiserver/v1.RegisterApiServerHTTPServer._ApiServer_GetUser0_HTTP_Handler.func1\n\t/Users/costalong/code/go/src/github.com/costa92/go-protoc/pkg/api/apiserver/v1/apiserver_http.pb.go:49\ngithub.com/go-kratos/kratos/v2/transport/http.(*Router).Handle.func1\n\t/Users/costalong/.gvm/pkgsets/go1.25/global/pkg/mod/github.com/go-kratos/kratos/v2@v2.8.3/transport/http/router.go:49\nnet/http.HandlerFunc.ServeHTTP\n\t/Users/costalong/.gvm/gos/go1.25/src/net/http/server.go:2322\ngithub.com/go-kratos/kratos/v2/transport/http.NewServer.(*Server).filter.func1.1\n\t/Users/costalong/.gvm/pkgsets/go1.25/global/pkg/mod/github.com/go-kratos/kratos/v2@v2.8.3/transport/http/server.go:305\nnet/http.HandlerFunc.ServeHTTP\n\t/Users/costalong/.gvm/gos/go1.25/src/net/http/server.go:2322\ngithub.com/gorilla/mux.(*Router).ServeHTTP\n\t/Users/costalong/.gvm/pkgsets/go1.25/global/pkg/mod/github.com/gorilla/mux@v1.8.1/mux.go:212\ngithub.com/gorilla/handlers.(*cors).ServeHTTP\n\t/Users/costalong/.gvm/pkgsets/go1.25/global/pkg/mod/github.com/gorilla/handlers@v1.5.2/cors.go:54\nnet/http.serverHandler.ServeHTTP\n\t/Users/costalong/.gvm/gos/go1.25/src/net/http/server.go:3340\nnet/http.(*conn).serve\n\t/Users/costalong/.gvm/gos/go1.25/src/net/http/server.go:2109"}
{"level":"info","ts":"2025-08-23T14:18:15.836+0800","caller":"server/server.go:29","msg":"Shutting down server...","service":"apiserver","version":"cd03a2b-dirty"}
{"level":"info","ts":"2025-08-23T14:18:15.836+0800","caller":"server/kratos_server.go:54","msg":"Gracefully stop kratos application"}
{"level":"info","ts":"2025-08-23T14:18:15.836+0800","caller":"logger/kratos_adapter.go:40","msg":"[HTTP] server stopping","ts":"2025-08-23T14:18:15+08:00","caller":"http/server.go:345","msg":"[HTTP] server stopping"}
{"level":"info","ts":"2025-08-23T14:18:15.836+0800","caller":"server/server.go:40","msg":"Server exited successfully.","service":"apiserver","version":"cd03a2b-dirty"}
{"level":"info","ts":"2025-08-23T14:18:55.855+0800","caller":"app/config.go:171","msg":"Logger reinitialized from configuration file","level":"debug","format":"json","service":"apiserver-dev"}
{"level":"info","ts":"2025-08-23T14:18:55.858+0800","caller":"app/app.go:349","msg":"Logger context extractors configured","extractors":2}
{"level":"info","ts":"2025-08-23T14:18:55.858+0800","caller":"app/app.go:354","msg":"Final logger configuration applied","service":"apiserver-dev","version":"cd03a2b-dirty","branch":"feature/v2-log"}
{"level":"info","ts":"2025-08-23T14:18:55.858+0800","caller":"app/app.go:308","msg":"Starting application","name":"apiserver","version":"{\"gitVersion\":\"cd03a2b-dirty\",\"gitCommit\":\"cd03a2bae2065c9d493c5f60441c24aacb13b175\",\"gitTreeState\":\"\",\"gitBranch\":\"feature/v2-log\",\"buildDate\":\"2025-08-23T06:18:47Z\",\"serviceName\":\"apiserver-dev\",\"goVersion\":\"go1.25.0\",\"compiler\":\"gc\",\"platform\":\"darwin/arm64\"}"}
{"level":"info","ts":"2025-08-23T14:18:55.858+0800","caller":"app/app.go:309","msg":"Golang settings","GOGC":"","GOMAXPROCS":"","GOTRACEBACK":""}
{"level":"debug","ts":"2025-08-23T14:18:55.858+0800","caller":"app/config.go:180","func":"github.com/costa92/go-protoc/v2/pkg/app.PrintConfig","msg":"CFG: log-flush-frequency=5s","branch":"feature/v2-log","logger_type":"zap","service":"apiserver-dev","version":"cd03a2b-dirty"}
{"level":"debug","ts":"2025-08-23T14:18:55.858+0800","caller":"app/config.go:180","func":"github.com/costa92/go-protoc/v2/pkg/app.PrintConfig","msg":"CFG: pool-monitor.redis.enabled=true","branch":"feature/v2-log","logger_type":"zap","service":"apiserver-dev","version":"cd03a2b-dirty"}
{"level":"debug","ts":"2025-08-23T14:18:55.858+0800","caller":"app/config.go:180","func":"github.com/costa92/go-protoc/v2/pkg/app.PrintConfig","msg":"CFG: log.caller-key=caller","branch":"feature/v2-log","logger_type":"zap","service":"apiserver-dev","version":"cd03a2b-dirty"}
{"level":"debug","ts":"2025-08-23T14:18:55.858+0800","caller":"app/config.go:180","func":"github.com/costa92/go-protoc/v2/pkg/app.PrintConfig","msg":"CFG: log.otlp.endpoint=127.0.0.1:4327","branch":"feature/v2-log","logger_type":"zap","service":"apiserver-dev","version":"cd03a2b-dirty"}
{"level":"debug","ts":"2025-08-23T14:18:55.858+0800","caller":"app/config.go:180","func":"github.com/costa92/go-protoc/v2/pkg/app.PrintConfig","msg":"CFG: log.max-age=7","branch":"feature/v2-log","logger_type":"zap","service":"apiserver-dev","version":"cd03a2b-dirty"}
{"level":"debug","ts":"2025-08-23T14:18:55.858+0800","caller":"app/config.go:180","func":"github.com/costa92/go-protoc/v2/pkg/app.PrintConfig","msg":"CFG: log.output-paths=[stdout logs/apiserver/app.log]","branch":"feature/v2-log","logger_type":"zap","service":"apiserver-dev","version":"cd03a2b-dirty"}
{"level":"debug","ts":"2025-08-23T14:18:55.858+0800","caller":"app/config.go:180","func":"github.com/costa92/go-protoc/v2/pkg/app.PrintConfig","msg":"CFG: log.disable-stacktrace=false","branch":"feature/v2-log","logger_type":"zap","service":"apiserver-dev","version":"cd03a2b-dirty"}
{"level":"debug","ts":"2025-08-23T14:18:55.858+0800","caller":"app/config.go:180","func":"github.com/costa92/go-protoc/v2/pkg/app.PrintConfig","msg":"CFG: log.victoria-logs.environment=development","branch":"feature/v2-log","logger_type":"zap","service":"apiserver-dev","version":"cd03a2b-dirty"}
{"level":"debug","ts":"2025-08-23T14:18:55.858+0800","caller":"app/config.go:180","func":"github.com/costa92/go-protoc/v2/pkg/app.PrintConfig","msg":"CFG: log.victoria-logs.timeout=10","branch":"feature/v2-log","logger_type":"zap","service":"apiserver-dev","version":"cd03a2b-dirty"}
{"level":"debug","ts":"2025-08-23T14:18:55.858+0800","caller":"app/config.go:180","func":"github.com/costa92/go-protoc/v2/pkg/app.PrintConfig","msg":"CFG: mysql.enable-trace=true","branch":"feature/v2-log","logger_type":"zap","service":"apiserver-dev","version":"cd03a2b-dirty"}
{"level":"debug","ts":"2025-08-23T14:18:55.858+0800","caller":"app/config.go:180","func":"github.com/costa92/go-protoc/v2/pkg/app.PrintConfig","msg":"CFG: redis.min-idle-conns=0","branch":"feature/v2-log","logger_type":"zap","service":"apiserver-dev","version":"cd03a2b-dirty"}
{"level":"debug","ts":"2025-08-23T14:18:55.858+0800","caller":"app/config.go:180","func":"github.com/costa92/go-protoc/v2/pkg/app.PrintConfig","msg":"CFG: jwt.max-refresh=2h","branch":"feature/v2-log","logger_type":"zap","service":"apiserver-dev","version":"cd03a2b-dirty"}
{"level":"debug","ts":"2025-08-23T14:18:55.858+0800","caller":"app/config.go:180","func":"github.com/costa92/go-protoc/v2/pkg/app.PrintConfig","msg":"CFG: sentry.release=","branch":"feature/v2-log","logger_type":"zap","service":"apiserver-dev","version":"cd03a2b-dirty"}
{"level":"debug","ts":"2025-08-23T14:18:55.858+0800","caller":"app/config.go:180","func":"github.com/costa92/go-protoc/v2/pkg/app.PrintConfig","msg":"CFG: mysql.database=protoc","branch":"feature/v2-log","logger_type":"zap","service":"apiserver-dev","version":"cd03a2b-dirty"}
{"level":"debug","ts":"2025-08-23T14:18:55.858+0800","caller":"app/config.go:180","func":"github.com/costa92/go-protoc/v2/pkg/app.PrintConfig","msg":"CFG: sentry.server-name=","branch":"feature/v2-log","logger_type":"zap","service":"apiserver-dev","version":"cd03a2b-dirty"}
{"level":"debug","ts":"2025-08-23T14:18:55.858+0800","caller":"app/config.go:180","func":"github.com/costa92/go-protoc/v2/pkg/app.PrintConfig","msg":"CFG: v=0","branch":"feature/v2-log","logger_type":"zap","service":"apiserver-dev","version":"cd03a2b-dirty"}
{"level":"debug","ts":"2025-08-23T14:18:55.859+0800","caller":"app/config.go:180","func":"github.com/costa92/go-protoc/v2/pkg/app.PrintConfig","msg":"CFG: redis.enable-trace=true","branch":"feature/v2-log","logger_type":"zap","service":"apiserver-dev","version":"cd03a2b-dirty"}
{"level":"debug","ts":"2025-08-23T14:18:55.859+0800","caller":"app/config.go:180","func":"github.com/costa92/go-protoc/v2/pkg/app.PrintConfig","msg":"CFG: log.time-key=ts","branch":"feature/v2-log","logger_type":"zap","service":"apiserver-dev","version":"cd03a2b-dirty"}
{"level":"debug","ts":"2025-08-23T14:18:55.859+0800","caller":"app/config.go:180","func":"github.com/costa92/go-protoc/v2/pkg/app.PrintConfig","msg":"CFG: log.victoria-logs.buffer-size=1000","branch":"feature/v2-log","logger_type":"zap","service":"apiserver-dev","version":"cd03a2b-dirty"}
{"level":"debug","ts":"2025-08-23T14:18:55.859+0800","caller":"app/config.go:180","func":"github.com/costa92/go-protoc/v2/pkg/app.PrintConfig","msg":"CFG: sentry.environment=development","branch":"feature/v2-log","logger_type":"zap","service":"apiserver-dev","version":"cd03a2b-dirty"}
{"level":"debug","ts":"2025-08-23T14:18:55.859+0800","caller":"app/config.go:180","func":"github.com/costa92/go-protoc/v2/pkg/app.PrintConfig","msg":"CFG: log.level=debug","branch":"feature/v2-log","logger_type":"zap","service":"apiserver-dev","version":"cd03a2b-dirty"}
{"level":"debug","ts":"2025-08-23T14:18:55.859+0800","caller":"app/config.go:180","func":"github.com/costa92/go-protoc/v2/pkg/app.PrintConfig","msg":"CFG: sentry.dsn=","branch":"feature/v2-log","logger_type":"zap","service":"apiserver-dev","version":"cd03a2b-dirty"}
{"level":"debug","ts":"2025-08-23T14:18:55.859+0800","caller":"app/config.go:180","func":"github.com/costa92/go-protoc/v2/pkg/app.PrintConfig","msg":"CFG: redis.pool-size=10","branch":"feature/v2-log","logger_type":"zap","service":"apiserver-dev","version":"cd03a2b-dirty"}
{"level":"debug","ts":"2025-08-23T14:18:55.859+0800","caller":"app/config.go:180","func":"github.com/costa92/go-protoc/v2/pkg/app.PrintConfig","msg":"CFG: redis.read-timeout=3s","branch":"feature/v2-log","logger_type":"zap","service":"apiserver-dev","version":"cd03a2b-dirty"}
{"level":"debug","ts":"2025-08-23T14:18:55.859+0800","caller":"app/config.go:180","func":"github.com/costa92/go-protoc/v2/pkg/app.PrintConfig","msg":"CFG: log.encoder-config.stacktrace-key=stacktrace","branch":"feature/v2-log","logger_type":"zap","service":"apiserver-dev","version":"cd03a2b-dirty"}
{"level":"debug","ts":"2025-08-23T14:18:55.859+0800","caller":"app/config.go:180","func":"github.com/costa92/go-protoc/v2/pkg/app.PrintConfig","msg":"CFG: log.encoder-config.level-encoder=lowercase","branch":"feature/v2-log","logger_type":"zap","service":"apiserver-dev","version":"cd03a2b-dirty"}
{"level":"debug","ts":"2025-08-23T14:18:55.859+0800","caller":"app/config.go:180","func":"github.com/costa92/go-protoc/v2/pkg/app.PrintConfig","msg":"CFG: log.otlp.resource_attributes.service.namespace=go-protoc","branch":"feature/v2-log","logger_type":"zap","service":"apiserver-dev","version":"cd03a2b-dirty"}
{"level":"debug","ts":"2025-08-23T14:18:55.859+0800","caller":"app/config.go:180","func":"github.com/costa92/go-protoc/v2/pkg/app.PrintConfig","msg":"CFG: http.addr=0.0.0.0:8080","branch":"feature/v2-log","logger_type":"zap","service":"apiserver-dev","version":"cd03a2b-dirty"}
{"level":"debug","ts":"2025-08-23T14:18:55.859+0800","caller":"app/config.go:180","func":"github.com/costa92/go-protoc/v2/pkg/app.PrintConfig","msg":"CFG: pool-monitor.database.slow-query=1s","branch":"feature/v2-log","logger_type":"zap","service":"apiserver-dev","version":"cd03a2b-dirty"}
{"level":"debug","ts":"2025-08-23T14:18:55.859+0800","caller":"app/config.go:180","func":"github.com/costa92/go-protoc/v2/pkg/app.PrintConfig","msg":"CFG: sentry.traces-sample-rate=0.1","branch":"feature/v2-log","logger_type":"zap","service":"apiserver-dev","version":"cd03a2b-dirty"}
{"level":"debug","ts":"2025-08-23T14:18:55.859+0800","caller":"app/config.go:180","func":"github.com/costa92/go-protoc/v2/pkg/app.PrintConfig","msg":"CFG: log.otlp.enabled=true","branch":"feature/v2-log","logger_type":"zap","service":"apiserver-dev","version":"cd03a2b-dirty"}
{"level":"debug","ts":"2025-08-23T14:18:55.859+0800","caller":"app/config.go:180","func":"github.com/costa92/go-protoc/v2/pkg/app.PrintConfig","msg":"CFG: sentry.flush-timeout=5s","branch":"feature/v2-log","logger_type":"zap","service":"apiserver-dev","version":"cd03a2b-dirty"}
{"level":"debug","ts":"2025-08-23T14:18:55.859+0800","caller":"app/config.go:180","func":"github.com/costa92/go-protoc/v2/pkg/app.PrintConfig","msg":"CFG: jaeger.enabled=true","branch":"feature/v2-log","logger_type":"zap","service":"apiserver-dev","version":"cd03a2b-dirty"}
{"level":"debug","ts":"2025-08-23T14:18:55.859+0800","caller":"app/config.go:180","func":"github.com/costa92/go-protoc/v2/pkg/app.PrintConfig","msg":"CFG: log.otlp.export_timeout=30s","branch":"feature/v2-log","logger_type":"zap","service":"apiserver-dev","version":"cd03a2b-dirty"}
{"level":"debug","ts":"2025-08-23T14:18:55.859+0800","caller":"app/config.go:180","func":"github.com/costa92/go-protoc/v2/pkg/app.PrintConfig","msg":"CFG: redis.password=","branch":"feature/v2-log","logger_type":"zap","service":"apiserver-dev","version":"cd03a2b-dirty"}
{"level":"debug","ts":"2025-08-23T14:18:55.859+0800","caller":"app/config.go:180","func":"github.com/costa92/go-protoc/v2/pkg/app.PrintConfig","msg":"CFG: mysql.max-open-connections=100","branch":"feature/v2-log","logger_type":"zap","service":"apiserver-dev","version":"cd03a2b-dirty"}
{"level":"debug","ts":"2025-08-23T14:18:55.859+0800","caller":"app/config.go:180","func":"github.com/costa92/go-protoc/v2/pkg/app.PrintConfig","msg":"CFG: log.max-size=100","branch":"feature/v2-log","logger_type":"zap","service":"apiserver-dev","version":"cd03a2b-dirty"}
{"level":"debug","ts":"2025-08-23T14:18:55.859+0800","caller":"app/config.go:180","func":"github.com/costa92/go-protoc/v2/pkg/app.PrintConfig","msg":"CFG: log.function-key=func","branch":"feature/v2-log","logger_type":"zap","service":"apiserver-dev","version":"cd03a2b-dirty"}
{"level":"debug","ts":"2025-08-23T14:18:55.859+0800","caller":"app/config.go:180","func":"github.com/costa92/go-protoc/v2/pkg/app.PrintConfig","msg":"CFG: log.victoria-logs.enabled=false","branch":"feature/v2-log","logger_type":"zap","service":"apiserver-dev","version":"cd03a2b-dirty"}
{"level":"debug","ts":"2025-08-23T14:18:55.859+0800","caller":"app/config.go:180","func":"github.com/costa92/go-protoc/v2/pkg/app.PrintConfig","msg":"CFG: log.otlp.timeout=10s","branch":"feature/v2-log","logger_type":"zap","service":"apiserver-dev","version":"cd03a2b-dirty"}
{"level":"debug","ts":"2025-08-23T14:18:55.859+0800","caller":"app/config.go:180","func":"github.com/costa92/go-protoc/v2/pkg/app.PrintConfig","msg":"CFG: log.otlp.resource_attributes.service.name=apiserver","branch":"feature/v2-log","logger_type":"zap","service":"apiserver-dev","version":"cd03a2b-dirty"}
{"level":"debug","ts":"2025-08-23T14:18:55.859+0800","caller":"app/config.go:180","func":"github.com/costa92/go-protoc/v2/pkg/app.PrintConfig","msg":"CFG: mysql.max-idle-connections=100","branch":"feature/v2-log","logger_type":"zap","service":"apiserver-dev","version":"cd03a2b-dirty"}
{"level":"debug","ts":"2025-08-23T14:18:55.859+0800","caller":"app/config.go:180","func":"github.com/costa92/go-protoc/v2/pkg/app.PrintConfig","msg":"CFG: http.network=tcp","branch":"feature/v2-log","logger_type":"zap","service":"apiserver-dev","version":"cd03a2b-dirty"}
{"level":"debug","ts":"2025-08-23T14:18:55.859+0800","caller":"app/config.go:180","func":"github.com/costa92/go-protoc/v2/pkg/app.PrintConfig","msg":"CFG: jaeger.service-name=apiserver","branch":"feature/v2-log","logger_type":"zap","service":"apiserver-dev","version":"cd03a2b-dirty"}
{"level":"debug","ts":"2025-08-23T14:18:55.859+0800","caller":"app/config.go:180","func":"github.com/costa92/go-protoc/v2/pkg/app.PrintConfig","msg":"CFG: sentry.enable-profiling=false","branch":"feature/v2-log","logger_type":"zap","service":"apiserver-dev","version":"cd03a2b-dirty"}
{"level":"debug","ts":"2025-08-23T14:18:55.859+0800","caller":"app/config.go:180","func":"github.com/costa92/go-protoc/v2/pkg/app.PrintConfig","msg":"CFG: version=false","branch":"feature/v2-log","logger_type":"zap","service":"apiserver-dev","version":"cd03a2b-dirty"}
{"level":"debug","ts":"2025-08-23T14:18:55.859+0800","caller":"app/config.go:180","func":"github.com/costa92/go-protoc/v2/pkg/app.PrintConfig","msg":"CFG: log.encoder-config.caller-key=caller","branch":"feature/v2-log","logger_type":"zap","service":"apiserver-dev","version":"cd03a2b-dirty"}
{"level":"debug","ts":"2025-08-23T14:18:55.859+0800","caller":"app/config.go:180","func":"github.com/costa92/go-protoc/v2/pkg/app.PrintConfig","msg":"CFG: log.encoder-config.function-key=func","branch":"feature/v2-log","logger_type":"zap","service":"apiserver-dev","version":"cd03a2b-dirty"}
{"level":"debug","ts":"2025-08-23T14:18:55.859+0800","caller":"app/config.go:180","func":"github.com/costa92/go-protoc/v2/pkg/app.PrintConfig","msg":"CFG: log.otlp.insecure=true","branch":"feature/v2-log","logger_type":"zap","service":"apiserver-dev","version":"cd03a2b-dirty"}
{"level":"debug","ts":"2025-08-23T14:18:55.859+0800","caller":"app/config.go:180","func":"github.com/costa92/go-protoc/v2/pkg/app.PrintConfig","msg":"CFG: jwt.signing-method=HS512","branch":"feature/v2-log","logger_type":"zap","service":"apiserver-dev","version":"cd03a2b-dirty"}
{"level":"debug","ts":"2025-08-23T14:18:55.859+0800","caller":"app/config.go:180","func":"github.com/costa92/go-protoc/v2/pkg/app.PrintConfig","msg":"CFG: log.encoder-config.message-key=msg","branch":"feature/v2-log","logger_type":"zap","service":"apiserver-dev","version":"cd03a2b-dirty"}
{"level":"debug","ts":"2025-08-23T14:18:55.859+0800","caller":"app/config.go:180","func":"github.com/costa92/go-protoc/v2/pkg/app.PrintConfig","msg":"CFG: log.encoder-config.caller-encoder=short","branch":"feature/v2-log","logger_type":"zap","service":"apiserver-dev","version":"cd03a2b-dirty"}
{"level":"debug","ts":"2025-08-23T14:18:55.859+0800","caller":"app/config.go:180","func":"github.com/costa92/go-protoc/v2/pkg/app.PrintConfig","msg":"CFG: log.enable-color=false","branch":"feature/v2-log","logger_type":"zap","service":"apiserver-dev","version":"cd03a2b-dirty"}
{"level":"debug","ts":"2025-08-23T14:18:55.859+0800","caller":"app/config.go:180","func":"github.com/costa92/go-protoc/v2/pkg/app.PrintConfig","msg":"CFG: sentry.max-breadcrumbs=100","branch":"feature/v2-log","logger_type":"zap","service":"apiserver-dev","version":"cd03a2b-dirty"}
{"level":"debug","ts":"2025-08-23T14:18:55.859+0800","caller":"app/config.go:180","func":"github.com/costa92/go-protoc/v2/pkg/app.PrintConfig","msg":"CFG: log.level-key=level","branch":"feature/v2-log","logger_type":"zap","service":"apiserver-dev","version":"cd03a2b-dirty"}
{"level":"debug","ts":"2025-08-23T14:18:55.859+0800","caller":"app/config.go:180","func":"github.com/costa92/go-protoc/v2/pkg/app.PrintConfig","msg":"CFG: log.victoria-logs.batch-size=100","branch":"feature/v2-log","logger_type":"zap","service":"apiserver-dev","version":"cd03a2b-dirty"}
{"level":"debug","ts":"2025-08-23T14:18:55.859+0800","caller":"app/config.go:180","func":"github.com/costa92/go-protoc/v2/pkg/app.PrintConfig","msg":"CFG: feature-gates=","branch":"feature/v2-log","logger_type":"zap","service":"apiserver-dev","version":"cd03a2b-dirty"}
{"level":"debug","ts":"2025-08-23T14:18:55.859+0800","caller":"app/config.go:180","func":"github.com/costa92/go-protoc/v2/pkg/app.PrintConfig","msg":"CFG: sentry.enable-tracing=true","branch":"feature/v2-log","logger_type":"zap","service":"apiserver-dev","version":"cd03a2b-dirty"}
{"level":"debug","ts":"2025-08-23T14:18:55.859+0800","caller":"app/config.go:180","func":"github.com/costa92/go-protoc/v2/pkg/app.PrintConfig","msg":"CFG: pool-monitor.database.enabled=true","branch":"feature/v2-log","logger_type":"zap","service":"apiserver-dev","version":"cd03a2b-dirty"}
{"level":"debug","ts":"2025-08-23T14:18:55.859+0800","caller":"app/config.go:180","func":"github.com/costa92/go-protoc/v2/pkg/app.PrintConfig","msg":"CFG: log.caller-encoder=short","branch":"feature/v2-log","logger_type":"zap","service":"apiserver-dev","version":"cd03a2b-dirty"}
{"level":"debug","ts":"2025-08-23T14:18:55.859+0800","caller":"app/config.go:180","func":"github.com/costa92/go-protoc/v2/pkg/app.PrintConfig","msg":"CFG: pool-monitor.collect-interval=30s","branch":"feature/v2-log","logger_type":"zap","service":"apiserver-dev","version":"cd03a2b-dirty"}
{"level":"debug","ts":"2025-08-23T14:18:55.859+0800","caller":"app/config.go:180","func":"github.com/costa92/go-protoc/v2/pkg/app.PrintConfig","msg":"CFG: log.disable-function-at-info=true","branch":"feature/v2-log","logger_type":"zap","service":"apiserver-dev","version":"cd03a2b-dirty"}
{"level":"debug","ts":"2025-08-23T14:18:55.859+0800","caller":"app/config.go:180","func":"github.com/costa92/go-protoc/v2/pkg/app.PrintConfig","msg":"CFG: jaeger.sampler-type=const","branch":"feature/v2-log","logger_type":"zap","service":"apiserver-dev","version":"cd03a2b-dirty"}
{"level":"debug","ts":"2025-08-23T14:18:55.859+0800","caller":"app/config.go:180","func":"github.com/costa92/go-protoc/v2/pkg/app.PrintConfig","msg":"CFG: config=configs/apiserver.yaml","branch":"feature/v2-log","logger_type":"zap","service":"apiserver-dev","version":"cd03a2b-dirty"}
{"level":"debug","ts":"2025-08-23T14:18:55.859+0800","caller":"app/config.go:180","func":"github.com/costa92/go-protoc/v2/pkg/app.PrintConfig","msg":"CFG: log.compress=true","branch":"feature/v2-log","logger_type":"zap","service":"apiserver-dev","version":"cd03a2b-dirty"}
{"level":"debug","ts":"2025-08-23T14:18:55.859+0800","caller":"app/config.go:180","func":"github.com/costa92/go-protoc/v2/pkg/app.PrintConfig","msg":"CFG: sentry.send-default-pii=false","branch":"feature/v2-log","logger_type":"zap","service":"apiserver-dev","version":"cd03a2b-dirty"}
{"level":"debug","ts":"2025-08-23T14:18:55.859+0800","caller":"app/config.go:180","func":"github.com/costa92/go-protoc/v2/pkg/app.PrintConfig","msg":"CFG: redis.addr=127.0.0.1:6379","branch":"feature/v2-log","logger_type":"zap","service":"apiserver-dev","version":"cd03a2b-dirty"}
{"level":"debug","ts":"2025-08-23T14:18:55.859+0800","caller":"app/config.go:180","func":"github.com/costa92/go-protoc/v2/pkg/app.PrintConfig","msg":"CFG: grpc.timeout=10s","branch":"feature/v2-log","logger_type":"zap","service":"apiserver-dev","version":"cd03a2b-dirty"}
{"level":"debug","ts":"2025-08-23T14:18:55.859+0800","caller":"app/config.go:180","func":"github.com/costa92/go-protoc/v2/pkg/app.PrintConfig","msg":"CFG: log.victoria-logs.version=v2.0.0","branch":"feature/v2-log","logger_type":"zap","service":"apiserver-dev","version":"cd03a2b-dirty"}
{"level":"debug","ts":"2025-08-23T14:18:55.859+0800","caller":"app/config.go:180","func":"github.com/costa92/go-protoc/v2/pkg/app.PrintConfig","msg":"CFG: jaeger.server=127.0.0.1:6831","branch":"feature/v2-log","logger_type":"zap","service":"apiserver-dev","version":"cd03a2b-dirty"}
{"level":"debug","ts":"2025-08-23T14:18:55.859+0800","caller":"app/config.go:180","func":"github.com/costa92/go-protoc/v2/pkg/app.PrintConfig","msg":"CFG: log.development=false","branch":"feature/v2-log","logger_type":"zap","service":"apiserver-dev","version":"cd03a2b-dirty"}
{"level":"debug","ts":"2025-08-23T14:18:55.859+0800","caller":"app/config.go:180","func":"github.com/costa92/go-protoc/v2/pkg/app.PrintConfig","msg":"CFG: jwt.key=onex(#)666","branch":"feature/v2-log","logger_type":"zap","service":"apiserver-dev","version":"cd03a2b-dirty"}
{"level":"debug","ts":"2025-08-23T14:18:55.859+0800","caller":"app/config.go:180","func":"github.com/costa92/go-protoc/v2/pkg/app.PrintConfig","msg":"CFG: log.otlp.resource_attributes.deployment.environment=development","branch":"feature/v2-log","logger_type":"zap","service":"apiserver-dev","version":"cd03a2b-dirty"}
{"level":"debug","ts":"2025-08-23T14:18:55.859+0800","caller":"app/config.go:180","func":"github.com/costa92/go-protoc/v2/pkg/app.PrintConfig","msg":"CFG: redis.pool-timeout=4s","branch":"feature/v2-log","logger_type":"zap","service":"apiserver-dev","version":"cd03a2b-dirty"}
{"level":"debug","ts":"2025-08-23T14:18:55.859+0800","caller":"app/config.go:180","func":"github.com/costa92/go-protoc/v2/pkg/app.PrintConfig","msg":"CFG: log.encoding=json","branch":"feature/v2-log","logger_type":"zap","service":"apiserver-dev","version":"cd03a2b-dirty"}
{"level":"debug","ts":"2025-08-23T14:18:55.860+0800","caller":"app/config.go:180","func":"github.com/costa92/go-protoc/v2/pkg/app.PrintConfig","msg":"CFG: log.stacktrace-key=stacktrace","branch":"feature/v2-log","logger_type":"zap","service":"apiserver-dev","version":"cd03a2b-dirty"}
{"level":"debug","ts":"2025-08-23T14:18:55.860+0800","caller":"app/config.go:180","func":"github.com/costa92/go-protoc/v2/pkg/app.PrintConfig","msg":"CFG: sentry.ignore-errors=[]","branch":"feature/v2-log","logger_type":"zap","service":"apiserver-dev","version":"cd03a2b-dirty"}
{"level":"debug","ts":"2025-08-23T14:18:55.860+0800","caller":"app/config.go:180","func":"github.com/costa92/go-protoc/v2/pkg/app.PrintConfig","msg":"CFG: jaeger.reporter-log-spans=true","branch":"feature/v2-log","logger_type":"zap","service":"apiserver-dev","version":"cd03a2b-dirty"}
{"level":"debug","ts":"2025-08-23T14:18:55.860+0800","caller":"app/config.go:180","func":"github.com/costa92/go-protoc/v2/pkg/app.PrintConfig","msg":"CFG: log.otlp.resource_attributes.service.version=v2.0.0","branch":"feature/v2-log","logger_type":"zap","service":"apiserver-dev","version":"cd03a2b-dirty"}
{"level":"debug","ts":"2025-08-23T14:18:55.860+0800","caller":"app/config.go:180","func":"github.com/costa92/go-protoc/v2/pkg/app.PrintConfig","msg":"CFG: sentry.enabled=false","branch":"feature/v2-log","logger_type":"zap","service":"apiserver-dev","version":"cd03a2b-dirty"}
{"level":"debug","ts":"2025-08-23T14:18:55.860+0800","caller":"app/config.go:180","func":"github.com/costa92/go-protoc/v2/pkg/app.PrintConfig","msg":"CFG: mysql.password=proj(#)666","branch":"feature/v2-log","logger_type":"zap","service":"apiserver-dev","version":"cd03a2b-dirty"}
{"level":"debug","ts":"2025-08-23T14:18:55.860+0800","caller":"app/config.go:180","func":"github.com/costa92/go-protoc/v2/pkg/app.PrintConfig","msg":"CFG: redis.max-retries=3","branch":"feature/v2-log","logger_type":"zap","service":"apiserver-dev","version":"cd03a2b-dirty"}
{"level":"debug","ts":"2025-08-23T14:18:55.860+0800","caller":"app/config.go:180","func":"github.com/costa92/go-protoc/v2/pkg/app.PrintConfig","msg":"CFG: log.encoder-config.level-key=level","branch":"feature/v2-log","logger_type":"zap","service":"apiserver-dev","version":"cd03a2b-dirty"}
{"level":"debug","ts":"2025-08-23T14:18:55.860+0800","caller":"app/config.go:180","func":"github.com/costa92/go-protoc/v2/pkg/app.PrintConfig","msg":"CFG: log.otlp.batch_size=100","branch":"feature/v2-log","logger_type":"zap","service":"apiserver-dev","version":"cd03a2b-dirty"}
{"level":"debug","ts":"2025-08-23T14:18:55.860+0800","caller":"app/config.go:180","func":"github.com/costa92/go-protoc/v2/pkg/app.PrintConfig","msg":"CFG: redis.dial-timeout=5s","branch":"feature/v2-log","logger_type":"zap","service":"apiserver-dev","version":"cd03a2b-dirty"}
{"level":"debug","ts":"2025-08-23T14:18:55.860+0800","caller":"app/config.go:180","func":"github.com/costa92/go-protoc/v2/pkg/app.PrintConfig","msg":"CFG: log.time-encoder=iso8601","branch":"feature/v2-log","logger_type":"zap","service":"apiserver-dev","version":"cd03a2b-dirty"}
{"level":"debug","ts":"2025-08-23T14:18:55.860+0800","caller":"app/config.go:180","func":"github.com/costa92/go-protoc/v2/pkg/app.PrintConfig","msg":"CFG: jaeger.sampler-param=1","branch":"feature/v2-log","logger_type":"zap","service":"apiserver-dev","version":"cd03a2b-dirty"}
{"level":"debug","ts":"2025-08-23T14:18:55.860+0800","caller":"app/config.go:180","func":"github.com/costa92/go-protoc/v2/pkg/app.PrintConfig","msg":"CFG: log.encoder-config.time-encoder=iso8601","branch":"feature/v2-log","logger_type":"zap","service":"apiserver-dev","version":"cd03a2b-dirty"}
{"level":"debug","ts":"2025-08-23T14:18:55.860+0800","caller":"app/config.go:180","func":"github.com/costa92/go-protoc/v2/pkg/app.PrintConfig","msg":"CFG: grpc.network=tcp","branch":"feature/v2-log","logger_type":"zap","service":"apiserver-dev","version":"cd03a2b-dirty"}
{"level":"debug","ts":"2025-08-23T14:18:55.860+0800","caller":"app/config.go:180","func":"github.com/costa92/go-protoc/v2/pkg/app.PrintConfig","msg":"CFG: mysql.max-connection-life-time=10s","branch":"feature/v2-log","logger_type":"zap","service":"apiserver-dev","version":"cd03a2b-dirty"}
{"level":"debug","ts":"2025-08-23T14:18:55.860+0800","caller":"app/config.go:180","func":"github.com/costa92/go-protoc/v2/pkg/app.PrintConfig","msg":"CFG: log.caller-skip=1","branch":"feature/v2-log","logger_type":"zap","service":"apiserver-dev","version":"cd03a2b-dirty"}
{"level":"debug","ts":"2025-08-23T14:18:55.860+0800","caller":"app/config.go:180","func":"github.com/costa92/go-protoc/v2/pkg/app.PrintConfig","msg":"CFG: grpc.addr=0.0.0.0:9090","branch":"feature/v2-log","logger_type":"zap","service":"apiserver-dev","version":"cd03a2b-dirty"}
{"level":"debug","ts":"2025-08-23T14:18:55.860+0800","caller":"app/config.go:180","func":"github.com/costa92/go-protoc/v2/pkg/app.PrintConfig","msg":"CFG: log.max-backups=5","branch":"feature/v2-log","logger_type":"zap","service":"apiserver-dev","version":"cd03a2b-dirty"}
{"level":"debug","ts":"2025-08-23T14:18:55.860+0800","caller":"app/config.go:180","func":"github.com/costa92/go-protoc/v2/pkg/app.PrintConfig","msg":"CFG: log.victoria-logs.flush-interval=5","branch":"feature/v2-log","logger_type":"zap","service":"apiserver-dev","version":"cd03a2b-dirty"}
{"level":"debug","ts":"2025-08-23T14:18:55.860+0800","caller":"app/config.go:180","func":"github.com/costa92/go-protoc/v2/pkg/app.PrintConfig","msg":"CFG: redis.username=","branch":"feature/v2-log","logger_type":"zap","service":"apiserver-dev","version":"cd03a2b-dirty"}
{"level":"debug","ts":"2025-08-23T14:18:55.860+0800","caller":"app/config.go:180","func":"github.com/costa92/go-protoc/v2/pkg/app.PrintConfig","msg":"CFG: sentry.attach-stacktrace=true","branch":"feature/v2-log","logger_type":"zap","service":"apiserver-dev","version":"cd03a2b-dirty"}
{"level":"debug","ts":"2025-08-23T14:18:55.860+0800","caller":"app/config.go:180","func":"github.com/costa92/go-protoc/v2/pkg/app.PrintConfig","msg":"CFG: log.format=json","branch":"feature/v2-log","logger_type":"zap","service":"apiserver-dev","version":"cd03a2b-dirty"}
{"level":"debug","ts":"2025-08-23T14:18:55.860+0800","caller":"app/config.go:180","func":"github.com/costa92/go-protoc/v2/pkg/app.PrintConfig","msg":"CFG: jaeger.agent-port=6831","branch":"feature/v2-log","logger_type":"zap","service":"apiserver-dev","version":"cd03a2b-dirty"}
{"level":"debug","ts":"2025-08-23T14:18:55.860+0800","caller":"app/config.go:180","func":"github.com/costa92/go-protoc/v2/pkg/app.PrintConfig","msg":"CFG: redis.write-timeout=3s","branch":"feature/v2-log","logger_type":"zap","service":"apiserver-dev","version":"cd03a2b-dirty"}
{"level":"debug","ts":"2025-08-23T14:18:55.860+0800","caller":"app/config.go:180","func":"github.com/costa92/go-protoc/v2/pkg/app.PrintConfig","msg":"CFG: jaeger.env=development","branch":"feature/v2-log","logger_type":"zap","service":"apiserver-dev","version":"cd03a2b-dirty"}
{"level":"debug","ts":"2025-08-23T14:18:55.860+0800","caller":"app/config.go:180","func":"github.com/costa92/go-protoc/v2/pkg/app.PrintConfig","msg":"CFG: log.dynamic=false","branch":"feature/v2-log","logger_type":"zap","service":"apiserver-dev","version":"cd03a2b-dirty"}
{"level":"debug","ts":"2025-08-23T14:18:55.860+0800","caller":"app/config.go:180","func":"github.com/costa92/go-protoc/v2/pkg/app.PrintConfig","msg":"CFG: log.disable-caller=false","branch":"feature/v2-log","logger_type":"zap","service":"apiserver-dev","version":"cd03a2b-dirty"}
{"level":"debug","ts":"2025-08-23T14:18:55.860+0800","caller":"app/config.go:180","func":"github.com/costa92/go-protoc/v2/pkg/app.PrintConfig","msg":"CFG: sentry.profiles-sample-rate=0.1","branch":"feature/v2-log","logger_type":"zap","service":"apiserver-dev","version":"cd03a2b-dirty"}
{"level":"debug","ts":"2025-08-23T14:18:55.860+0800","caller":"app/config.go:180","func":"github.com/costa92/go-protoc/v2/pkg/app.PrintConfig","msg":"CFG: log.victoria-logs.endpoint=http://127.0.0.1:9428","branch":"feature/v2-log","logger_type":"zap","service":"apiserver-dev","version":"cd03a2b-dirty"}
{"level":"debug","ts":"2025-08-23T14:18:55.860+0800","caller":"app/config.go:180","func":"github.com/costa92/go-protoc/v2/pkg/app.PrintConfig","msg":"CFG: log.victoria-logs.service=apiserver","branch":"feature/v2-log","logger_type":"zap","service":"apiserver-dev","version":"cd03a2b-dirty"}
{"level":"debug","ts":"2025-08-23T14:18:55.860+0800","caller":"app/config.go:180","func":"github.com/costa92/go-protoc/v2/pkg/app.PrintConfig","msg":"CFG: log.encoder-config.time-key=ts","branch":"feature/v2-log","logger_type":"zap","service":"apiserver-dev","version":"cd03a2b-dirty"}
{"level":"debug","ts":"2025-08-23T14:18:55.860+0800","caller":"app/config.go:180","func":"github.com/costa92/go-protoc/v2/pkg/app.PrintConfig","msg":"CFG: log.message-key=msg","branch":"feature/v2-log","logger_type":"zap","service":"apiserver-dev","version":"cd03a2b-dirty"}
{"level":"debug","ts":"2025-08-23T14:18:55.860+0800","caller":"app/config.go:180","func":"github.com/costa92/go-protoc/v2/pkg/app.PrintConfig","msg":"CFG: sentry.debug=false","branch":"feature/v2-log","logger_type":"zap","service":"apiserver-dev","version":"cd03a2b-dirty"}
{"level":"debug","ts":"2025-08-23T14:18:55.860+0800","caller":"app/config.go:180","func":"github.com/costa92/go-protoc/v2/pkg/app.PrintConfig","msg":"CFG: mysql.log-level=1","branch":"feature/v2-log","logger_type":"zap","service":"apiserver-dev","version":"cd03a2b-dirty"}
{"level":"debug","ts":"2025-08-23T14:18:55.860+0800","caller":"app/config.go:180","func":"github.com/costa92/go-protoc/v2/pkg/app.PrintConfig","msg":"CFG: log.type=zap","branch":"feature/v2-log","logger_type":"zap","service":"apiserver-dev","version":"cd03a2b-dirty"}
{"level":"debug","ts":"2025-08-23T14:18:55.860+0800","caller":"app/config.go:180","func":"github.com/costa92/go-protoc/v2/pkg/app.PrintConfig","msg":"CFG: log.level-encoder=lowercase","branch":"feature/v2-log","logger_type":"zap","service":"apiserver-dev","version":"cd03a2b-dirty"}
{"level":"debug","ts":"2025-08-23T14:18:55.860+0800","caller":"app/config.go:180","func":"github.com/costa92/go-protoc/v2/pkg/app.PrintConfig","msg":"CFG: mysql.username=root","branch":"feature/v2-log","logger_type":"zap","service":"apiserver-dev","version":"cd03a2b-dirty"}
{"level":"debug","ts":"2025-08-23T14:18:55.860+0800","caller":"app/config.go:180","func":"github.com/costa92/go-protoc/v2/pkg/app.PrintConfig","msg":"CFG: mysql.host=127.0.0.1","branch":"feature/v2-log","logger_type":"zap","service":"apiserver-dev","version":"cd03a2b-dirty"}
{"level":"debug","ts":"2025-08-23T14:18:55.860+0800","caller":"app/config.go:180","func":"github.com/costa92/go-protoc/v2/pkg/app.PrintConfig","msg":"CFG: vmodule=","branch":"feature/v2-log","logger_type":"zap","service":"apiserver-dev","version":"cd03a2b-dirty"}
{"level":"debug","ts":"2025-08-23T14:18:55.860+0800","caller":"app/config.go:180","func":"github.com/costa92/go-protoc/v2/pkg/app.PrintConfig","msg":"CFG: jaeger.agent-host=127.0.0.1","branch":"feature/v2-log","logger_type":"zap","service":"apiserver-dev","version":"cd03a2b-dirty"}
{"level":"debug","ts":"2025-08-23T14:18:55.860+0800","caller":"app/config.go:180","func":"github.com/costa92/go-protoc/v2/pkg/app.PrintConfig","msg":"CFG: help=false","branch":"feature/v2-log","logger_type":"zap","service":"apiserver-dev","version":"cd03a2b-dirty"}
{"level":"debug","ts":"2025-08-23T14:18:55.860+0800","caller":"app/config.go:180","func":"github.com/costa92/go-protoc/v2/pkg/app.PrintConfig","msg":"CFG: sentry.sample-rate=1","branch":"feature/v2-log","logger_type":"zap","service":"apiserver-dev","version":"cd03a2b-dirty"}
{"level":"debug","ts":"2025-08-23T14:18:55.860+0800","caller":"app/config.go:180","func":"github.com/costa92/go-protoc/v2/pkg/app.PrintConfig","msg":"CFG: log.error-output-paths=[stderr]","branch":"feature/v2-log","logger_type":"zap","service":"apiserver-dev","version":"cd03a2b-dirty"}
{"level":"debug","ts":"2025-08-23T14:18:55.860+0800","caller":"app/config.go:180","func":"github.com/costa92/go-protoc/v2/pkg/app.PrintConfig","msg":"CFG: redis.database=0","branch":"feature/v2-log","logger_type":"zap","service":"apiserver-dev","version":"cd03a2b-dirty"}
{"level":"debug","ts":"2025-08-23T14:18:55.860+0800","caller":"app/config.go:180","func":"github.com/costa92/go-protoc/v2/pkg/app.PrintConfig","msg":"CFG: jwt.expired=2h","branch":"feature/v2-log","logger_type":"zap","service":"apiserver-dev","version":"cd03a2b-dirty"}
{"level":"debug","ts":"2025-08-23T14:18:55.860+0800","caller":"app/config.go:180","func":"github.com/costa92/go-protoc/v2/pkg/app.PrintConfig","msg":"CFG: http.timeout=10s","branch":"feature/v2-log","logger_type":"zap","service":"apiserver-dev","version":"cd03a2b-dirty"}
{"level":"debug","ts":"2025-08-23T14:18:55.860+0800","caller":"app/config.go:180","func":"github.com/costa92/go-protoc/v2/pkg/app.PrintConfig","msg":"CFG: mysql.log-mode=1","branch":"feature/v2-log","logger_type":"zap","service":"apiserver-dev","version":"cd03a2b-dirty"}
{"level":"debug","ts":"2025-08-23T14:18:55.860+0800","caller":"app/config.go:180","func":"github.com/costa92/go-protoc/v2/pkg/app.PrintConfig","msg":"CFG: pool-monitor.enabled=true","branch":"feature/v2-log","logger_type":"zap","service":"apiserver-dev","version":"cd03a2b-dirty"}
{"level":"debug","ts":"2025-08-23T14:18:55.860+0800","caller":"app/config.go:180","func":"github.com/costa92/go-protoc/v2/pkg/app.PrintConfig","msg":"CFG: pool-monitor.namespace=apiserver","branch":"feature/v2-log","logger_type":"zap","service":"apiserver-dev","version":"cd03a2b-dirty"}
{"level":"info","ts":"2025-08-23T14:18:55.860+0800","caller":"app/server.go:67","msg":"Connection pool metrics collection is enabled through dependency injection"}
{"level":"info","ts":"2025-08-23T14:18:55.860+0800","caller":"app/server.go:68","msg":"Metrics will be automatically collected by the PoolMonitor when database connections are established"}
{"level":"info","ts":"2025-08-23T14:18:55.860+0800","caller":"app/server.go:71","msg":"Database pool monitoring enabled","slow_query_threshold":1000,"collect_interval":30000}
{"level":"info","ts":"2025-08-23T14:18:55.860+0800","caller":"app/server.go:77","msg":"Redis pool monitoring enabled","collect_interval":30000}
{"level":"info","ts":"2025-08-23T14:18:55.860+0800","caller":"apiserver/server.go:66","msg":"Initializing API server","service":"apiserver-dev","version":"cd03a2b-dirty","branch":"feature/v2-log","commit":"cd03a2ba","build_date":"2025-08-23T06:18:47Z","go_version":"go1.25.0"}
{"level":"info","ts":"2025-08-23T14:18:55.861+0800","caller":"apiserver/server.go:78","msg":"Logger configuration","level":"debug","format":"json"}
{"level":"debug","ts":"2025-08-23T14:18:55.861+0800","caller":"apiserver/server.go:79","func":"github.com/costa92/go-protoc/v2/internal/apiserver.(*Config).NewServer","msg":"Debug logging enabled","branch":"feature/v2-log","logger_type":"zap","service":"apiserver-dev","version":"cd03a2b-dirty","caller_skip":2,"enable_color":false}
{"level":"info","ts":"2025-08-23T14:18:55.861+0800","caller":"apiserver/server.go:83","msg":"Validating service connections before startup..."}
{"level":"info","ts":"2025-08-23T14:18:55.861+0800","caller":"apiserver/server.go:87","msg":"Testing MySQL connection..."}
{"level":"info","ts":"2025-08-23T14:18:55.866+0800","caller":"apiserver/server.go:92","msg":"MySQL connection test passed"}
{"level":"info","ts":"2025-08-23T14:18:55.866+0800","caller":"apiserver/server.go:97","msg":"Testing Redis connection..."}
{"level":"info","ts":"2025-08-23T14:18:55.870+0800","caller":"apiserver/server.go:102","msg":"Redis connection test passed"}
{"level":"info","ts":"2025-08-23T14:18:55.870+0800","caller":"apiserver/server.go:107","msg":"Testing Jaeger connection..."}
{"level":"info","ts":"2025-08-23T14:18:55.870+0800","caller":"apiserver/server.go:112","msg":"Jaeger connection test passed"}
{"level":"info","ts":"2025-08-23T14:18:55.870+0800","caller":"apiserver/server.go:115","msg":"All service connections validated successfully"}
{"level":"info","ts":"2025-08-23T14:18:55.975+0800","caller":"server/kratos_server.go:47","msg":"Start to listening the incoming requests","protocol":"kratos"}
{"level":"info","ts":"2025-08-23T14:18:55.976+0800","caller":"logger/kratos_adapter.go:40","msg":"[HTTP] server listening on: [::]:8080","ts":"2025-08-23T14:18:55+08:00","caller":"http/server.go:330","msg":"[HTTP] server listening on: [::]:8080"}
{"level":"info","ts":"2025-08-23T14:18:55.976+0800","caller":"logger/kratos_adapter.go:40","msg":"[gRPC] server listening on: [::]:9090","ts":"2025-08-23T14:18:55+08:00","caller":"grpc/server.go:220","msg":"[gRPC] server listening on: [::]:9090"}
{"level":"error","ts":"2025-08-23T14:19:18.916+0800","caller":"handler/user.go:14","func":"github.com/costa92/go-protoc/v2/internal/apiserver/handler.(*Handler).GetUser","msg":"GetUser failed","branch":"feature/v2-log","logger_type":"zap","service":"apiserver-dev","version":"cd03a2b-dirty","error":"business logic error","user_id":"1","stacktrace":"github.com/costa92/go-protoc/v2/internal/apiserver/handler.(*Handler).GetUser\n\t/Users/costalong/code/go/src/github.com/costa92/go-protoc/internal/apiserver/handler/user.go:14\ngithub.com/costa92/go-protoc/v2/pkg/api/apiserver/v1.RegisterApiServerHTTPServer._ApiServer_GetUser0_HTTP_Handler.func1.1\n\t/Users/costalong/code/go/src/github.com/costa92/go-protoc/pkg/api/apiserver/v1/apiserver_http.pb.go:47\ngithub.com/costa92/go-protoc/v2/internal/apiserver.NewMiddlewares.Server.func5.1\n\t/Users/costalong/code/go/src/github.com/costa92/go-protoc/internal/pkg/middleware/logging/logging.go:107\ngithub.com/costa92/go-protoc/v2/internal/pkg/middleware/i18n.Translator.func1.1\n\t/Users/costalong/code/go/src/github.com/costa92/go-protoc/internal/pkg/middleware/i18n/i18n.go:28\ngithub.com/costa92/go-protoc/v2/internal/pkg/middleware/tracing.Server.func1.1\n\t/Users/costalong/code/go/src/github.com/costa92/go-protoc/internal/pkg/middleware/tracing/tracing.go:62\ngithub.com/costa92/go-protoc/v2/internal/apiserver.NewMiddlewares.ServerJWTAuth.func2.1\n\t/Users/costalong/code/go/src/github.com/costa92/go-protoc/pkg/middleware/authn/jwt_auth.go:102\ngithub.com/costa92/go-protoc/v2/internal/apiserver.NewMiddlewares.Validator.func1.1\n\t/Users/costalong/code/go/src/github.com/costa92/go-protoc/internal/pkg/middleware/validate/validate_kratos.go:38\ngithub.com/costa92/go-protoc/v2/pkg/api/apiserver/v1.RegisterApiServerHTTPServer._ApiServer_GetUser0_HTTP_Handler.func1\n\t/Users/costalong/code/go/src/github.com/costa92/go-protoc/pkg/api/apiserver/v1/apiserver_http.pb.go:49\ngithub.com/go-kratos/kratos/v2/transport/http.(*Router).Handle.func1\n\t/Users/costalong/.gvm/pkgsets/go1.25/global/pkg/mod/github.com/go-kratos/kratos/v2@v2.8.3/transport/http/router.go:49\nnet/http.HandlerFunc.ServeHTTP\n\t/Users/costalong/.gvm/gos/go1.25/src/net/http/server.go:2322\ngithub.com/go-kratos/kratos/v2/transport/http.NewServer.(*Server).filter.func1.1\n\t/Users/costalong/.gvm/pkgsets/go1.25/global/pkg/mod/github.com/go-kratos/kratos/v2@v2.8.3/transport/http/server.go:305\nnet/http.HandlerFunc.ServeHTTP\n\t/Users/costalong/.gvm/gos/go1.25/src/net/http/server.go:2322\ngithub.com/gorilla/mux.(*Router).ServeHTTP\n\t/Users/costalong/.gvm/pkgsets/go1.25/global/pkg/mod/github.com/gorilla/mux@v1.8.1/mux.go:212\ngithub.com/gorilla/handlers.(*cors).ServeHTTP\n\t/Users/costalong/.gvm/pkgsets/go1.25/global/pkg/mod/github.com/gorilla/handlers@v1.5.2/cors.go:54\nnet/http.serverHandler.ServeHTTP\n\t/Users/costalong/.gvm/gos/go1.25/src/net/http/server.go:3340\nnet/http.(*conn).serve\n\t/Users/costalong/.gvm/gos/go1.25/src/net/http/server.go:2109"}
{"level":"error","ts":"2025-08-23T14:19:24.132+0800","caller":"handler/user.go:14","func":"github.com/costa92/go-protoc/v2/internal/apiserver/handler.(*Handler).GetUser","msg":"GetUser failed","branch":"feature/v2-log","logger_type":"zap","service":"apiserver-dev","version":"cd03a2b-dirty","error":"business logic error","user_id":"1","stacktrace":"github.com/costa92/go-protoc/v2/internal/apiserver/handler.(*Handler).GetUser\n\t/Users/costalong/code/go/src/github.com/costa92/go-protoc/internal/apiserver/handler/user.go:14\ngithub.com/costa92/go-protoc/v2/pkg/api/apiserver/v1.RegisterApiServerHTTPServer._ApiServer_GetUser0_HTTP_Handler.func1.1\n\t/Users/costalong/code/go/src/github.com/costa92/go-protoc/pkg/api/apiserver/v1/apiserver_http.pb.go:47\ngithub.com/costa92/go-protoc/v2/internal/apiserver.NewMiddlewares.Server.func5.1\n\t/Users/costalong/code/go/src/github.com/costa92/go-protoc/internal/pkg/middleware/logging/logging.go:107\ngithub.com/costa92/go-protoc/v2/internal/pkg/middleware/i18n.Translator.func1.1\n\t/Users/costalong/code/go/src/github.com/costa92/go-protoc/internal/pkg/middleware/i18n/i18n.go:28\ngithub.com/costa92/go-protoc/v2/internal/pkg/middleware/tracing.Server.func1.1\n\t/Users/costalong/code/go/src/github.com/costa92/go-protoc/internal/pkg/middleware/tracing/tracing.go:62\ngithub.com/costa92/go-protoc/v2/internal/apiserver.NewMiddlewares.ServerJWTAuth.func2.1\n\t/Users/costalong/code/go/src/github.com/costa92/go-protoc/pkg/middleware/authn/jwt_auth.go:102\ngithub.com/costa92/go-protoc/v2/internal/apiserver.NewMiddlewares.Validator.func1.1\n\t/Users/costalong/code/go/src/github.com/costa92/go-protoc/internal/pkg/middleware/validate/validate_kratos.go:38\ngithub.com/costa92/go-protoc/v2/pkg/api/apiserver/v1.RegisterApiServerHTTPServer._ApiServer_GetUser0_HTTP_Handler.func1\n\t/Users/costalong/code/go/src/github.com/costa92/go-protoc/pkg/api/apiserver/v1/apiserver_http.pb.go:49\ngithub.com/go-kratos/kratos/v2/transport/http.(*Router).Handle.func1\n\t/Users/costalong/.gvm/pkgsets/go1.25/global/pkg/mod/github.com/go-kratos/kratos/v2@v2.8.3/transport/http/router.go:49\nnet/http.HandlerFunc.ServeHTTP\n\t/Users/costalong/.gvm/gos/go1.25/src/net/http/server.go:2322\ngithub.com/go-kratos/kratos/v2/transport/http.NewServer.(*Server).filter.func1.1\n\t/Users/costalong/.gvm/pkgsets/go1.25/global/pkg/mod/github.com/go-kratos/kratos/v2@v2.8.3/transport/http/server.go:305\nnet/http.HandlerFunc.ServeHTTP\n\t/Users/costalong/.gvm/gos/go1.25/src/net/http/server.go:2322\ngithub.com/gorilla/mux.(*Router).ServeHTTP\n\t/Users/costalong/.gvm/pkgsets/go1.25/global/pkg/mod/github.com/gorilla/mux@v1.8.1/mux.go:212\ngithub.com/gorilla/handlers.(*cors).ServeHTTP\n\t/Users/costalong/.gvm/pkgsets/go1.25/global/pkg/mod/github.com/gorilla/handlers@v1.5.2/cors.go:54\nnet/http.serverHandler.ServeHTTP\n\t/Users/costalong/.gvm/gos/go1.25/src/net/http/server.go:3340\nnet/http.(*conn).serve\n\t/Users/costalong/.gvm/gos/go1.25/src/net/http/server.go:2109"}
{"level":"info","ts":"2025-08-23T14:21:18.005+0800","caller":"app/config.go:171","msg":"Logger reinitialized from configuration file","level":"debug","format":"json","service":"apiserver"}
{"level":"info","ts":"2025-08-23T14:23:12.069+0800","caller":"app/config.go:171","msg":"Logger reinitialized from configuration file","level":"debug","format":"json","service":"apiserver"}
{"level":"info","ts":"2025-08-23T14:29:21.949+0800","caller":"app/config.go:171","func":"github.com/costa92/go-protoc/v2/pkg/app.reinitializeLoggerFromConfig","msg":"Logger reinitialized from configuration file","branch":"unknown","environment":"development","logger_type":"zap","service":"apiserver","version":"v2.0.0","level":"debug","format":"json","service":"apiserver"}
{"level":"info","ts":"2025-08-23T14:34:01.102+0800","caller":"server/server.go:29","msg":"Shutting down server...","service":"apiserver-dev","version":"cd03a2b-dirty"}
{"level":"info","ts":"2025-08-23T14:34:01.102+0800","caller":"logger/kratos_adapter.go:40","msg":"[HTTP] server stopping","ts":"2025-08-23T14:34:01+08:00","caller":"http/server.go:345","msg":"[HTTP] server stopping"}
{"level":"info","ts":"2025-08-23T14:34:01.103+0800","caller":"server/kratos_server.go:54","msg":"Gracefully stop kratos application"}
{"level":"info","ts":"2025-08-23T14:34:01.104+0800","caller":"server/server.go:40","msg":"Server exited successfully.","service":"apiserver-dev","version":"cd03a2b-dirty"}
{"level":"info","ts":"2025-08-23T14:34:10.774+0800","caller":"app/config.go:171","func":"github.com/costa92/go-protoc/v2/pkg/app.reinitializeLoggerFromConfig","msg":"Logger reinitialized from configuration file","branch":"feature/v2-log","environment":"development","logger_type":"zap","service":"apiserver","version":"v2.0.0","level":"debug","format":"json","service":"apiserver-dev"}
{"level":"info","ts":"2025-08-23T14:34:10.777+0800","caller":"app/app.go:349","func":"github.com/costa92/go-protoc/v2/pkg/app.(*App).initializeLogger","msg":"Logger context extractors configured","branch":"feature/v2-log","environment":"development","logger_type":"zap","service":"apiserver","version":"v2.0.0","extractors":2}
{"level":"info","ts":"2025-08-23T14:34:10.777+0800","caller":"app/app.go:354","func":"github.com/costa92/go-protoc/v2/pkg/app.(*App).initializeLogger","msg":"Final logger configuration applied","branch":"feature/v2-log","environment":"development","logger_type":"zap","service":"apiserver","version":"v2.0.0","service":"apiserver-dev","version":"cd03a2b-dirty","branch":"feature/v2-log"}
{"level":"info","ts":"2025-08-23T14:34:10.777+0800","caller":"app/app.go:308","func":"github.com/costa92/go-protoc/v2/pkg/app.(*App).runCommand","msg":"Starting application","branch":"feature/v2-log","environment":"development","logger_type":"zap","service":"apiserver","version":"v2.0.0","name":"apiserver","version":"{\"gitVersion\":\"cd03a2b-dirty\",\"gitCommit\":\"cd03a2bae2065c9d493c5f60441c24aacb13b175\",\"gitTreeState\":\"\",\"gitBranch\":\"feature/v2-log\",\"buildDate\":\"2025-08-23T06:34:02Z\",\"serviceName\":\"apiserver-dev\",\"goVersion\":\"go1.25.0\",\"compiler\":\"gc\",\"platform\":\"darwin/arm64\"}"}
{"level":"info","ts":"2025-08-23T14:34:10.777+0800","caller":"app/app.go:309","func":"github.com/costa92/go-protoc/v2/pkg/app.(*App).runCommand","msg":"Golang settings","branch":"feature/v2-log","environment":"development","logger_type":"zap","service":"apiserver","version":"v2.0.0","GOGC":"","GOMAXPROCS":"","GOTRACEBACK":""}
{"level":"debug","ts":"2025-08-23T14:34:10.777+0800","caller":"app/config.go:180","func":"github.com/costa92/go-protoc/v2/pkg/app.PrintConfig","msg":"CFG: sentry.enabled=false","branch":"feature/v2-log","environment":"development","logger_type":"zap","service":"apiserver","version":"v2.0.0"}
{"level":"debug","ts":"2025-08-23T14:34:10.777+0800","caller":"app/config.go:180","func":"github.com/costa92/go-protoc/v2/pkg/app.PrintConfig","msg":"CFG: pool-monitor.database.enabled=true","branch":"feature/v2-log","environment":"development","logger_type":"zap","service":"apiserver","version":"v2.0.0"}
{"level":"debug","ts":"2025-08-23T14:34:10.777+0800","caller":"app/config.go:180","func":"github.com/costa92/go-protoc/v2/pkg/app.PrintConfig","msg":"CFG: log.victoria-logs.batch-size=100","branch":"feature/v2-log","environment":"development","logger_type":"zap","service":"apiserver","version":"v2.0.0"}
{"level":"debug","ts":"2025-08-23T14:34:10.777+0800","caller":"app/config.go:180","func":"github.com/costa92/go-protoc/v2/pkg/app.PrintConfig","msg":"CFG: log.otlp.endpoint=127.0.0.1:4327","branch":"feature/v2-log","environment":"development","logger_type":"zap","service":"apiserver","version":"v2.0.0"}
{"level":"debug","ts":"2025-08-23T14:34:10.777+0800","caller":"app/config.go:180","func":"github.com/costa92/go-protoc/v2/pkg/app.PrintConfig","msg":"CFG: log.otlp.insecure=true","branch":"feature/v2-log","environment":"development","logger_type":"zap","service":"apiserver","version":"v2.0.0"}
{"level":"debug","ts":"2025-08-23T14:34:10.777+0800","caller":"app/config.go:180","func":"github.com/costa92/go-protoc/v2/pkg/app.PrintConfig","msg":"CFG: log.initial-fields.environment=development","branch":"feature/v2-log","environment":"development","logger_type":"zap","service":"apiserver","version":"v2.0.0"}
{"level":"debug","ts":"2025-08-23T14:34:10.777+0800","caller":"app/config.go:180","func":"github.com/costa92/go-protoc/v2/pkg/app.PrintConfig","msg":"CFG: http.network=tcp","branch":"feature/v2-log","environment":"development","logger_type":"zap","service":"apiserver","version":"v2.0.0"}
{"level":"debug","ts":"2025-08-23T14:34:10.777+0800","caller":"app/config.go:180","func":"github.com/costa92/go-protoc/v2/pkg/app.PrintConfig","msg":"CFG: jwt.key=onex(#)666","branch":"feature/v2-log","environment":"development","logger_type":"zap","service":"apiserver","version":"v2.0.0"}
{"level":"debug","ts":"2025-08-23T14:34:10.777+0800","caller":"app/config.go:180","func":"github.com/costa92/go-protoc/v2/pkg/app.PrintConfig","msg":"CFG: log.encoder-config.stacktrace-key=stacktrace","branch":"feature/v2-log","environment":"development","logger_type":"zap","service":"apiserver","version":"v2.0.0"}
{"level":"debug","ts":"2025-08-23T14:34:10.777+0800","caller":"app/config.go:180","func":"github.com/costa92/go-protoc/v2/pkg/app.PrintConfig","msg":"CFG: log.encoder-config.level-encoder=lowercase","branch":"feature/v2-log","environment":"development","logger_type":"zap","service":"apiserver","version":"v2.0.0"}
{"level":"debug","ts":"2025-08-23T14:34:10.777+0800","caller":"app/config.go:180","func":"github.com/costa92/go-protoc/v2/pkg/app.PrintConfig","msg":"CFG: redis.max-retries=3","branch":"feature/v2-log","environment":"development","logger_type":"zap","service":"apiserver","version":"v2.0.0"}
{"level":"debug","ts":"2025-08-23T14:34:10.777+0800","caller":"app/config.go:180","func":"github.com/costa92/go-protoc/v2/pkg/app.PrintConfig","msg":"CFG: log.dynamic=false","branch":"feature/v2-log","environment":"development","logger_type":"zap","service":"apiserver","version":"v2.0.0"}
{"level":"debug","ts":"2025-08-23T14:34:10.777+0800","caller":"app/config.go:180","func":"github.com/costa92/go-protoc/v2/pkg/app.PrintConfig","msg":"CFG: pool-monitor.collect-interval=30s","branch":"feature/v2-log","environment":"development","logger_type":"zap","service":"apiserver","version":"v2.0.0"}
{"level":"debug","ts":"2025-08-23T14:34:10.777+0800","caller":"app/config.go:180","func":"github.com/costa92/go-protoc/v2/pkg/app.PrintConfig","msg":"CFG: mysql.password=proj(#)666","branch":"feature/v2-log","environment":"development","logger_type":"zap","service":"apiserver","version":"v2.0.0"}
{"level":"debug","ts":"2025-08-23T14:34:10.777+0800","caller":"app/config.go:180","func":"github.com/costa92/go-protoc/v2/pkg/app.PrintConfig","msg":"CFG: log.caller-encoder=short","branch":"feature/v2-log","environment":"development","logger_type":"zap","service":"apiserver","version":"v2.0.0"}
{"level":"debug","ts":"2025-08-23T14:34:10.777+0800","caller":"app/config.go:180","func":"github.com/costa92/go-protoc/v2/pkg/app.PrintConfig","msg":"CFG: jaeger.agent-port=6831","branch":"feature/v2-log","environment":"development","logger_type":"zap","service":"apiserver","version":"v2.0.0"}
{"level":"debug","ts":"2025-08-23T14:34:10.777+0800","caller":"app/config.go:180","func":"github.com/costa92/go-protoc/v2/pkg/app.PrintConfig","msg":"CFG: grpc.timeout=10s","branch":"feature/v2-log","environment":"development","logger_type":"zap","service":"apiserver","version":"v2.0.0"}
{"level":"debug","ts":"2025-08-23T14:34:10.777+0800","caller":"app/config.go:180","func":"github.com/costa92/go-protoc/v2/pkg/app.PrintConfig","msg":"CFG: sentry.enable-tracing=true","branch":"feature/v2-log","environment":"development","logger_type":"zap","service":"apiserver","version":"v2.0.0"}
{"level":"debug","ts":"2025-08-23T14:34:10.777+0800","caller":"app/config.go:180","func":"github.com/costa92/go-protoc/v2/pkg/app.PrintConfig","msg":"CFG: log.type=zap","branch":"feature/v2-log","environment":"development","logger_type":"zap","service":"apiserver","version":"v2.0.0"}
{"level":"debug","ts":"2025-08-23T14:34:10.777+0800","caller":"app/config.go:180","func":"github.com/costa92/go-protoc/v2/pkg/app.PrintConfig","msg":"CFG: log.stacktrace-key=stacktrace","branch":"feature/v2-log","environment":"development","logger_type":"zap","service":"apiserver","version":"v2.0.0"}
{"level":"debug","ts":"2025-08-23T14:34:10.777+0800","caller":"app/config.go:180","func":"github.com/costa92/go-protoc/v2/pkg/app.PrintConfig","msg":"CFG: redis.password=","branch":"feature/v2-log","environment":"development","logger_type":"zap","service":"apiserver","version":"v2.0.0"}
{"level":"debug","ts":"2025-08-23T14:34:10.777+0800","caller":"app/config.go:180","func":"github.com/costa92/go-protoc/v2/pkg/app.PrintConfig","msg":"CFG: sentry.max-breadcrumbs=100","branch":"feature/v2-log","environment":"development","logger_type":"zap","service":"apiserver","version":"v2.0.0"}
{"level":"debug","ts":"2025-08-23T14:34:10.777+0800","caller":"app/config.go:180","func":"github.com/costa92/go-protoc/v2/pkg/app.PrintConfig","msg":"CFG: grpc.addr=0.0.0.0:9090","branch":"feature/v2-log","environment":"development","logger_type":"zap","service":"apiserver","version":"v2.0.0"}
{"level":"debug","ts":"2025-08-23T14:34:10.777+0800","caller":"app/config.go:180","func":"github.com/costa92/go-protoc/v2/pkg/app.PrintConfig","msg":"CFG: redis.min-idle-conns=0","branch":"feature/v2-log","environment":"development","logger_type":"zap","service":"apiserver","version":"v2.0.0"}
{"level":"debug","ts":"2025-08-23T14:34:10.777+0800","caller":"app/config.go:180","func":"github.com/costa92/go-protoc/v2/pkg/app.PrintConfig","msg":"CFG: log.max-backups=5","branch":"feature/v2-log","environment":"development","logger_type":"zap","service":"apiserver","version":"v2.0.0"}
{"level":"debug","ts":"2025-08-23T14:34:10.777+0800","caller":"app/config.go:180","func":"github.com/costa92/go-protoc/v2/pkg/app.PrintConfig","msg":"CFG: sentry.flush-timeout=5s","branch":"feature/v2-log","environment":"development","logger_type":"zap","service":"apiserver","version":"v2.0.0"}
{"level":"debug","ts":"2025-08-23T14:34:10.777+0800","caller":"app/config.go:180","func":"github.com/costa92/go-protoc/v2/pkg/app.PrintConfig","msg":"CFG: log.otlp.batch_size=100","branch":"feature/v2-log","environment":"development","logger_type":"zap","service":"apiserver","version":"v2.0.0"}
{"level":"debug","ts":"2025-08-23T14:34:10.777+0800","caller":"app/config.go:180","func":"github.com/costa92/go-protoc/v2/pkg/app.PrintConfig","msg":"CFG: sentry.attach-stacktrace=true","branch":"feature/v2-log","environment":"development","logger_type":"zap","service":"apiserver","version":"v2.0.0"}
{"level":"debug","ts":"2025-08-23T14:34:10.777+0800","caller":"app/config.go:180","func":"github.com/costa92/go-protoc/v2/pkg/app.PrintConfig","msg":"CFG: log.encoder-config.caller-key=caller","branch":"feature/v2-log","environment":"development","logger_type":"zap","service":"apiserver","version":"v2.0.0"}
{"level":"debug","ts":"2025-08-23T14:34:10.778+0800","caller":"app/config.go:180","func":"github.com/costa92/go-protoc/v2/pkg/app.PrintConfig","msg":"CFG: log.level-key=level","branch":"feature/v2-log","environment":"development","logger_type":"zap","service":"apiserver","version":"v2.0.0"}
{"level":"debug","ts":"2025-08-23T14:34:10.778+0800","caller":"app/config.go:180","func":"github.com/costa92/go-protoc/v2/pkg/app.PrintConfig","msg":"CFG: log.error-output-paths=[stderr]","branch":"feature/v2-log","environment":"development","logger_type":"zap","service":"apiserver","version":"v2.0.0"}
{"level":"debug","ts":"2025-08-23T14:34:10.778+0800","caller":"app/config.go:180","func":"github.com/costa92/go-protoc/v2/pkg/app.PrintConfig","msg":"CFG: log.victoria-logs.buffer-size=1000","branch":"feature/v2-log","environment":"development","logger_type":"zap","service":"apiserver","version":"v2.0.0"}
{"level":"debug","ts":"2025-08-23T14:34:10.778+0800","caller":"app/config.go:180","func":"github.com/costa92/go-protoc/v2/pkg/app.PrintConfig","msg":"CFG: log.initial-fields.version=v2.0.0","branch":"feature/v2-log","environment":"development","logger_type":"zap","service":"apiserver","version":"v2.0.0"}
{"level":"debug","ts":"2025-08-23T14:34:10.778+0800","caller":"app/config.go:180","func":"github.com/costa92/go-protoc/v2/pkg/app.PrintConfig","msg":"CFG: v=0","branch":"feature/v2-log","environment":"development","logger_type":"zap","service":"apiserver","version":"v2.0.0"}
{"level":"debug","ts":"2025-08-23T14:34:10.778+0800","caller":"app/config.go:180","func":"github.com/costa92/go-protoc/v2/pkg/app.PrintConfig","msg":"CFG: sentry.server-name=","branch":"feature/v2-log","environment":"development","logger_type":"zap","service":"apiserver","version":"v2.0.0"}
{"level":"debug","ts":"2025-08-23T14:34:10.778+0800","caller":"app/config.go:180","func":"github.com/costa92/go-protoc/v2/pkg/app.PrintConfig","msg":"CFG: sentry.release=","branch":"feature/v2-log","environment":"development","logger_type":"zap","service":"apiserver","version":"v2.0.0"}
{"level":"debug","ts":"2025-08-23T14:34:10.778+0800","caller":"app/config.go:180","func":"github.com/costa92/go-protoc/v2/pkg/app.PrintConfig","msg":"CFG: grpc.network=tcp","branch":"feature/v2-log","environment":"development","logger_type":"zap","service":"apiserver","version":"v2.0.0"}
{"level":"debug","ts":"2025-08-23T14:34:10.778+0800","caller":"app/config.go:180","func":"github.com/costa92/go-protoc/v2/pkg/app.PrintConfig","msg":"CFG: log.encoder-config.time-key=ts","branch":"feature/v2-log","environment":"development","logger_type":"zap","service":"apiserver","version":"v2.0.0"}
{"level":"debug","ts":"2025-08-23T14:34:10.778+0800","caller":"app/config.go:180","func":"github.com/costa92/go-protoc/v2/pkg/app.PrintConfig","msg":"CFG: log.function-key=func","branch":"feature/v2-log","environment":"development","logger_type":"zap","service":"apiserver","version":"v2.0.0"}
{"level":"debug","ts":"2025-08-23T14:34:10.778+0800","caller":"app/config.go:180","func":"github.com/costa92/go-protoc/v2/pkg/app.PrintConfig","msg":"CFG: log.level-encoder=lowercase","branch":"feature/v2-log","environment":"development","logger_type":"zap","service":"apiserver","version":"v2.0.0"}
{"level":"debug","ts":"2025-08-23T14:34:10.778+0800","caller":"app/config.go:180","func":"github.com/costa92/go-protoc/v2/pkg/app.PrintConfig","msg":"CFG: redis.pool-timeout=4s","branch":"feature/v2-log","environment":"development","logger_type":"zap","service":"apiserver","version":"v2.0.0"}
{"level":"debug","ts":"2025-08-23T14:34:10.778+0800","caller":"app/config.go:180","func":"github.com/costa92/go-protoc/v2/pkg/app.PrintConfig","msg":"CFG: jwt.signing-method=HS512","branch":"feature/v2-log","environment":"development","logger_type":"zap","service":"apiserver","version":"v2.0.0"}
{"level":"debug","ts":"2025-08-23T14:34:10.778+0800","caller":"app/config.go:180","func":"github.com/costa92/go-protoc/v2/pkg/app.PrintConfig","msg":"CFG: redis.database=0","branch":"feature/v2-log","environment":"development","logger_type":"zap","service":"apiserver","version":"v2.0.0"}
{"level":"debug","ts":"2025-08-23T14:34:10.778+0800","caller":"app/config.go:180","func":"github.com/costa92/go-protoc/v2/pkg/app.PrintConfig","msg":"CFG: sentry.environment=development","branch":"feature/v2-log","environment":"development","logger_type":"zap","service":"apiserver","version":"v2.0.0"}
{"level":"debug","ts":"2025-08-23T14:34:10.778+0800","caller":"app/config.go:180","func":"github.com/costa92/go-protoc/v2/pkg/app.PrintConfig","msg":"CFG: log.victoria-logs.enabled=false","branch":"feature/v2-log","environment":"development","logger_type":"zap","service":"apiserver","version":"v2.0.0"}
{"level":"debug","ts":"2025-08-23T14:34:10.778+0800","caller":"app/config.go:180","func":"github.com/costa92/go-protoc/v2/pkg/app.PrintConfig","msg":"CFG: jwt.max-refresh=2h","branch":"feature/v2-log","environment":"development","logger_type":"zap","service":"apiserver","version":"v2.0.0"}
{"level":"debug","ts":"2025-08-23T14:34:10.778+0800","caller":"app/config.go:180","func":"github.com/costa92/go-protoc/v2/pkg/app.PrintConfig","msg":"CFG: log.disable-stacktrace=false","branch":"feature/v2-log","environment":"development","logger_type":"zap","service":"apiserver","version":"v2.0.0"}
{"level":"debug","ts":"2025-08-23T14:34:10.778+0800","caller":"app/config.go:180","func":"github.com/costa92/go-protoc/v2/pkg/app.PrintConfig","msg":"CFG: log.development=false","branch":"feature/v2-log","environment":"development","logger_type":"zap","service":"apiserver","version":"v2.0.0"}
{"level":"debug","ts":"2025-08-23T14:34:10.778+0800","caller":"app/config.go:180","func":"github.com/costa92/go-protoc/v2/pkg/app.PrintConfig","msg":"CFG: jaeger.enabled=true","branch":"feature/v2-log","environment":"development","logger_type":"zap","service":"apiserver","version":"v2.0.0"}
{"level":"debug","ts":"2025-08-23T14:34:10.778+0800","caller":"app/config.go:180","func":"github.com/costa92/go-protoc/v2/pkg/app.PrintConfig","msg":"CFG: mysql.log-level=1","branch":"feature/v2-log","environment":"development","logger_type":"zap","service":"apiserver","version":"v2.0.0"}
{"level":"debug","ts":"2025-08-23T14:34:10.778+0800","caller":"app/config.go:180","func":"github.com/costa92/go-protoc/v2/pkg/app.PrintConfig","msg":"CFG: log.otlp.export_timeout=30s","branch":"feature/v2-log","environment":"development","logger_type":"zap","service":"apiserver","version":"v2.0.0"}
{"level":"debug","ts":"2025-08-23T14:34:10.778+0800","caller":"app/config.go:180","func":"github.com/costa92/go-protoc/v2/pkg/app.PrintConfig","msg":"CFG: log.encoder-config.time-encoder=iso8601","branch":"feature/v2-log","environment":"development","logger_type":"zap","service":"apiserver","version":"v2.0.0"}
{"level":"debug","ts":"2025-08-23T14:34:10.778+0800","caller":"app/config.go:180","func":"github.com/costa92/go-protoc/v2/pkg/app.PrintConfig","msg":"CFG: feature-gates=","branch":"feature/v2-log","environment":"development","logger_type":"zap","service":"apiserver","version":"v2.0.0"}
{"level":"debug","ts":"2025-08-23T14:34:10.778+0800","caller":"app/config.go:180","func":"github.com/costa92/go-protoc/v2/pkg/app.PrintConfig","msg":"CFG: mysql.host=127.0.0.1","branch":"feature/v2-log","environment":"development","logger_type":"zap","service":"apiserver","version":"v2.0.0"}
{"level":"debug","ts":"2025-08-23T14:34:10.778+0800","caller":"app/config.go:180","func":"github.com/costa92/go-protoc/v2/pkg/app.PrintConfig","msg":"CFG: sentry.traces-sample-rate=0.1","branch":"feature/v2-log","environment":"development","logger_type":"zap","service":"apiserver","version":"v2.0.0"}
{"level":"debug","ts":"2025-08-23T14:34:10.778+0800","caller":"app/config.go:180","func":"github.com/costa92/go-protoc/v2/pkg/app.PrintConfig","msg":"CFG: log.victoria-logs.environment=development","branch":"feature/v2-log","environment":"development","logger_type":"zap","service":"apiserver","version":"v2.0.0"}
{"level":"debug","ts":"2025-08-23T14:34:10.778+0800","caller":"app/config.go:180","func":"github.com/costa92/go-protoc/v2/pkg/app.PrintConfig","msg":"CFG: mysql.username=root","branch":"feature/v2-log","environment":"development","logger_type":"zap","service":"apiserver","version":"v2.0.0"}
{"level":"debug","ts":"2025-08-23T14:34:10.778+0800","caller":"app/config.go:180","func":"github.com/costa92/go-protoc/v2/pkg/app.PrintConfig","msg":"CFG: sentry.sample-rate=1","branch":"feature/v2-log","environment":"development","logger_type":"zap","service":"apiserver","version":"v2.0.0"}
{"level":"debug","ts":"2025-08-23T14:34:10.778+0800","caller":"app/config.go:180","func":"github.com/costa92/go-protoc/v2/pkg/app.PrintConfig","msg":"CFG: pool-monitor.database.slow-query=1s","branch":"feature/v2-log","environment":"development","logger_type":"zap","service":"apiserver","version":"v2.0.0"}
{"level":"debug","ts":"2025-08-23T14:34:10.778+0800","caller":"app/config.go:180","func":"github.com/costa92/go-protoc/v2/pkg/app.PrintConfig","msg":"CFG: log.disable-function-at-info=true","branch":"feature/v2-log","environment":"development","logger_type":"zap","service":"apiserver","version":"v2.0.0"}
{"level":"debug","ts":"2025-08-23T14:34:10.778+0800","caller":"app/config.go:180","func":"github.com/costa92/go-protoc/v2/pkg/app.PrintConfig","msg":"CFG: jaeger.agent-host=127.0.0.1","branch":"feature/v2-log","environment":"development","logger_type":"zap","service":"apiserver","version":"v2.0.0"}
{"level":"debug","ts":"2025-08-23T14:34:10.778+0800","caller":"app/config.go:180","func":"github.com/costa92/go-protoc/v2/pkg/app.PrintConfig","msg":"CFG: log.victoria-logs.endpoint=http://127.0.0.1:9428","branch":"feature/v2-log","environment":"development","logger_type":"zap","service":"apiserver","version":"v2.0.0"}
{"level":"debug","ts":"2025-08-23T14:34:10.778+0800","caller":"app/config.go:180","func":"github.com/costa92/go-protoc/v2/pkg/app.PrintConfig","msg":"CFG: log.otlp.timeout=10s","branch":"feature/v2-log","environment":"development","logger_type":"zap","service":"apiserver","version":"v2.0.0"}
{"level":"debug","ts":"2025-08-23T14:34:10.778+0800","caller":"app/config.go:180","func":"github.com/costa92/go-protoc/v2/pkg/app.PrintConfig","msg":"CFG: sentry.enable-profiling=false","branch":"feature/v2-log","environment":"development","logger_type":"zap","service":"apiserver","version":"v2.0.0"}
{"level":"debug","ts":"2025-08-23T14:34:10.778+0800","caller":"app/config.go:180","func":"github.com/costa92/go-protoc/v2/pkg/app.PrintConfig","msg":"CFG: redis.username=","branch":"feature/v2-log","environment":"development","logger_type":"zap","service":"apiserver","version":"v2.0.0"}
{"level":"debug","ts":"2025-08-23T14:34:10.778+0800","caller":"app/config.go:180","func":"github.com/costa92/go-protoc/v2/pkg/app.PrintConfig","msg":"CFG: mysql.log-mode=1","branch":"feature/v2-log","environment":"development","logger_type":"zap","service":"apiserver","version":"v2.0.0"}
{"level":"debug","ts":"2025-08-23T14:34:10.778+0800","caller":"app/config.go:180","func":"github.com/costa92/go-protoc/v2/pkg/app.PrintConfig","msg":"CFG: log.time-encoder=iso8601","branch":"feature/v2-log","environment":"development","logger_type":"zap","service":"apiserver","version":"v2.0.0"}
{"level":"debug","ts":"2025-08-23T14:34:10.778+0800","caller":"app/config.go:180","func":"github.com/costa92/go-protoc/v2/pkg/app.PrintConfig","msg":"CFG: sentry.profiles-sample-rate=0.1","branch":"feature/v2-log","environment":"development","logger_type":"zap","service":"apiserver","version":"v2.0.0"}
{"level":"debug","ts":"2025-08-23T14:34:10.778+0800","caller":"app/config.go:180","func":"github.com/costa92/go-protoc/v2/pkg/app.PrintConfig","msg":"CFG: log.enable-color=false","branch":"feature/v2-log","environment":"development","logger_type":"zap","service":"apiserver","version":"v2.0.0"}
{"level":"debug","ts":"2025-08-23T14:34:10.778+0800","caller":"app/config.go:180","func":"github.com/costa92/go-protoc/v2/pkg/app.PrintConfig","msg":"CFG: mysql.enable-trace=true","branch":"feature/v2-log","environment":"development","logger_type":"zap","service":"apiserver","version":"v2.0.0"}
{"level":"debug","ts":"2025-08-23T14:34:10.778+0800","caller":"app/config.go:180","func":"github.com/costa92/go-protoc/v2/pkg/app.PrintConfig","msg":"CFG: log.encoder-config.message-key=msg","branch":"feature/v2-log","environment":"development","logger_type":"zap","service":"apiserver","version":"v2.0.0"}
{"level":"debug","ts":"2025-08-23T14:34:10.778+0800","caller":"app/config.go:180","func":"github.com/costa92/go-protoc/v2/pkg/app.PrintConfig","msg":"CFG: log.time-key=ts","branch":"feature/v2-log","environment":"development","logger_type":"zap","service":"apiserver","version":"v2.0.0"}
{"level":"debug","ts":"2025-08-23T14:34:10.778+0800","caller":"app/config.go:180","func":"github.com/costa92/go-protoc/v2/pkg/app.PrintConfig","msg":"CFG: pool-monitor.redis.enabled=true","branch":"feature/v2-log","environment":"development","logger_type":"zap","service":"apiserver","version":"v2.0.0"}
{"level":"debug","ts":"2025-08-23T14:34:10.778+0800","caller":"app/config.go:180","func":"github.com/costa92/go-protoc/v2/pkg/app.PrintConfig","msg":"CFG: mysql.max-connection-life-time=10s","branch":"feature/v2-log","environment":"development","logger_type":"zap","service":"apiserver","version":"v2.0.0"}
{"level":"debug","ts":"2025-08-23T14:34:10.778+0800","caller":"app/config.go:180","func":"github.com/costa92/go-protoc/v2/pkg/app.PrintConfig","msg":"CFG: log.output-paths=[stdout logs/apiserver/app.log]","branch":"feature/v2-log","environment":"development","logger_type":"zap","service":"apiserver","version":"v2.0.0"}
{"level":"debug","ts":"2025-08-23T14:34:10.778+0800","caller":"app/config.go:180","func":"github.com/costa92/go-protoc/v2/pkg/app.PrintConfig","msg":"CFG: log.victoria-logs.timeout=10","branch":"feature/v2-log","environment":"development","logger_type":"zap","service":"apiserver","version":"v2.0.0"}
{"level":"debug","ts":"2025-08-23T14:34:10.778+0800","caller":"app/config.go:180","func":"github.com/costa92/go-protoc/v2/pkg/app.PrintConfig","msg":"CFG: log.otlp.resource_attributes.service.namespace=go-protoc","branch":"feature/v2-log","environment":"development","logger_type":"zap","service":"apiserver","version":"v2.0.0"}
{"level":"debug","ts":"2025-08-23T14:34:10.778+0800","caller":"app/config.go:180","func":"github.com/costa92/go-protoc/v2/pkg/app.PrintConfig","msg":"CFG: log.max-age=7","branch":"feature/v2-log","environment":"development","logger_type":"zap","service":"apiserver","version":"v2.0.0"}
{"level":"debug","ts":"2025-08-23T14:34:10.778+0800","caller":"app/config.go:180","func":"github.com/costa92/go-protoc/v2/pkg/app.PrintConfig","msg":"CFG: http.timeout=10s","branch":"feature/v2-log","environment":"development","logger_type":"zap","service":"apiserver","version":"v2.0.0"}
{"level":"debug","ts":"2025-08-23T14:34:10.779+0800","caller":"app/config.go:180","func":"github.com/costa92/go-protoc/v2/pkg/app.PrintConfig","msg":"CFG: pool-monitor.enabled=true","branch":"feature/v2-log","environment":"development","logger_type":"zap","service":"apiserver","version":"v2.0.0"}
{"level":"debug","ts":"2025-08-23T14:34:10.779+0800","caller":"app/config.go:180","func":"github.com/costa92/go-protoc/v2/pkg/app.PrintConfig","msg":"CFG: mysql.max-idle-connections=100","branch":"feature/v2-log","environment":"development","logger_type":"zap","service":"apiserver","version":"v2.0.0"}
{"level":"debug","ts":"2025-08-23T14:34:10.779+0800","caller":"app/config.go:180","func":"github.com/costa92/go-protoc/v2/pkg/app.PrintConfig","msg":"CFG: log.level=debug","branch":"feature/v2-log","environment":"development","logger_type":"zap","service":"apiserver","version":"v2.0.0"}
{"level":"debug","ts":"2025-08-23T14:34:10.779+0800","caller":"app/config.go:180","func":"github.com/costa92/go-protoc/v2/pkg/app.PrintConfig","msg":"CFG: redis.pool-size=10","branch":"feature/v2-log","environment":"development","logger_type":"zap","service":"apiserver","version":"v2.0.0"}
{"level":"debug","ts":"2025-08-23T14:34:10.779+0800","caller":"app/config.go:180","func":"github.com/costa92/go-protoc/v2/pkg/app.PrintConfig","msg":"CFG: jaeger.sampler-type=const","branch":"feature/v2-log","environment":"development","logger_type":"zap","service":"apiserver","version":"v2.0.0"}
{"level":"debug","ts":"2025-08-23T14:34:10.779+0800","caller":"app/config.go:180","func":"github.com/costa92/go-protoc/v2/pkg/app.PrintConfig","msg":"CFG: log.otlp.resource_attributes.service.version=v2.0.0","branch":"feature/v2-log","environment":"development","logger_type":"zap","service":"apiserver","version":"v2.0.0"}
{"level":"debug","ts":"2025-08-23T14:34:10.779+0800","caller":"app/config.go:180","func":"github.com/costa92/go-protoc/v2/pkg/app.PrintConfig","msg":"CFG: log.caller-skip=1","branch":"feature/v2-log","environment":"development","logger_type":"zap","service":"apiserver","version":"v2.0.0"}
{"level":"debug","ts":"2025-08-23T14:34:10.779+0800","caller":"app/config.go:180","func":"github.com/costa92/go-protoc/v2/pkg/app.PrintConfig","msg":"CFG: version=false","branch":"feature/v2-log","environment":"development","logger_type":"zap","service":"apiserver","version":"v2.0.0"}
{"level":"debug","ts":"2025-08-23T14:34:10.779+0800","caller":"app/config.go:180","func":"github.com/costa92/go-protoc/v2/pkg/app.PrintConfig","msg":"CFG: jaeger.reporter-log-spans=true","branch":"feature/v2-log","environment":"development","logger_type":"zap","service":"apiserver","version":"v2.0.0"}
{"level":"debug","ts":"2025-08-23T14:34:10.779+0800","caller":"app/config.go:180","func":"github.com/costa92/go-protoc/v2/pkg/app.PrintConfig","msg":"CFG: log.otlp.resource_attributes.deployment.environment=development","branch":"feature/v2-log","environment":"development","logger_type":"zap","service":"apiserver","version":"v2.0.0"}
{"level":"debug","ts":"2025-08-23T14:34:10.779+0800","caller":"app/config.go:180","func":"github.com/costa92/go-protoc/v2/pkg/app.PrintConfig","msg":"CFG: log.initial-fields.service=apiserver","branch":"feature/v2-log","environment":"development","logger_type":"zap","service":"apiserver","version":"v2.0.0"}
{"level":"debug","ts":"2025-08-23T14:34:10.779+0800","caller":"app/config.go:180","func":"github.com/costa92/go-protoc/v2/pkg/app.PrintConfig","msg":"CFG: jaeger.env=development","branch":"feature/v2-log","environment":"development","logger_type":"zap","service":"apiserver","version":"v2.0.0"}
{"level":"debug","ts":"2025-08-23T14:34:10.779+0800","caller":"app/config.go:180","func":"github.com/costa92/go-protoc/v2/pkg/app.PrintConfig","msg":"CFG: pool-monitor.namespace=apiserver","branch":"feature/v2-log","environment":"development","logger_type":"zap","service":"apiserver","version":"v2.0.0"}
{"level":"debug","ts":"2025-08-23T14:34:10.779+0800","caller":"app/config.go:180","func":"github.com/costa92/go-protoc/v2/pkg/app.PrintConfig","msg":"CFG: log.encoding=json","branch":"feature/v2-log","environment":"development","logger_type":"zap","service":"apiserver","version":"v2.0.0"}
{"level":"debug","ts":"2025-08-23T14:34:10.779+0800","caller":"app/config.go:180","func":"github.com/costa92/go-protoc/v2/pkg/app.PrintConfig","msg":"CFG: log.encoder-config.level-key=level","branch":"feature/v2-log","environment":"development","logger_type":"zap","service":"apiserver","version":"v2.0.0"}
{"level":"debug","ts":"2025-08-23T14:34:10.779+0800","caller":"app/config.go:180","func":"github.com/costa92/go-protoc/v2/pkg/app.PrintConfig","msg":"CFG: vmodule=","branch":"feature/v2-log","environment":"development","logger_type":"zap","service":"apiserver","version":"v2.0.0"}
{"level":"debug","ts":"2025-08-23T14:34:10.779+0800","caller":"app/config.go:180","func":"github.com/costa92/go-protoc/v2/pkg/app.PrintConfig","msg":"CFG: jaeger.server=127.0.0.1:6831","branch":"feature/v2-log","environment":"development","logger_type":"zap","service":"apiserver","version":"v2.0.0"}
{"level":"debug","ts":"2025-08-23T14:34:10.779+0800","caller":"app/config.go:180","func":"github.com/costa92/go-protoc/v2/pkg/app.PrintConfig","msg":"CFG: sentry.dsn=","branch":"feature/v2-log","environment":"development","logger_type":"zap","service":"apiserver","version":"v2.0.0"}
{"level":"debug","ts":"2025-08-23T14:34:10.779+0800","caller":"app/config.go:180","func":"github.com/costa92/go-protoc/v2/pkg/app.PrintConfig","msg":"CFG: help=false","branch":"feature/v2-log","environment":"development","logger_type":"zap","service":"apiserver","version":"v2.0.0"}
{"level":"debug","ts":"2025-08-23T14:34:10.779+0800","caller":"app/config.go:180","func":"github.com/costa92/go-protoc/v2/pkg/app.PrintConfig","msg":"CFG: redis.read-timeout=3s","branch":"feature/v2-log","environment":"development","logger_type":"zap","service":"apiserver","version":"v2.0.0"}
{"level":"debug","ts":"2025-08-23T14:34:10.779+0800","caller":"app/config.go:180","func":"github.com/costa92/go-protoc/v2/pkg/app.PrintConfig","msg":"CFG: log.encoder-config.caller-encoder=short","branch":"feature/v2-log","environment":"development","logger_type":"zap","service":"apiserver","version":"v2.0.0"}
{"level":"debug","ts":"2025-08-23T14:34:10.779+0800","caller":"app/config.go:180","func":"github.com/costa92/go-protoc/v2/pkg/app.PrintConfig","msg":"CFG: jaeger.service-name=apiserver","branch":"feature/v2-log","environment":"development","logger_type":"zap","service":"apiserver","version":"v2.0.0"}
{"level":"debug","ts":"2025-08-23T14:34:10.789+0800","caller":"app/config.go:180","func":"github.com/costa92/go-protoc/v2/pkg/app.PrintConfig","msg":"CFG: redis.addr=127.0.0.1:6379","branch":"feature/v2-log","environment":"development","logger_type":"zap","service":"apiserver","version":"v2.0.0"}
{"level":"debug","ts":"2025-08-23T14:34:10.789+0800","caller":"app/config.go:180","func":"github.com/costa92/go-protoc/v2/pkg/app.PrintConfig","msg":"CFG: sentry.debug=false","branch":"feature/v2-log","environment":"development","logger_type":"zap","service":"apiserver","version":"v2.0.0"}
{"level":"debug","ts":"2025-08-23T14:34:10.789+0800","caller":"app/config.go:180","func":"github.com/costa92/go-protoc/v2/pkg/app.PrintConfig","msg":"CFG: log.victoria-logs.version=v2.0.0","branch":"feature/v2-log","environment":"development","logger_type":"zap","service":"apiserver","version":"v2.0.0"}
{"level":"debug","ts":"2025-08-23T14:34:10.789+0800","caller":"app/config.go:180","func":"github.com/costa92/go-protoc/v2/pkg/app.PrintConfig","msg":"CFG: log.otlp.resource_attributes.service.name=apiserver","branch":"feature/v2-log","environment":"development","logger_type":"zap","service":"apiserver","version":"v2.0.0"}
{"level":"debug","ts":"2025-08-23T14:34:10.789+0800","caller":"app/config.go:180","func":"github.com/costa92/go-protoc/v2/pkg/app.PrintConfig","msg":"CFG: log.encoder-config.function-key=func","branch":"feature/v2-log","environment":"development","logger_type":"zap","service":"apiserver","version":"v2.0.0"}
{"level":"debug","ts":"2025-08-23T14:34:10.789+0800","caller":"app/config.go:180","func":"github.com/costa92/go-protoc/v2/pkg/app.PrintConfig","msg":"CFG: log.max-size=100","branch":"feature/v2-log","environment":"development","logger_type":"zap","service":"apiserver","version":"v2.0.0"}
{"level":"debug","ts":"2025-08-23T14:34:10.789+0800","caller":"app/config.go:180","func":"github.com/costa92/go-protoc/v2/pkg/app.PrintConfig","msg":"CFG: log.caller-key=caller","branch":"feature/v2-log","environment":"development","logger_type":"zap","service":"apiserver","version":"v2.0.0"}
{"level":"debug","ts":"2025-08-23T14:34:10.789+0800","caller":"app/config.go:180","func":"github.com/costa92/go-protoc/v2/pkg/app.PrintConfig","msg":"CFG: mysql.max-open-connections=100","branch":"feature/v2-log","environment":"development","logger_type":"zap","service":"apiserver","version":"v2.0.0"}
{"level":"debug","ts":"2025-08-23T14:34:10.789+0800","caller":"app/config.go:180","func":"github.com/costa92/go-protoc/v2/pkg/app.PrintConfig","msg":"CFG: redis.write-timeout=3s","branch":"feature/v2-log","environment":"development","logger_type":"zap","service":"apiserver","version":"v2.0.0"}
{"level":"debug","ts":"2025-08-23T14:34:10.789+0800","caller":"app/config.go:180","func":"github.com/costa92/go-protoc/v2/pkg/app.PrintConfig","msg":"CFG: config=configs/apiserver.yaml","branch":"feature/v2-log","environment":"development","logger_type":"zap","service":"apiserver","version":"v2.0.0"}
{"level":"debug","ts":"2025-08-23T14:34:10.789+0800","caller":"app/config.go:180","func":"github.com/costa92/go-protoc/v2/pkg/app.PrintConfig","msg":"CFG: jwt.expired=2h","branch":"feature/v2-log","environment":"development","logger_type":"zap","service":"apiserver","version":"v2.0.0"}
{"level":"debug","ts":"2025-08-23T14:34:10.789+0800","caller":"app/config.go:180","func":"github.com/costa92/go-protoc/v2/pkg/app.PrintConfig","msg":"CFG: log.compress=true","branch":"feature/v2-log","environment":"development","logger_type":"zap","service":"apiserver","version":"v2.0.0"}
{"level":"debug","ts":"2025-08-23T14:34:10.789+0800","caller":"app/config.go:180","func":"github.com/costa92/go-protoc/v2/pkg/app.PrintConfig","msg":"CFG: log.victoria-logs.flush-interval=5","branch":"feature/v2-log","environment":"development","logger_type":"zap","service":"apiserver","version":"v2.0.0"}
{"level":"debug","ts":"2025-08-23T14:34:10.789+0800","caller":"app/config.go:180","func":"github.com/costa92/go-protoc/v2/pkg/app.PrintConfig","msg":"CFG: http.addr=0.0.0.0:8080","branch":"feature/v2-log","environment":"development","logger_type":"zap","service":"apiserver","version":"v2.0.0"}
{"level":"debug","ts":"2025-08-23T14:34:10.789+0800","caller":"app/config.go:180","func":"github.com/costa92/go-protoc/v2/pkg/app.PrintConfig","msg":"CFG: log.disable-caller=false","branch":"feature/v2-log","environment":"development","logger_type":"zap","service":"apiserver","version":"v2.0.0"}
{"level":"debug","ts":"2025-08-23T14:34:10.789+0800","caller":"app/config.go:180","func":"github.com/costa92/go-protoc/v2/pkg/app.PrintConfig","msg":"CFG: log.victoria-logs.service=apiserver","branch":"feature/v2-log","environment":"development","logger_type":"zap","service":"apiserver","version":"v2.0.0"}
{"level":"debug","ts":"2025-08-23T14:34:10.789+0800","caller":"app/config.go:180","func":"github.com/costa92/go-protoc/v2/pkg/app.PrintConfig","msg":"CFG: sentry.send-default-pii=false","branch":"feature/v2-log","environment":"development","logger_type":"zap","service":"apiserver","version":"v2.0.0"}
{"level":"debug","ts":"2025-08-23T14:34:10.789+0800","caller":"app/config.go:180","func":"github.com/costa92/go-protoc/v2/pkg/app.PrintConfig","msg":"CFG: log.format=json","branch":"feature/v2-log","environment":"development","logger_type":"zap","service":"apiserver","version":"v2.0.0"}
{"level":"debug","ts":"2025-08-23T14:34:10.789+0800","caller":"app/config.go:180","func":"github.com/costa92/go-protoc/v2/pkg/app.PrintConfig","msg":"CFG: redis.dial-timeout=5s","branch":"feature/v2-log","environment":"development","logger_type":"zap","service":"apiserver","version":"v2.0.0"}
{"level":"debug","ts":"2025-08-23T14:34:10.789+0800","caller":"app/config.go:180","func":"github.com/costa92/go-protoc/v2/pkg/app.PrintConfig","msg":"CFG: log-flush-frequency=5s","branch":"feature/v2-log","environment":"development","logger_type":"zap","service":"apiserver","version":"v2.0.0"}
{"level":"debug","ts":"2025-08-23T14:34:10.789+0800","caller":"app/config.go:180","func":"github.com/costa92/go-protoc/v2/pkg/app.PrintConfig","msg":"CFG: log.message-key=msg","branch":"feature/v2-log","environment":"development","logger_type":"zap","service":"apiserver","version":"v2.0.0"}
{"level":"debug","ts":"2025-08-23T14:34:10.789+0800","caller":"app/config.go:180","func":"github.com/costa92/go-protoc/v2/pkg/app.PrintConfig","msg":"CFG: redis.enable-trace=true","branch":"feature/v2-log","environment":"development","logger_type":"zap","service":"apiserver","version":"v2.0.0"}
{"level":"debug","ts":"2025-08-23T14:34:10.789+0800","caller":"app/config.go:180","func":"github.com/costa92/go-protoc/v2/pkg/app.PrintConfig","msg":"CFG: jaeger.sampler-param=1","branch":"feature/v2-log","environment":"development","logger_type":"zap","service":"apiserver","version":"v2.0.0"}
{"level":"debug","ts":"2025-08-23T14:34:10.789+0800","caller":"app/config.go:180","func":"github.com/costa92/go-protoc/v2/pkg/app.PrintConfig","msg":"CFG: log.otlp.enabled=true","branch":"feature/v2-log","environment":"development","logger_type":"zap","service":"apiserver","version":"v2.0.0"}
{"level":"debug","ts":"2025-08-23T14:34:10.789+0800","caller":"app/config.go:180","func":"github.com/costa92/go-protoc/v2/pkg/app.PrintConfig","msg":"CFG: sentry.ignore-errors=[]","branch":"feature/v2-log","environment":"development","logger_type":"zap","service":"apiserver","version":"v2.0.0"}
{"level":"debug","ts":"2025-08-23T14:34:10.789+0800","caller":"app/config.go:180","func":"github.com/costa92/go-protoc/v2/pkg/app.PrintConfig","msg":"CFG: mysql.database=protoc","branch":"feature/v2-log","environment":"development","logger_type":"zap","service":"apiserver","version":"v2.0.0"}
{"level":"info","ts":"2025-08-23T14:34:10.789+0800","caller":"app/server.go:67","func":"github.com/costa92/go-protoc/v2/cmd/apiserver/app.startMetricsCollection","msg":"Connection pool metrics collection is enabled through dependency injection","branch":"feature/v2-log","environment":"development","logger_type":"zap","service":"apiserver","version":"v2.0.0"}
{"level":"info","ts":"2025-08-23T14:34:10.789+0800","caller":"app/server.go:68","func":"github.com/costa92/go-protoc/v2/cmd/apiserver/app.startMetricsCollection","msg":"Metrics will be automatically collected by the PoolMonitor when database connections are established","branch":"feature/v2-log","environment":"development","logger_type":"zap","service":"apiserver","version":"v2.0.0"}
{"level":"info","ts":"2025-08-23T14:34:10.789+0800","caller":"app/server.go:71","func":"github.com/costa92/go-protoc/v2/cmd/apiserver/app.startMetricsCollection","msg":"Database pool monitoring enabled","branch":"feature/v2-log","environment":"development","logger_type":"zap","service":"apiserver","version":"v2.0.0","slow_query_threshold":1000,"collect_interval":30000}
{"level":"info","ts":"2025-08-23T14:34:10.789+0800","caller":"app/server.go:77","func":"github.com/costa92/go-protoc/v2/cmd/apiserver/app.startMetricsCollection","msg":"Redis pool monitoring enabled","branch":"feature/v2-log","environment":"development","logger_type":"zap","service":"apiserver","version":"v2.0.0","collect_interval":30000}
{"level":"info","ts":"2025-08-23T14:34:10.789+0800","caller":"apiserver/server.go:66","func":"github.com/costa92/go-protoc/v2/internal/apiserver.(*Config).NewServer","msg":"Initializing API server","branch":"feature/v2-log","environment":"development","logger_type":"zap","service":"apiserver","version":"v2.0.0","service":"apiserver-dev","version":"cd03a2b-dirty","branch":"feature/v2-log","commit":"cd03a2ba","build_date":"2025-08-23T06:34:02Z","go_version":"go1.25.0"}
{"level":"info","ts":"2025-08-23T14:34:10.789+0800","caller":"apiserver/server.go:78","func":"github.com/costa92/go-protoc/v2/internal/apiserver.(*Config).NewServer","msg":"Logger configuration","branch":"feature/v2-log","environment":"development","logger_type":"zap","service":"apiserver","version":"v2.0.0","level":"debug","format":"json"}
{"level":"debug","ts":"2025-08-23T14:34:10.789+0800","caller":"apiserver/server.go:79","func":"github.com/costa92/go-protoc/v2/internal/apiserver.(*Config).NewServer","msg":"Debug logging enabled","branch":"feature/v2-log","environment":"development","logger_type":"zap","service":"apiserver","version":"v2.0.0","caller_skip":2,"enable_color":false}
{"level":"info","ts":"2025-08-23T14:34:10.789+0800","caller":"apiserver/server.go:83","func":"github.com/costa92/go-protoc/v2/internal/apiserver.(*Config).NewServer","msg":"Validating service connections before startup...","branch":"feature/v2-log","environment":"development","logger_type":"zap","service":"apiserver","version":"v2.0.0"}
{"level":"info","ts":"2025-08-23T14:34:10.789+0800","caller":"apiserver/server.go:87","func":"github.com/costa92/go-protoc/v2/internal/apiserver.(*Config).NewServer","msg":"Testing MySQL connection...","branch":"feature/v2-log","environment":"development","logger_type":"zap","service":"apiserver","version":"v2.0.0"}
{"level":"info","ts":"2025-08-23T14:34:10.796+0800","caller":"apiserver/server.go:92","func":"github.com/costa92/go-protoc/v2/internal/apiserver.(*Config).NewServer","msg":"MySQL connection test passed","branch":"feature/v2-log","environment":"development","logger_type":"zap","service":"apiserver","version":"v2.0.0"}
{"level":"info","ts":"2025-08-23T14:34:10.796+0800","caller":"apiserver/server.go:97","func":"github.com/costa92/go-protoc/v2/internal/apiserver.(*Config).NewServer","msg":"Testing Redis connection...","branch":"feature/v2-log","environment":"development","logger_type":"zap","service":"apiserver","version":"v2.0.0"}
{"level":"info","ts":"2025-08-23T14:34:10.800+0800","caller":"apiserver/server.go:102","func":"github.com/costa92/go-protoc/v2/internal/apiserver.(*Config).NewServer","msg":"Redis connection test passed","branch":"feature/v2-log","environment":"development","logger_type":"zap","service":"apiserver","version":"v2.0.0"}
{"level":"info","ts":"2025-08-23T14:34:10.800+0800","caller":"apiserver/server.go:107","func":"github.com/costa92/go-protoc/v2/internal/apiserver.(*Config).NewServer","msg":"Testing Jaeger connection...","branch":"feature/v2-log","environment":"development","logger_type":"zap","service":"apiserver","version":"v2.0.0"}
{"level":"info","ts":"2025-08-23T14:34:10.800+0800","caller":"apiserver/server.go:112","func":"github.com/costa92/go-protoc/v2/internal/apiserver.(*Config).NewServer","msg":"Jaeger connection test passed","branch":"feature/v2-log","environment":"development","logger_type":"zap","service":"apiserver","version":"v2.0.0"}
{"level":"info","ts":"2025-08-23T14:34:10.800+0800","caller":"apiserver/server.go:115","func":"github.com/costa92/go-protoc/v2/internal/apiserver.(*Config).NewServer","msg":"All service connections validated successfully","branch":"feature/v2-log","environment":"development","logger_type":"zap","service":"apiserver","version":"v2.0.0"}
{"level":"info","ts":"2025-08-23T14:34:10.901+0800","caller":"server/kratos_server.go:47","func":"github.com/costa92/go-protoc/v2/pkg/server.(*KratosServer).RunOrDie","msg":"Start to listening the incoming requests","branch":"feature/v2-log","environment":"development","logger_type":"zap","service":"apiserver","version":"v2.0.0","protocol":"kratos"}
{"level":"info","ts":"2025-08-23T14:34:10.902+0800","caller":"logger/kratos_adapter.go:40","func":"github.com/costa92/go-protoc/v2/pkg/logger.(*kratosLoggerAdapter).Log","msg":"[gRPC] server listening on: [::]:9090","branch":"feature/v2-log","environment":"development","logger_type":"zap","service":"apiserver","version":"v2.0.0","service.id":"costalongdeMacBook-Pro.local","service.name":"apiserver","service.version":"cd03a2b-dirty","ts":"2025-08-23T14:34:10+08:00","caller":"grpc/server.go:220","msg":"[gRPC] server listening on: [::]:9090"}
{"level":"info","ts":"2025-08-23T14:34:10.902+0800","caller":"logger/kratos_adapter.go:40","func":"github.com/costa92/go-protoc/v2/pkg/logger.(*kratosLoggerAdapter).Log","msg":"[HTTP] server listening on: [::]:8080","branch":"feature/v2-log","environment":"development","logger_type":"zap","service":"apiserver","version":"v2.0.0","service.id":"costalongdeMacBook-Pro.local","service.name":"apiserver","service.version":"cd03a2b-dirty","ts":"2025-08-23T14:34:10+08:00","caller":"http/server.go:330","msg":"[HTTP] server listening on: [::]:8080"}
{"level":"info","ts":"2025-08-23T14:40:51.272+0800","caller":"app/config.go:171","func":"github.com/costa92/go-protoc/v2/pkg/app.reinitializeLoggerFromConfig","msg":"Logger reinitialized from configuration file","branch":"feature/v2-log","logger_type":"zap","service":"apiserver-dev","version":"cd03a2b-dirty","level":"debug","format":"json","service":"apiserver-dev"}
{"level":"info","ts":"2025-08-23T14:40:51.274+0800","caller":"app/app.go:349","func":"github.com/costa92/go-protoc/v2/pkg/app.(*App).initializeLogger","msg":"Logger context extractors configured","branch":"feature/v2-log","logger_type":"zap","service":"apiserver-dev","version":"cd03a2b-dirty","extractors":2}
{"level":"info","ts":"2025-08-23T14:40:51.274+0800","caller":"app/app.go:354","func":"github.com/costa92/go-protoc/v2/pkg/app.(*App).initializeLogger","msg":"Final logger configuration applied","branch":"feature/v2-log","logger_type":"zap","service":"apiserver-dev","version":"cd03a2b-dirty","service":"apiserver-dev","version":"cd03a2b-dirty","branch":"feature/v2-log"}
{"level":"info","ts":"2025-08-23T14:40:51.274+0800","caller":"app/app.go:308","func":"github.com/costa92/go-protoc/v2/pkg/app.(*App).runCommand","msg":"Starting application","branch":"feature/v2-log","logger_type":"zap","service":"apiserver-dev","version":"cd03a2b-dirty","name":"apiserver","version":"{\"gitVersion\":\"cd03a2b-dirty\",\"gitCommit\":\"cd03a2bae2065c9d493c5f60441c24aacb13b175\",\"gitTreeState\":\"\",\"gitBranch\":\"feature/v2-log\",\"buildDate\":\"2025-08-23T06:40:42Z\",\"serviceName\":\"apiserver-dev\",\"goVersion\":\"go1.25.0\",\"compiler\":\"gc\",\"platform\":\"darwin/arm64\"}"}
{"level":"info","ts":"2025-08-23T14:40:51.274+0800","caller":"app/app.go:309","func":"github.com/costa92/go-protoc/v2/pkg/app.(*App).runCommand","msg":"Golang settings","branch":"feature/v2-log","logger_type":"zap","service":"apiserver-dev","version":"cd03a2b-dirty","GOGC":"","GOMAXPROCS":"","GOTRACEBACK":""}
{"level":"debug","ts":"2025-08-23T14:40:51.274+0800","caller":"app/config.go:180","func":"github.com/costa92/go-protoc/v2/pkg/app.PrintConfig","msg":"CFG: log.max-size=100","branch":"feature/v2-log","logger_type":"zap","service":"apiserver-dev","version":"cd03a2b-dirty"}
{"level":"debug","ts":"2025-08-23T14:40:51.274+0800","caller":"app/config.go:180","func":"github.com/costa92/go-protoc/v2/pkg/app.PrintConfig","msg":"CFG: jaeger.reporter-log-spans=true","branch":"feature/v2-log","logger_type":"zap","service":"apiserver-dev","version":"cd03a2b-dirty"}
{"level":"debug","ts":"2025-08-23T14:40:51.274+0800","caller":"app/config.go:180","func":"github.com/costa92/go-protoc/v2/pkg/app.PrintConfig","msg":"CFG: log.victoria-logs.batch-size=100","branch":"feature/v2-log","logger_type":"zap","service":"apiserver-dev","version":"cd03a2b-dirty"}
{"level":"debug","ts":"2025-08-23T14:40:51.274+0800","caller":"app/config.go:180","func":"github.com/costa92/go-protoc/v2/pkg/app.PrintConfig","msg":"CFG: mysql.max-idle-connections=100","branch":"feature/v2-log","logger_type":"zap","service":"apiserver-dev","version":"cd03a2b-dirty"}
{"level":"debug","ts":"2025-08-23T14:40:51.274+0800","caller":"app/config.go:180","func":"github.com/costa92/go-protoc/v2/pkg/app.PrintConfig","msg":"CFG: jaeger.server=127.0.0.1:6831","branch":"feature/v2-log","logger_type":"zap","service":"apiserver-dev","version":"cd03a2b-dirty"}
{"level":"debug","ts":"2025-08-23T14:40:51.274+0800","caller":"app/config.go:180","func":"github.com/costa92/go-protoc/v2/pkg/app.PrintConfig","msg":"CFG: log.otlp.resource_attributes.service.version=v2.0.0","branch":"feature/v2-log","logger_type":"zap","service":"apiserver-dev","version":"cd03a2b-dirty"}
{"level":"debug","ts":"2025-08-23T14:40:51.274+0800","caller":"app/config.go:180","func":"github.com/costa92/go-protoc/v2/pkg/app.PrintConfig","msg":"CFG: log.otlp.enabled=true","branch":"feature/v2-log","logger_type":"zap","service":"apiserver-dev","version":"cd03a2b-dirty"}
{"level":"debug","ts":"2025-08-23T14:40:51.274+0800","caller":"app/config.go:180","func":"github.com/costa92/go-protoc/v2/pkg/app.PrintConfig","msg":"CFG: redis.max-retries=3","branch":"feature/v2-log","logger_type":"zap","service":"apiserver-dev","version":"cd03a2b-dirty"}
{"level":"debug","ts":"2025-08-23T14:40:51.274+0800","caller":"app/config.go:180","func":"github.com/costa92/go-protoc/v2/pkg/app.PrintConfig","msg":"CFG: redis.password=","branch":"feature/v2-log","logger_type":"zap","service":"apiserver-dev","version":"cd03a2b-dirty"}
{"level":"debug","ts":"2025-08-23T14:40:51.274+0800","caller":"app/config.go:180","func":"github.com/costa92/go-protoc/v2/pkg/app.PrintConfig","msg":"CFG: sentry.profiles-sample-rate=0.1","branch":"feature/v2-log","logger_type":"zap","service":"apiserver-dev","version":"cd03a2b-dirty"}
{"level":"debug","ts":"2025-08-23T14:40:51.274+0800","caller":"app/config.go:180","func":"github.com/costa92/go-protoc/v2/pkg/app.PrintConfig","msg":"CFG: sentry.server-name=","branch":"feature/v2-log","logger_type":"zap","service":"apiserver-dev","version":"cd03a2b-dirty"}
{"level":"debug","ts":"2025-08-23T14:40:51.274+0800","caller":"app/config.go:180","func":"github.com/costa92/go-protoc/v2/pkg/app.PrintConfig","msg":"CFG: sentry.flush-timeout=5s","branch":"feature/v2-log","logger_type":"zap","service":"apiserver-dev","version":"cd03a2b-dirty"}
{"level":"debug","ts":"2025-08-23T14:40:51.274+0800","caller":"app/config.go:180","func":"github.com/costa92/go-protoc/v2/pkg/app.PrintConfig","msg":"CFG: log.level-encoder=lowercase","branch":"feature/v2-log","logger_type":"zap","service":"apiserver-dev","version":"cd03a2b-dirty"}
{"level":"debug","ts":"2025-08-23T14:40:51.274+0800","caller":"app/config.go:180","func":"github.com/costa92/go-protoc/v2/pkg/app.PrintConfig","msg":"CFG: version=false","branch":"feature/v2-log","logger_type":"zap","service":"apiserver-dev","version":"cd03a2b-dirty"}
{"level":"debug","ts":"2025-08-23T14:40:51.274+0800","caller":"app/config.go:180","func":"github.com/costa92/go-protoc/v2/pkg/app.PrintConfig","msg":"CFG: log.otlp.resource_attributes.service.name=apiserver","branch":"feature/v2-log","logger_type":"zap","service":"apiserver-dev","version":"cd03a2b-dirty"}
{"level":"debug","ts":"2025-08-23T14:40:51.274+0800","caller":"app/config.go:180","func":"github.com/costa92/go-protoc/v2/pkg/app.PrintConfig","msg":"CFG: jwt.key=onex(#)666","branch":"feature/v2-log","logger_type":"zap","service":"apiserver-dev","version":"cd03a2b-dirty"}
{"level":"debug","ts":"2025-08-23T14:40:51.274+0800","caller":"app/config.go:180","func":"github.com/costa92/go-protoc/v2/pkg/app.PrintConfig","msg":"CFG: log.caller-skip=1","branch":"feature/v2-log","logger_type":"zap","service":"apiserver-dev","version":"cd03a2b-dirty"}
{"level":"debug","ts":"2025-08-23T14:40:51.274+0800","caller":"app/config.go:180","func":"github.com/costa92/go-protoc/v2/pkg/app.PrintConfig","msg":"CFG: jaeger.sampler-param=1","branch":"feature/v2-log","logger_type":"zap","service":"apiserver-dev","version":"cd03a2b-dirty"}
{"level":"debug","ts":"2025-08-23T14:40:51.274+0800","caller":"app/config.go:180","func":"github.com/costa92/go-protoc/v2/pkg/app.PrintConfig","msg":"CFG: pool-monitor.database.slow-query=1s","branch":"feature/v2-log","logger_type":"zap","service":"apiserver-dev","version":"cd03a2b-dirty"}
{"level":"debug","ts":"2025-08-23T14:40:51.274+0800","caller":"app/config.go:180","func":"github.com/costa92/go-protoc/v2/pkg/app.PrintConfig","msg":"CFG: log.enable-color=false","branch":"feature/v2-log","logger_type":"zap","service":"apiserver-dev","version":"cd03a2b-dirty"}
{"level":"debug","ts":"2025-08-23T14:40:51.274+0800","caller":"app/config.go:180","func":"github.com/costa92/go-protoc/v2/pkg/app.PrintConfig","msg":"CFG: mysql.database=protoc","branch":"feature/v2-log","logger_type":"zap","service":"apiserver-dev","version":"cd03a2b-dirty"}
{"level":"debug","ts":"2025-08-23T14:40:51.274+0800","caller":"app/config.go:180","func":"github.com/costa92/go-protoc/v2/pkg/app.PrintConfig","msg":"CFG: sentry.environment=development","branch":"feature/v2-log","logger_type":"zap","service":"apiserver-dev","version":"cd03a2b-dirty"}
{"level":"debug","ts":"2025-08-23T14:40:51.274+0800","caller":"app/config.go:180","func":"github.com/costa92/go-protoc/v2/pkg/app.PrintConfig","msg":"CFG: sentry.enable-tracing=true","branch":"feature/v2-log","logger_type":"zap","service":"apiserver-dev","version":"cd03a2b-dirty"}
{"level":"debug","ts":"2025-08-23T14:40:51.274+0800","caller":"app/config.go:180","func":"github.com/costa92/go-protoc/v2/pkg/app.PrintConfig","msg":"CFG: pool-monitor.database.enabled=true","branch":"feature/v2-log","logger_type":"zap","service":"apiserver-dev","version":"cd03a2b-dirty"}
{"level":"debug","ts":"2025-08-23T14:40:51.274+0800","caller":"app/config.go:180","func":"github.com/costa92/go-protoc/v2/pkg/app.PrintConfig","msg":"CFG: log.otlp.endpoint=127.0.0.1:4327","branch":"feature/v2-log","logger_type":"zap","service":"apiserver-dev","version":"cd03a2b-dirty"}
{"level":"debug","ts":"2025-08-23T14:40:51.274+0800","caller":"app/config.go:180","func":"github.com/costa92/go-protoc/v2/pkg/app.PrintConfig","msg":"CFG: sentry.attach-stacktrace=true","branch":"feature/v2-log","logger_type":"zap","service":"apiserver-dev","version":"cd03a2b-dirty"}
{"level":"debug","ts":"2025-08-23T14:40:51.274+0800","caller":"app/config.go:180","func":"github.com/costa92/go-protoc/v2/pkg/app.PrintConfig","msg":"CFG: redis.pool-size=10","branch":"feature/v2-log","logger_type":"zap","service":"apiserver-dev","version":"cd03a2b-dirty"}
{"level":"debug","ts":"2025-08-23T14:40:51.274+0800","caller":"app/config.go:180","func":"github.com/costa92/go-protoc/v2/pkg/app.PrintConfig","msg":"CFG: sentry.enable-profiling=false","branch":"feature/v2-log","logger_type":"zap","service":"apiserver-dev","version":"cd03a2b-dirty"}
{"level":"debug","ts":"2025-08-23T14:40:51.274+0800","caller":"app/config.go:180","func":"github.com/costa92/go-protoc/v2/pkg/app.PrintConfig","msg":"CFG: log.encoder-config.caller-encoder=short","branch":"feature/v2-log","logger_type":"zap","service":"apiserver-dev","version":"cd03a2b-dirty"}
{"level":"debug","ts":"2025-08-23T14:40:51.274+0800","caller":"app/config.go:180","func":"github.com/costa92/go-protoc/v2/pkg/app.PrintConfig","msg":"CFG: jaeger.service-name=apiserver","branch":"feature/v2-log","logger_type":"zap","service":"apiserver-dev","version":"cd03a2b-dirty"}
{"level":"debug","ts":"2025-08-23T14:40:51.274+0800","caller":"app/config.go:180","func":"github.com/costa92/go-protoc/v2/pkg/app.PrintConfig","msg":"CFG: log.format=json","branch":"feature/v2-log","logger_type":"zap","service":"apiserver-dev","version":"cd03a2b-dirty"}
{"level":"debug","ts":"2025-08-23T14:40:51.274+0800","caller":"app/config.go:180","func":"github.com/costa92/go-protoc/v2/pkg/app.PrintConfig","msg":"CFG: mysql.log-level=1","branch":"feature/v2-log","logger_type":"zap","service":"apiserver-dev","version":"cd03a2b-dirty"}
{"level":"debug","ts":"2025-08-23T14:40:51.274+0800","caller":"app/config.go:180","func":"github.com/costa92/go-protoc/v2/pkg/app.PrintConfig","msg":"CFG: log.otlp.batch_size=100","branch":"feature/v2-log","logger_type":"zap","service":"apiserver-dev","version":"cd03a2b-dirty"}
{"level":"debug","ts":"2025-08-23T14:40:51.274+0800","caller":"app/config.go:180","func":"github.com/costa92/go-protoc/v2/pkg/app.PrintConfig","msg":"CFG: log.encoder-config.time-encoder=iso8601","branch":"feature/v2-log","logger_type":"zap","service":"apiserver-dev","version":"cd03a2b-dirty"}
{"level":"debug","ts":"2025-08-23T14:40:51.274+0800","caller":"app/config.go:180","func":"github.com/costa92/go-protoc/v2/pkg/app.PrintConfig","msg":"CFG: log.encoder-config.level-encoder=lowercase","branch":"feature/v2-log","logger_type":"zap","service":"apiserver-dev","version":"cd03a2b-dirty"}
{"level":"debug","ts":"2025-08-23T14:40:51.274+0800","caller":"app/config.go:180","func":"github.com/costa92/go-protoc/v2/pkg/app.PrintConfig","msg":"CFG: redis.enable-trace=true","branch":"feature/v2-log","logger_type":"zap","service":"apiserver-dev","version":"cd03a2b-dirty"}
{"level":"debug","ts":"2025-08-23T14:40:51.274+0800","caller":"app/config.go:180","func":"github.com/costa92/go-protoc/v2/pkg/app.PrintConfig","msg":"CFG: log.compress=true","branch":"feature/v2-log","logger_type":"zap","service":"apiserver-dev","version":"cd03a2b-dirty"}
{"level":"debug","ts":"2025-08-23T14:40:51.274+0800","caller":"app/config.go:180","func":"github.com/costa92/go-protoc/v2/pkg/app.PrintConfig","msg":"CFG: log.caller-encoder=short","branch":"feature/v2-log","logger_type":"zap","service":"apiserver-dev","version":"cd03a2b-dirty"}
{"level":"debug","ts":"2025-08-23T14:40:51.274+0800","caller":"app/config.go:180","func":"github.com/costa92/go-protoc/v2/pkg/app.PrintConfig","msg":"CFG: log-flush-frequency=5s","branch":"feature/v2-log","logger_type":"zap","service":"apiserver-dev","version":"cd03a2b-dirty"}
{"level":"debug","ts":"2025-08-23T14:40:51.275+0800","caller":"app/config.go:180","func":"github.com/costa92/go-protoc/v2/pkg/app.PrintConfig","msg":"CFG: mysql.log-mode=1","branch":"feature/v2-log","logger_type":"zap","service":"apiserver-dev","version":"cd03a2b-dirty"}
{"level":"debug","ts":"2025-08-23T14:40:51.275+0800","caller":"app/config.go:180","func":"github.com/costa92/go-protoc/v2/pkg/app.PrintConfig","msg":"CFG: pool-monitor.namespace=apiserver","branch":"feature/v2-log","logger_type":"zap","service":"apiserver-dev","version":"cd03a2b-dirty"}
{"level":"debug","ts":"2025-08-23T14:40:51.275+0800","caller":"app/config.go:180","func":"github.com/costa92/go-protoc/v2/pkg/app.PrintConfig","msg":"CFG: log.message-key=msg","branch":"feature/v2-log","logger_type":"zap","service":"apiserver-dev","version":"cd03a2b-dirty"}
{"level":"debug","ts":"2025-08-23T14:40:51.275+0800","caller":"app/config.go:180","func":"github.com/costa92/go-protoc/v2/pkg/app.PrintConfig","msg":"CFG: grpc.addr=0.0.0.0:9090","branch":"feature/v2-log","logger_type":"zap","service":"apiserver-dev","version":"cd03a2b-dirty"}
{"level":"debug","ts":"2025-08-23T14:40:51.275+0800","caller":"app/config.go:180","func":"github.com/costa92/go-protoc/v2/pkg/app.PrintConfig","msg":"CFG: redis.write-timeout=3s","branch":"feature/v2-log","logger_type":"zap","service":"apiserver-dev","version":"cd03a2b-dirty"}
{"level":"debug","ts":"2025-08-23T14:40:51.275+0800","caller":"app/config.go:180","func":"github.com/costa92/go-protoc/v2/pkg/app.PrintConfig","msg":"CFG: jaeger.sampler-type=const","branch":"feature/v2-log","logger_type":"zap","service":"apiserver-dev","version":"cd03a2b-dirty"}
{"level":"debug","ts":"2025-08-23T14:40:51.275+0800","caller":"app/config.go:180","func":"github.com/costa92/go-protoc/v2/pkg/app.PrintConfig","msg":"CFG: log.victoria-logs.timeout=10","branch":"feature/v2-log","logger_type":"zap","service":"apiserver-dev","version":"cd03a2b-dirty"}
{"level":"debug","ts":"2025-08-23T14:40:51.275+0800","caller":"app/config.go:180","func":"github.com/costa92/go-protoc/v2/pkg/app.PrintConfig","msg":"CFG: log.type=zap","branch":"feature/v2-log","logger_type":"zap","service":"apiserver-dev","version":"cd03a2b-dirty"}
{"level":"debug","ts":"2025-08-23T14:40:51.275+0800","caller":"app/config.go:180","func":"github.com/costa92/go-protoc/v2/pkg/app.PrintConfig","msg":"CFG: log.victoria-logs.version=v2.0.0","branch":"feature/v2-log","logger_type":"zap","service":"apiserver-dev","version":"cd03a2b-dirty"}
{"level":"debug","ts":"2025-08-23T14:40:51.275+0800","caller":"app/config.go:180","func":"github.com/costa92/go-protoc/v2/pkg/app.PrintConfig","msg":"CFG: log.dynamic=false","branch":"feature/v2-log","logger_type":"zap","service":"apiserver-dev","version":"cd03a2b-dirty"}
{"level":"debug","ts":"2025-08-23T14:40:51.275+0800","caller":"app/config.go:180","func":"github.com/costa92/go-protoc/v2/pkg/app.PrintConfig","msg":"CFG: log.disable-function-at-info=true","branch":"feature/v2-log","logger_type":"zap","service":"apiserver-dev","version":"cd03a2b-dirty"}
{"level":"debug","ts":"2025-08-23T14:40:51.275+0800","caller":"app/config.go:180","func":"github.com/costa92/go-protoc/v2/pkg/app.PrintConfig","msg":"CFG: mysql.enable-trace=true","branch":"feature/v2-log","logger_type":"zap","service":"apiserver-dev","version":"cd03a2b-dirty"}
{"level":"debug","ts":"2025-08-23T14:40:51.275+0800","caller":"app/config.go:180","func":"github.com/costa92/go-protoc/v2/pkg/app.PrintConfig","msg":"CFG: log.stacktrace-key=stacktrace","branch":"feature/v2-log","logger_type":"zap","service":"apiserver-dev","version":"cd03a2b-dirty"}
{"level":"debug","ts":"2025-08-23T14:40:51.275+0800","caller":"app/config.go:180","func":"github.com/costa92/go-protoc/v2/pkg/app.PrintConfig","msg":"CFG: log.victoria-logs.buffer-size=1000","branch":"feature/v2-log","logger_type":"zap","service":"apiserver-dev","version":"cd03a2b-dirty"}
{"level":"debug","ts":"2025-08-23T14:40:51.275+0800","caller":"app/config.go:180","func":"github.com/costa92/go-protoc/v2/pkg/app.PrintConfig","msg":"CFG: sentry.release=","branch":"feature/v2-log","logger_type":"zap","service":"apiserver-dev","version":"cd03a2b-dirty"}
{"level":"debug","ts":"2025-08-23T14:40:51.275+0800","caller":"app/config.go:180","func":"github.com/costa92/go-protoc/v2/pkg/app.PrintConfig","msg":"CFG: help=false","branch":"feature/v2-log","logger_type":"zap","service":"apiserver-dev","version":"cd03a2b-dirty"}
{"level":"debug","ts":"2025-08-23T14:40:51.275+0800","caller":"app/config.go:180","func":"github.com/costa92/go-protoc/v2/pkg/app.PrintConfig","msg":"CFG: pool-monitor.redis.enabled=true","branch":"feature/v2-log","logger_type":"zap","service":"apiserver-dev","version":"cd03a2b-dirty"}
{"level":"debug","ts":"2025-08-23T14:40:51.275+0800","caller":"app/config.go:180","func":"github.com/costa92/go-protoc/v2/pkg/app.PrintConfig","msg":"CFG: http.timeout=10s","branch":"feature/v2-log","logger_type":"zap","service":"apiserver-dev","version":"cd03a2b-dirty"}
{"level":"debug","ts":"2025-08-23T14:40:51.275+0800","caller":"app/config.go:180","func":"github.com/costa92/go-protoc/v2/pkg/app.PrintConfig","msg":"CFG: log.victoria-logs.service=apiserver","branch":"feature/v2-log","logger_type":"zap","service":"apiserver-dev","version":"cd03a2b-dirty"}
{"level":"debug","ts":"2025-08-23T14:40:51.275+0800","caller":"app/config.go:180","func":"github.com/costa92/go-protoc/v2/pkg/app.PrintConfig","msg":"CFG: log.victoria-logs.flush-interval=5","branch":"feature/v2-log","logger_type":"zap","service":"apiserver-dev","version":"cd03a2b-dirty"}
{"level":"debug","ts":"2025-08-23T14:40:51.275+0800","caller":"app/config.go:180","func":"github.com/costa92/go-protoc/v2/pkg/app.PrintConfig","msg":"CFG: log.max-backups=5","branch":"feature/v2-log","logger_type":"zap","service":"apiserver-dev","version":"cd03a2b-dirty"}
{"level":"debug","ts":"2025-08-23T14:40:51.275+0800","caller":"app/config.go:180","func":"github.com/costa92/go-protoc/v2/pkg/app.PrintConfig","msg":"CFG: sentry.dsn=","branch":"feature/v2-log","logger_type":"zap","service":"apiserver-dev","version":"cd03a2b-dirty"}
{"level":"debug","ts":"2025-08-23T14:40:51.275+0800","caller":"app/config.go:180","func":"github.com/costa92/go-protoc/v2/pkg/app.PrintConfig","msg":"CFG: log.level-key=level","branch":"feature/v2-log","logger_type":"zap","service":"apiserver-dev","version":"cd03a2b-dirty"}
{"level":"debug","ts":"2025-08-23T14:40:51.275+0800","caller":"app/config.go:180","func":"github.com/costa92/go-protoc/v2/pkg/app.PrintConfig","msg":"CFG: feature-gates=","branch":"feature/v2-log","logger_type":"zap","service":"apiserver-dev","version":"cd03a2b-dirty"}
{"level":"debug","ts":"2025-08-23T14:40:51.275+0800","caller":"app/config.go:180","func":"github.com/costa92/go-protoc/v2/pkg/app.PrintConfig","msg":"CFG: log.otlp.timeout=10s","branch":"feature/v2-log","logger_type":"zap","service":"apiserver-dev","version":"cd03a2b-dirty"}
{"level":"debug","ts":"2025-08-23T14:40:51.275+0800","caller":"app/config.go:180","func":"github.com/costa92/go-protoc/v2/pkg/app.PrintConfig","msg":"CFG: jwt.max-refresh=2h","branch":"feature/v2-log","logger_type":"zap","service":"apiserver-dev","version":"cd03a2b-dirty"}
{"level":"debug","ts":"2025-08-23T14:40:51.275+0800","caller":"app/config.go:180","func":"github.com/costa92/go-protoc/v2/pkg/app.PrintConfig","msg":"CFG: sentry.max-breadcrumbs=100","branch":"feature/v2-log","logger_type":"zap","service":"apiserver-dev","version":"cd03a2b-dirty"}
{"level":"debug","ts":"2025-08-23T14:40:51.275+0800","caller":"app/config.go:180","func":"github.com/costa92/go-protoc/v2/pkg/app.PrintConfig","msg":"CFG: jaeger.agent-port=6831","branch":"feature/v2-log","logger_type":"zap","service":"apiserver-dev","version":"cd03a2b-dirty"}
{"level":"debug","ts":"2025-08-23T14:40:51.275+0800","caller":"app/config.go:180","func":"github.com/costa92/go-protoc/v2/pkg/app.PrintConfig","msg":"CFG: log.victoria-logs.endpoint=http://127.0.0.1:9428","branch":"feature/v2-log","logger_type":"zap","service":"apiserver-dev","version":"cd03a2b-dirty"}
{"level":"debug","ts":"2025-08-23T14:40:51.275+0800","caller":"app/config.go:180","func":"github.com/costa92/go-protoc/v2/pkg/app.PrintConfig","msg":"CFG: log.victoria-logs.environment=development","branch":"feature/v2-log","logger_type":"zap","service":"apiserver-dev","version":"cd03a2b-dirty"}
{"level":"debug","ts":"2025-08-23T14:40:51.275+0800","caller":"app/config.go:180","func":"github.com/costa92/go-protoc/v2/pkg/app.PrintConfig","msg":"CFG: log.error-output-paths=[stderr]","branch":"feature/v2-log","logger_type":"zap","service":"apiserver-dev","version":"cd03a2b-dirty"}
{"level":"debug","ts":"2025-08-23T14:40:51.275+0800","caller":"app/config.go:180","func":"github.com/costa92/go-protoc/v2/pkg/app.PrintConfig","msg":"CFG: vmodule=","branch":"feature/v2-log","logger_type":"zap","service":"apiserver-dev","version":"cd03a2b-dirty"}
{"level":"debug","ts":"2025-08-23T14:40:51.275+0800","caller":"app/config.go:180","func":"github.com/costa92/go-protoc/v2/pkg/app.PrintConfig","msg":"CFG: redis.dial-timeout=5s","branch":"feature/v2-log","logger_type":"zap","service":"apiserver-dev","version":"cd03a2b-dirty"}
{"level":"debug","ts":"2025-08-23T14:40:51.275+0800","caller":"app/config.go:180","func":"github.com/costa92/go-protoc/v2/pkg/app.PrintConfig","msg":"CFG: log.disable-stacktrace=false","branch":"feature/v2-log","logger_type":"zap","service":"apiserver-dev","version":"cd03a2b-dirty"}
{"level":"debug","ts":"2025-08-23T14:40:51.275+0800","caller":"app/config.go:180","func":"github.com/costa92/go-protoc/v2/pkg/app.PrintConfig","msg":"CFG: log.encoder-config.time-key=ts","branch":"feature/v2-log","logger_type":"zap","service":"apiserver-dev","version":"cd03a2b-dirty"}
{"level":"debug","ts":"2025-08-23T14:40:51.275+0800","caller":"app/config.go:180","func":"github.com/costa92/go-protoc/v2/pkg/app.PrintConfig","msg":"CFG: log.encoder-config.message-key=msg","branch":"feature/v2-log","logger_type":"zap","service":"apiserver-dev","version":"cd03a2b-dirty"}
{"level":"debug","ts":"2025-08-23T14:40:51.275+0800","caller":"app/config.go:180","func":"github.com/costa92/go-protoc/v2/pkg/app.PrintConfig","msg":"CFG: log.disable-caller=false","branch":"feature/v2-log","logger_type":"zap","service":"apiserver-dev","version":"cd03a2b-dirty"}
{"level":"debug","ts":"2025-08-23T14:40:51.275+0800","caller":"app/config.go:180","func":"github.com/costa92/go-protoc/v2/pkg/app.PrintConfig","msg":"CFG: mysql.username=root","branch":"feature/v2-log","logger_type":"zap","service":"apiserver-dev","version":"cd03a2b-dirty"}
{"level":"debug","ts":"2025-08-23T14:40:51.275+0800","caller":"app/config.go:180","func":"github.com/costa92/go-protoc/v2/pkg/app.PrintConfig","msg":"CFG: sentry.send-default-pii=false","branch":"feature/v2-log","logger_type":"zap","service":"apiserver-dev","version":"cd03a2b-dirty"}
{"level":"debug","ts":"2025-08-23T14:40:51.275+0800","caller":"app/config.go:180","func":"github.com/costa92/go-protoc/v2/pkg/app.PrintConfig","msg":"CFG: redis.min-idle-conns=0","branch":"feature/v2-log","logger_type":"zap","service":"apiserver-dev","version":"cd03a2b-dirty"}
{"level":"debug","ts":"2025-08-23T14:40:51.275+0800","caller":"app/config.go:180","func":"github.com/costa92/go-protoc/v2/pkg/app.PrintConfig","msg":"CFG: pool-monitor.enabled=true","branch":"feature/v2-log","logger_type":"zap","service":"apiserver-dev","version":"cd03a2b-dirty"}
{"level":"debug","ts":"2025-08-23T14:40:51.275+0800","caller":"app/config.go:180","func":"github.com/costa92/go-protoc/v2/pkg/app.PrintConfig","msg":"CFG: log.otlp.export_timeout=30s","branch":"feature/v2-log","logger_type":"zap","service":"apiserver-dev","version":"cd03a2b-dirty"}
{"level":"debug","ts":"2025-08-23T14:40:51.275+0800","caller":"app/config.go:180","func":"github.com/costa92/go-protoc/v2/pkg/app.PrintConfig","msg":"CFG: v=0","branch":"feature/v2-log","logger_type":"zap","service":"apiserver-dev","version":"cd03a2b-dirty"}
{"level":"debug","ts":"2025-08-23T14:40:51.275+0800","caller":"app/config.go:180","func":"github.com/costa92/go-protoc/v2/pkg/app.PrintConfig","msg":"CFG: log.otlp.resource_attributes.service.namespace=go-protoc","branch":"feature/v2-log","logger_type":"zap","service":"apiserver-dev","version":"cd03a2b-dirty"}
{"level":"debug","ts":"2025-08-23T14:40:51.275+0800","caller":"app/config.go:180","func":"github.com/costa92/go-protoc/v2/pkg/app.PrintConfig","msg":"CFG: pool-monitor.collect-interval=30s","branch":"feature/v2-log","logger_type":"zap","service":"apiserver-dev","version":"cd03a2b-dirty"}
{"level":"debug","ts":"2025-08-23T14:40:51.275+0800","caller":"app/config.go:180","func":"github.com/costa92/go-protoc/v2/pkg/app.PrintConfig","msg":"CFG: sentry.traces-sample-rate=0.1","branch":"feature/v2-log","logger_type":"zap","service":"apiserver-dev","version":"cd03a2b-dirty"}
{"level":"debug","ts":"2025-08-23T14:40:51.275+0800","caller":"app/config.go:180","func":"github.com/costa92/go-protoc/v2/pkg/app.PrintConfig","msg":"CFG: log.otlp.resource_attributes.deployment.environment=development","branch":"feature/v2-log","logger_type":"zap","service":"apiserver-dev","version":"cd03a2b-dirty"}
{"level":"debug","ts":"2025-08-23T14:40:51.275+0800","caller":"app/config.go:180","func":"github.com/costa92/go-protoc/v2/pkg/app.PrintConfig","msg":"CFG: log.otlp.insecure=true","branch":"feature/v2-log","logger_type":"zap","service":"apiserver-dev","version":"cd03a2b-dirty"}
{"level":"debug","ts":"2025-08-23T14:40:51.275+0800","caller":"app/config.go:180","func":"github.com/costa92/go-protoc/v2/pkg/app.PrintConfig","msg":"CFG: log.development=false","branch":"feature/v2-log","logger_type":"zap","service":"apiserver-dev","version":"cd03a2b-dirty"}
{"level":"debug","ts":"2025-08-23T14:40:51.275+0800","caller":"app/config.go:180","func":"github.com/costa92/go-protoc/v2/pkg/app.PrintConfig","msg":"CFG: log.max-age=7","branch":"feature/v2-log","logger_type":"zap","service":"apiserver-dev","version":"cd03a2b-dirty"}
{"level":"debug","ts":"2025-08-23T14:40:51.275+0800","caller":"app/config.go:180","func":"github.com/costa92/go-protoc/v2/pkg/app.PrintConfig","msg":"CFG: http.addr=0.0.0.0:8080","branch":"feature/v2-log","logger_type":"zap","service":"apiserver-dev","version":"cd03a2b-dirty"}
{"level":"debug","ts":"2025-08-23T14:40:51.275+0800","caller":"app/config.go:180","func":"github.com/costa92/go-protoc/v2/pkg/app.PrintConfig","msg":"CFG: redis.pool-timeout=4s","branch":"feature/v2-log","logger_type":"zap","service":"apiserver-dev","version":"cd03a2b-dirty"}
{"level":"debug","ts":"2025-08-23T14:40:51.275+0800","caller":"app/config.go:180","func":"github.com/costa92/go-protoc/v2/pkg/app.PrintConfig","msg":"CFG: log.function-key=func","branch":"feature/v2-log","logger_type":"zap","service":"apiserver-dev","version":"cd03a2b-dirty"}
{"level":"debug","ts":"2025-08-23T14:40:51.275+0800","caller":"app/config.go:180","func":"github.com/costa92/go-protoc/v2/pkg/app.PrintConfig","msg":"CFG: sentry.ignore-errors=[]","branch":"feature/v2-log","logger_type":"zap","service":"apiserver-dev","version":"cd03a2b-dirty"}
{"level":"debug","ts":"2025-08-23T14:40:51.275+0800","caller":"app/config.go:180","func":"github.com/costa92/go-protoc/v2/pkg/app.PrintConfig","msg":"CFG: log.encoder-config.level-key=level","branch":"feature/v2-log","logger_type":"zap","service":"apiserver-dev","version":"cd03a2b-dirty"}
{"level":"debug","ts":"2025-08-23T14:40:51.275+0800","caller":"app/config.go:180","func":"github.com/costa92/go-protoc/v2/pkg/app.PrintConfig","msg":"CFG: log.encoder-config.caller-key=caller","branch":"feature/v2-log","logger_type":"zap","service":"apiserver-dev","version":"cd03a2b-dirty"}
{"level":"debug","ts":"2025-08-23T14:40:51.275+0800","caller":"app/config.go:180","func":"github.com/costa92/go-protoc/v2/pkg/app.PrintConfig","msg":"CFG: log.encoder-config.function-key=func","branch":"feature/v2-log","logger_type":"zap","service":"apiserver-dev","version":"cd03a2b-dirty"}
{"level":"debug","ts":"2025-08-23T14:40:51.275+0800","caller":"app/config.go:180","func":"github.com/costa92/go-protoc/v2/pkg/app.PrintConfig","msg":"CFG: sentry.sample-rate=1","branch":"feature/v2-log","logger_type":"zap","service":"apiserver-dev","version":"cd03a2b-dirty"}
{"level":"debug","ts":"2025-08-23T14:40:51.275+0800","caller":"app/config.go:180","func":"github.com/costa92/go-protoc/v2/pkg/app.PrintConfig","msg":"CFG: config=configs/apiserver.yaml","branch":"feature/v2-log","logger_type":"zap","service":"apiserver-dev","version":"cd03a2b-dirty"}
{"level":"debug","ts":"2025-08-23T14:40:51.275+0800","caller":"app/config.go:180","func":"github.com/costa92/go-protoc/v2/pkg/app.PrintConfig","msg":"CFG: jaeger.env=development","branch":"feature/v2-log","logger_type":"zap","service":"apiserver-dev","version":"cd03a2b-dirty"}
{"level":"debug","ts":"2025-08-23T14:40:51.275+0800","caller":"app/config.go:180","func":"github.com/costa92/go-protoc/v2/pkg/app.PrintConfig","msg":"CFG: mysql.max-connection-life-time=10s","branch":"feature/v2-log","logger_type":"zap","service":"apiserver-dev","version":"cd03a2b-dirty"}
{"level":"debug","ts":"2025-08-23T14:40:51.275+0800","caller":"app/config.go:180","func":"github.com/costa92/go-protoc/v2/pkg/app.PrintConfig","msg":"CFG: jaeger.enabled=true","branch":"feature/v2-log","logger_type":"zap","service":"apiserver-dev","version":"cd03a2b-dirty"}
{"level":"debug","ts":"2025-08-23T14:40:51.275+0800","caller":"app/config.go:180","func":"github.com/costa92/go-protoc/v2/pkg/app.PrintConfig","msg":"CFG: log.encoding=json","branch":"feature/v2-log","logger_type":"zap","service":"apiserver-dev","version":"cd03a2b-dirty"}
{"level":"debug","ts":"2025-08-23T14:40:51.276+0800","caller":"app/config.go:180","func":"github.com/costa92/go-protoc/v2/pkg/app.PrintConfig","msg":"CFG: log.victoria-logs.enabled=false","branch":"feature/v2-log","logger_type":"zap","service":"apiserver-dev","version":"cd03a2b-dirty"}
{"level":"debug","ts":"2025-08-23T14:40:51.276+0800","caller":"app/config.go:180","func":"github.com/costa92/go-protoc/v2/pkg/app.PrintConfig","msg":"CFG: sentry.debug=false","branch":"feature/v2-log","logger_type":"zap","service":"apiserver-dev","version":"cd03a2b-dirty"}
{"level":"debug","ts":"2025-08-23T14:40:51.276+0800","caller":"app/config.go:180","func":"github.com/costa92/go-protoc/v2/pkg/app.PrintConfig","msg":"CFG: redis.database=0","branch":"feature/v2-log","logger_type":"zap","service":"apiserver-dev","version":"cd03a2b-dirty"}
{"level":"debug","ts":"2025-08-23T14:40:51.276+0800","caller":"app/config.go:180","func":"github.com/costa92/go-protoc/v2/pkg/app.PrintConfig","msg":"CFG: grpc.timeout=10s","branch":"feature/v2-log","logger_type":"zap","service":"apiserver-dev","version":"cd03a2b-dirty"}
{"level":"debug","ts":"2025-08-23T14:40:51.276+0800","caller":"app/config.go:180","func":"github.com/costa92/go-protoc/v2/pkg/app.PrintConfig","msg":"CFG: http.network=tcp","branch":"feature/v2-log","logger_type":"zap","service":"apiserver-dev","version":"cd03a2b-dirty"}
{"level":"debug","ts":"2025-08-23T14:40:51.276+0800","caller":"app/config.go:180","func":"github.com/costa92/go-protoc/v2/pkg/app.PrintConfig","msg":"CFG: log.level=debug","branch":"feature/v2-log","logger_type":"zap","service":"apiserver-dev","version":"cd03a2b-dirty"}
{"level":"debug","ts":"2025-08-23T14:40:51.276+0800","caller":"app/config.go:180","func":"github.com/costa92/go-protoc/v2/pkg/app.PrintConfig","msg":"CFG: jwt.signing-method=HS512","branch":"feature/v2-log","logger_type":"zap","service":"apiserver-dev","version":"cd03a2b-dirty"}
{"level":"debug","ts":"2025-08-23T14:40:51.276+0800","caller":"app/config.go:180","func":"github.com/costa92/go-protoc/v2/pkg/app.PrintConfig","msg":"CFG: log.caller-key=caller","branch":"feature/v2-log","logger_type":"zap","service":"apiserver-dev","version":"cd03a2b-dirty"}
{"level":"debug","ts":"2025-08-23T14:40:51.276+0800","caller":"app/config.go:180","func":"github.com/costa92/go-protoc/v2/pkg/app.PrintConfig","msg":"CFG: jaeger.agent-host=127.0.0.1","branch":"feature/v2-log","logger_type":"zap","service":"apiserver-dev","version":"cd03a2b-dirty"}
{"level":"debug","ts":"2025-08-23T14:40:51.276+0800","caller":"app/config.go:180","func":"github.com/costa92/go-protoc/v2/pkg/app.PrintConfig","msg":"CFG: mysql.password=proj(#)666","branch":"feature/v2-log","logger_type":"zap","service":"apiserver-dev","version":"cd03a2b-dirty"}
{"level":"debug","ts":"2025-08-23T14:40:51.276+0800","caller":"app/config.go:180","func":"github.com/costa92/go-protoc/v2/pkg/app.PrintConfig","msg":"CFG: mysql.host=127.0.0.1","branch":"feature/v2-log","logger_type":"zap","service":"apiserver-dev","version":"cd03a2b-dirty"}
{"level":"debug","ts":"2025-08-23T14:40:51.276+0800","caller":"app/config.go:180","func":"github.com/costa92/go-protoc/v2/pkg/app.PrintConfig","msg":"CFG: jwt.expired=2h","branch":"feature/v2-log","logger_type":"zap","service":"apiserver-dev","version":"cd03a2b-dirty"}
{"level":"debug","ts":"2025-08-23T14:40:51.276+0800","caller":"app/config.go:180","func":"github.com/costa92/go-protoc/v2/pkg/app.PrintConfig","msg":"CFG: sentry.enabled=false","branch":"feature/v2-log","logger_type":"zap","service":"apiserver-dev","version":"cd03a2b-dirty"}
{"level":"debug","ts":"2025-08-23T14:40:51.276+0800","caller":"app/config.go:180","func":"github.com/costa92/go-protoc/v2/pkg/app.PrintConfig","msg":"CFG: log.encoder-config.stacktrace-key=stacktrace","branch":"feature/v2-log","logger_type":"zap","service":"apiserver-dev","version":"cd03a2b-dirty"}
{"level":"debug","ts":"2025-08-23T14:40:51.276+0800","caller":"app/config.go:180","func":"github.com/costa92/go-protoc/v2/pkg/app.PrintConfig","msg":"CFG: log.time-encoder=iso8601","branch":"feature/v2-log","logger_type":"zap","service":"apiserver-dev","version":"cd03a2b-dirty"}
{"level":"debug","ts":"2025-08-23T14:40:51.276+0800","caller":"app/config.go:180","func":"github.com/costa92/go-protoc/v2/pkg/app.PrintConfig","msg":"CFG: log.output-paths=[stdout logs/apiserver/app.log]","branch":"feature/v2-log","logger_type":"zap","service":"apiserver-dev","version":"cd03a2b-dirty"}
{"level":"debug","ts":"2025-08-23T14:40:51.276+0800","caller":"app/config.go:180","func":"github.com/costa92/go-protoc/v2/pkg/app.PrintConfig","msg":"CFG: mysql.max-open-connections=100","branch":"feature/v2-log","logger_type":"zap","service":"apiserver-dev","version":"cd03a2b-dirty"}
{"level":"debug","ts":"2025-08-23T14:40:51.276+0800","caller":"app/config.go:180","func":"github.com/costa92/go-protoc/v2/pkg/app.PrintConfig","msg":"CFG: redis.read-timeout=3s","branch":"feature/v2-log","logger_type":"zap","service":"apiserver-dev","version":"cd03a2b-dirty"}
{"level":"debug","ts":"2025-08-23T14:40:51.276+0800","caller":"app/config.go:180","func":"github.com/costa92/go-protoc/v2/pkg/app.PrintConfig","msg":"CFG: log.time-key=ts","branch":"feature/v2-log","logger_type":"zap","service":"apiserver-dev","version":"cd03a2b-dirty"}
{"level":"debug","ts":"2025-08-23T14:40:51.276+0800","caller":"app/config.go:180","func":"github.com/costa92/go-protoc/v2/pkg/app.PrintConfig","msg":"CFG: redis.addr=127.0.0.1:6379","branch":"feature/v2-log","logger_type":"zap","service":"apiserver-dev","version":"cd03a2b-dirty"}
{"level":"debug","ts":"2025-08-23T14:40:51.276+0800","caller":"app/config.go:180","func":"github.com/costa92/go-protoc/v2/pkg/app.PrintConfig","msg":"CFG: grpc.network=tcp","branch":"feature/v2-log","logger_type":"zap","service":"apiserver-dev","version":"cd03a2b-dirty"}
{"level":"debug","ts":"2025-08-23T14:40:51.276+0800","caller":"app/config.go:180","func":"github.com/costa92/go-protoc/v2/pkg/app.PrintConfig","msg":"CFG: redis.username=","branch":"feature/v2-log","logger_type":"zap","service":"apiserver-dev","version":"cd03a2b-dirty"}
{"level":"info","ts":"2025-08-23T14:40:51.276+0800","caller":"app/server.go:67","func":"github.com/costa92/go-protoc/v2/cmd/apiserver/app.startMetricsCollection","msg":"Connection pool metrics collection is enabled through dependency injection","branch":"feature/v2-log","logger_type":"zap","service":"apiserver-dev","version":"cd03a2b-dirty"}
{"level":"info","ts":"2025-08-23T14:40:51.276+0800","caller":"app/server.go:68","func":"github.com/costa92/go-protoc/v2/cmd/apiserver/app.startMetricsCollection","msg":"Metrics will be automatically collected by the PoolMonitor when database connections are established","branch":"feature/v2-log","logger_type":"zap","service":"apiserver-dev","version":"cd03a2b-dirty"}
{"level":"info","ts":"2025-08-23T14:40:51.276+0800","caller":"app/server.go:71","func":"github.com/costa92/go-protoc/v2/cmd/apiserver/app.startMetricsCollection","msg":"Database pool monitoring enabled","branch":"feature/v2-log","logger_type":"zap","service":"apiserver-dev","version":"cd03a2b-dirty","slow_query_threshold":1000,"collect_interval":30000}
{"level":"info","ts":"2025-08-23T14:40:51.276+0800","caller":"app/server.go:77","func":"github.com/costa92/go-protoc/v2/cmd/apiserver/app.startMetricsCollection","msg":"Redis pool monitoring enabled","branch":"feature/v2-log","logger_type":"zap","service":"apiserver-dev","version":"cd03a2b-dirty","collect_interval":30000}
{"level":"info","ts":"2025-08-23T14:40:51.276+0800","caller":"apiserver/server.go:66","func":"github.com/costa92/go-protoc/v2/internal/apiserver.(*Config).NewServer","msg":"Initializing API server","branch":"feature/v2-log","logger_type":"zap","service":"apiserver-dev","version":"cd03a2b-dirty","service":"apiserver-dev","version":"cd03a2b-dirty","branch":"feature/v2-log","commit":"cd03a2ba","build_date":"2025-08-23T06:40:42Z","go_version":"go1.25.0"}
{"level":"info","ts":"2025-08-23T14:40:51.276+0800","caller":"apiserver/server.go:78","func":"github.com/costa92/go-protoc/v2/internal/apiserver.(*Config).NewServer","msg":"Logger configuration","branch":"feature/v2-log","logger_type":"zap","service":"apiserver-dev","version":"cd03a2b-dirty","level":"debug","format":"json"}
{"level":"debug","ts":"2025-08-23T14:40:51.276+0800","caller":"apiserver/server.go:79","func":"github.com/costa92/go-protoc/v2/internal/apiserver.(*Config).NewServer","msg":"Debug logging enabled","branch":"feature/v2-log","logger_type":"zap","service":"apiserver-dev","version":"cd03a2b-dirty","caller_skip":2,"enable_color":false}
{"level":"info","ts":"2025-08-23T14:40:51.276+0800","caller":"apiserver/server.go:83","func":"github.com/costa92/go-protoc/v2/internal/apiserver.(*Config).NewServer","msg":"Validating service connections before startup...","branch":"feature/v2-log","logger_type":"zap","service":"apiserver-dev","version":"cd03a2b-dirty"}
{"level":"info","ts":"2025-08-23T14:40:51.276+0800","caller":"apiserver/server.go:87","func":"github.com/costa92/go-protoc/v2/internal/apiserver.(*Config).NewServer","msg":"Testing MySQL connection...","branch":"feature/v2-log","logger_type":"zap","service":"apiserver-dev","version":"cd03a2b-dirty"}
{"level":"info","ts":"2025-08-23T14:40:51.291+0800","caller":"apiserver/server.go:92","func":"github.com/costa92/go-protoc/v2/internal/apiserver.(*Config).NewServer","msg":"MySQL connection test passed","branch":"feature/v2-log","logger_type":"zap","service":"apiserver-dev","version":"cd03a2b-dirty"}
{"level":"info","ts":"2025-08-23T14:40:51.291+0800","caller":"apiserver/server.go:97","func":"github.com/costa92/go-protoc/v2/internal/apiserver.(*Config).NewServer","msg":"Testing Redis connection...","branch":"feature/v2-log","logger_type":"zap","service":"apiserver-dev","version":"cd03a2b-dirty"}
{"level":"info","ts":"2025-08-23T14:40:51.298+0800","caller":"apiserver/server.go:102","func":"github.com/costa92/go-protoc/v2/internal/apiserver.(*Config).NewServer","msg":"Redis connection test passed","branch":"feature/v2-log","logger_type":"zap","service":"apiserver-dev","version":"cd03a2b-dirty"}
{"level":"info","ts":"2025-08-23T14:40:51.298+0800","caller":"apiserver/server.go:107","func":"github.com/costa92/go-protoc/v2/internal/apiserver.(*Config).NewServer","msg":"Testing Jaeger connection...","branch":"feature/v2-log","logger_type":"zap","service":"apiserver-dev","version":"cd03a2b-dirty"}
{"level":"info","ts":"2025-08-23T14:40:51.298+0800","caller":"apiserver/server.go:112","func":"github.com/costa92/go-protoc/v2/internal/apiserver.(*Config).NewServer","msg":"Jaeger connection test passed","branch":"feature/v2-log","logger_type":"zap","service":"apiserver-dev","version":"cd03a2b-dirty"}
{"level":"info","ts":"2025-08-23T14:40:51.298+0800","caller":"apiserver/server.go:115","func":"github.com/costa92/go-protoc/v2/internal/apiserver.(*Config).NewServer","msg":"All service connections validated successfully","branch":"feature/v2-log","logger_type":"zap","service":"apiserver-dev","version":"cd03a2b-dirty"}
{"level":"info","ts":"2025-08-23T14:40:51.396+0800","caller":"server/kratos_server.go:47","func":"github.com/costa92/go-protoc/v2/pkg/server.(*KratosServer).RunOrDie","msg":"Start to listening the incoming requests","branch":"feature/v2-log","logger_type":"zap","service":"apiserver-dev","version":"cd03a2b-dirty","protocol":"kratos"}
{"level":"fatal","ts":"2025-08-23T14:40:51.396+0800","caller":"server/kratos_server.go:49","func":"github.com/costa92/go-protoc/v2/pkg/server.(*KratosServer).RunOrDie","msg":"Failed to serve kratos application","branch":"feature/v2-log","logger_type":"zap","service":"apiserver-dev","version":"cd03a2b-dirty","err":"listen tcp 0.0.0.0:9090: bind: address already in use","stacktrace":"github.com/costa92/go-protoc/v2/pkg/server.(*KratosServer).RunOrDie\n\t/Users/costalong/code/go/src/github.com/costa92/go-protoc/pkg/server/kratos_server.go:49"}
{"level":"info","ts":"2025-08-23T15:53:17.856+0800","caller":"app/config.go:171","func":"github.com/costa92/go-protoc/v2/pkg/app.reinitializeLoggerFromConfig","msg":"Logger reinitialized from configuration file","branch":"feature/v2-log","logger_type":"zap","service":"apiserver-dev","version":"cd03a2b-dirty","level":"debug","format":"json","service":"apiserver-dev"}
{"level":"info","ts":"2025-08-23T15:53:17.858+0800","caller":"app/app.go:349","func":"github.com/costa92/go-protoc/v2/pkg/app.(*App).initializeLogger","msg":"Logger context extractors configured","branch":"feature/v2-log","logger_type":"zap","service":"apiserver-dev","version":"cd03a2b-dirty","extractors":2}
{"level":"info","ts":"2025-08-23T15:53:17.858+0800","caller":"app/app.go:354","func":"github.com/costa92/go-protoc/v2/pkg/app.(*App).initializeLogger","msg":"Final logger configuration applied","branch":"feature/v2-log","logger_type":"zap","service":"apiserver-dev","version":"cd03a2b-dirty","service":"apiserver-dev","version":"cd03a2b-dirty","branch":"feature/v2-log"}
{"level":"info","ts":"2025-08-23T15:53:17.858+0800","caller":"app/app.go:308","func":"github.com/costa92/go-protoc/v2/pkg/app.(*App).runCommand","msg":"Starting application","branch":"feature/v2-log","logger_type":"zap","service":"apiserver-dev","version":"cd03a2b-dirty","name":"apiserver","version":"{\"gitVersion\":\"cd03a2b-dirty\",\"gitCommit\":\"cd03a2bae2065c9d493c5f60441c24aacb13b175\",\"gitTreeState\":\"\",\"gitBranch\":\"feature/v2-log\",\"buildDate\":\"2025-08-23T07:53:09Z\",\"serviceName\":\"apiserver-dev\",\"goVersion\":\"go1.25.0\",\"compiler\":\"gc\",\"platform\":\"darwin/arm64\"}"}
{"level":"info","ts":"2025-08-23T15:53:17.858+0800","caller":"app/app.go:309","func":"github.com/costa92/go-protoc/v2/pkg/app.(*App).runCommand","msg":"Golang settings","branch":"feature/v2-log","logger_type":"zap","service":"apiserver-dev","version":"cd03a2b-dirty","GOGC":"","GOMAXPROCS":"","GOTRACEBACK":""}
{"level":"debug","ts":"2025-08-23T15:53:17.858+0800","caller":"app/config.go:180","func":"github.com/costa92/go-protoc/v2/pkg/app.PrintConfig","msg":"CFG: log.time-encoder=iso8601","branch":"feature/v2-log","logger_type":"zap","service":"apiserver-dev","version":"cd03a2b-dirty"}
{"level":"debug","ts":"2025-08-23T15:53:17.858+0800","caller":"app/config.go:180","func":"github.com/costa92/go-protoc/v2/pkg/app.PrintConfig","msg":"CFG: sentry.flush-timeout=5s","branch":"feature/v2-log","logger_type":"zap","service":"apiserver-dev","version":"cd03a2b-dirty"}
{"level":"debug","ts":"2025-08-23T15:53:17.858+0800","caller":"app/config.go:180","func":"github.com/costa92/go-protoc/v2/pkg/app.PrintConfig","msg":"CFG: sentry.traces-sample-rate=0.1","branch":"feature/v2-log","logger_type":"zap","service":"apiserver-dev","version":"cd03a2b-dirty"}
{"level":"debug","ts":"2025-08-23T15:53:17.858+0800","caller":"app/config.go:180","func":"github.com/costa92/go-protoc/v2/pkg/app.PrintConfig","msg":"CFG: log.dynamic=false","branch":"feature/v2-log","logger_type":"zap","service":"apiserver-dev","version":"cd03a2b-dirty"}
{"level":"debug","ts":"2025-08-23T15:53:17.858+0800","caller":"app/config.go:180","func":"github.com/costa92/go-protoc/v2/pkg/app.PrintConfig","msg":"CFG: sentry.attach-stacktrace=true","branch":"feature/v2-log","logger_type":"zap","service":"apiserver-dev","version":"cd03a2b-dirty"}
{"level":"debug","ts":"2025-08-23T15:53:17.858+0800","caller":"app/config.go:180","func":"github.com/costa92/go-protoc/v2/pkg/app.PrintConfig","msg":"CFG: sentry.release=","branch":"feature/v2-log","logger_type":"zap","service":"apiserver-dev","version":"cd03a2b-dirty"}
{"level":"debug","ts":"2025-08-23T15:53:17.858+0800","caller":"app/config.go:180","func":"github.com/costa92/go-protoc/v2/pkg/app.PrintConfig","msg":"CFG: log.disable-stacktrace=false","branch":"feature/v2-log","logger_type":"zap","service":"apiserver-dev","version":"cd03a2b-dirty"}
{"level":"debug","ts":"2025-08-23T15:53:17.858+0800","caller":"app/config.go:180","func":"github.com/costa92/go-protoc/v2/pkg/app.PrintConfig","msg":"CFG: redis.max-retries=3","branch":"feature/v2-log","logger_type":"zap","service":"apiserver-dev","version":"cd03a2b-dirty"}
{"level":"debug","ts":"2025-08-23T15:53:17.858+0800","caller":"app/config.go:180","func":"github.com/costa92/go-protoc/v2/pkg/app.PrintConfig","msg":"CFG: sentry.profiles-sample-rate=0.1","branch":"feature/v2-log","logger_type":"zap","service":"apiserver-dev","version":"cd03a2b-dirty"}
{"level":"debug","ts":"2025-08-23T15:53:17.858+0800","caller":"app/config.go:180","func":"github.com/costa92/go-protoc/v2/pkg/app.PrintConfig","msg":"CFG: log.level=debug","branch":"feature/v2-log","logger_type":"zap","service":"apiserver-dev","version":"cd03a2b-dirty"}
{"level":"debug","ts":"2025-08-23T15:53:17.858+0800","caller":"app/config.go:180","func":"github.com/costa92/go-protoc/v2/pkg/app.PrintConfig","msg":"CFG: log.victoria-logs.version=v2.0.0","branch":"feature/v2-log","logger_type":"zap","service":"apiserver-dev","version":"cd03a2b-dirty"}
{"level":"debug","ts":"2025-08-23T15:53:17.858+0800","caller":"app/config.go:180","func":"github.com/costa92/go-protoc/v2/pkg/app.PrintConfig","msg":"CFG: jaeger.env=development","branch":"feature/v2-log","logger_type":"zap","service":"apiserver-dev","version":"cd03a2b-dirty"}
{"level":"debug","ts":"2025-08-23T15:53:17.858+0800","caller":"app/config.go:180","func":"github.com/costa92/go-protoc/v2/pkg/app.PrintConfig","msg":"CFG: log.encoder-config.time-encoder=iso8601","branch":"feature/v2-log","logger_type":"zap","service":"apiserver-dev","version":"cd03a2b-dirty"}
{"level":"debug","ts":"2025-08-23T15:53:17.858+0800","caller":"app/config.go:180","func":"github.com/costa92/go-protoc/v2/pkg/app.PrintConfig","msg":"CFG: log.victoria-logs.flush-interval=5","branch":"feature/v2-log","logger_type":"zap","service":"apiserver-dev","version":"cd03a2b-dirty"}
{"level":"debug","ts":"2025-08-23T15:53:17.858+0800","caller":"app/config.go:180","func":"github.com/costa92/go-protoc/v2/pkg/app.PrintConfig","msg":"CFG: mysql.enable-trace=true","branch":"feature/v2-log","logger_type":"zap","service":"apiserver-dev","version":"cd03a2b-dirty"}
{"level":"debug","ts":"2025-08-23T15:53:17.858+0800","caller":"app/config.go:180","func":"github.com/costa92/go-protoc/v2/pkg/app.PrintConfig","msg":"CFG: http.network=tcp","branch":"feature/v2-log","logger_type":"zap","service":"apiserver-dev","version":"cd03a2b-dirty"}
{"level":"debug","ts":"2025-08-23T15:53:17.858+0800","caller":"app/config.go:180","func":"github.com/costa92/go-protoc/v2/pkg/app.PrintConfig","msg":"CFG: sentry.ignore-errors=[]","branch":"feature/v2-log","logger_type":"zap","service":"apiserver-dev","version":"cd03a2b-dirty"}
{"level":"debug","ts":"2025-08-23T15:53:17.858+0800","caller":"app/config.go:180","func":"github.com/costa92/go-protoc/v2/pkg/app.PrintConfig","msg":"CFG: mysql.max-open-connections=100","branch":"feature/v2-log","logger_type":"zap","service":"apiserver-dev","version":"cd03a2b-dirty"}
{"level":"debug","ts":"2025-08-23T15:53:17.858+0800","caller":"app/config.go:180","func":"github.com/costa92/go-protoc/v2/pkg/app.PrintConfig","msg":"CFG: mysql.log-mode=1","branch":"feature/v2-log","logger_type":"zap","service":"apiserver-dev","version":"cd03a2b-dirty"}
{"level":"debug","ts":"2025-08-23T15:53:17.858+0800","caller":"app/config.go:180","func":"github.com/costa92/go-protoc/v2/pkg/app.PrintConfig","msg":"CFG: jaeger.enabled=true","branch":"feature/v2-log","logger_type":"zap","service":"apiserver-dev","version":"cd03a2b-dirty"}
{"level":"debug","ts":"2025-08-23T15:53:17.858+0800","caller":"app/config.go:180","func":"github.com/costa92/go-protoc/v2/pkg/app.PrintConfig","msg":"CFG: pool-monitor.enabled=true","branch":"feature/v2-log","logger_type":"zap","service":"apiserver-dev","version":"cd03a2b-dirty"}
{"level":"debug","ts":"2025-08-23T15:53:17.858+0800","caller":"app/config.go:180","func":"github.com/costa92/go-protoc/v2/pkg/app.PrintConfig","msg":"CFG: log.development=false","branch":"feature/v2-log","logger_type":"zap","service":"apiserver-dev","version":"cd03a2b-dirty"}
{"level":"debug","ts":"2025-08-23T15:53:17.858+0800","caller":"app/config.go:180","func":"github.com/costa92/go-protoc/v2/pkg/app.PrintConfig","msg":"CFG: log.victoria-logs.endpoint=http://127.0.0.1:9428","branch":"feature/v2-log","logger_type":"zap","service":"apiserver-dev","version":"cd03a2b-dirty"}
{"level":"debug","ts":"2025-08-23T15:53:17.858+0800","caller":"app/config.go:180","func":"github.com/costa92/go-protoc/v2/pkg/app.PrintConfig","msg":"CFG: log.victoria-logs.environment=development","branch":"feature/v2-log","logger_type":"zap","service":"apiserver-dev","version":"cd03a2b-dirty"}
{"level":"debug","ts":"2025-08-23T15:53:17.858+0800","caller":"app/config.go:180","func":"github.com/costa92/go-protoc/v2/pkg/app.PrintConfig","msg":"CFG: jaeger.sampler-param=1","branch":"feature/v2-log","logger_type":"zap","service":"apiserver-dev","version":"cd03a2b-dirty"}
{"level":"debug","ts":"2025-08-23T15:53:17.858+0800","caller":"app/config.go:180","func":"github.com/costa92/go-protoc/v2/pkg/app.PrintConfig","msg":"CFG: sentry.environment=development","branch":"feature/v2-log","logger_type":"zap","service":"apiserver-dev","version":"cd03a2b-dirty"}
{"level":"debug","ts":"2025-08-23T15:53:17.858+0800","caller":"app/config.go:180","func":"github.com/costa92/go-protoc/v2/pkg/app.PrintConfig","msg":"CFG: jwt.key=onex(#)666","branch":"feature/v2-log","logger_type":"zap","service":"apiserver-dev","version":"cd03a2b-dirty"}
{"level":"debug","ts":"2025-08-23T15:53:17.858+0800","caller":"app/config.go:180","func":"github.com/costa92/go-protoc/v2/pkg/app.PrintConfig","msg":"CFG: mysql.password=proj(#)666","branch":"feature/v2-log","logger_type":"zap","service":"apiserver-dev","version":"cd03a2b-dirty"}
{"level":"debug","ts":"2025-08-23T15:53:17.858+0800","caller":"app/config.go:180","func":"github.com/costa92/go-protoc/v2/pkg/app.PrintConfig","msg":"CFG: redis.pool-size=10","branch":"feature/v2-log","logger_type":"zap","service":"apiserver-dev","version":"cd03a2b-dirty"}
{"level":"debug","ts":"2025-08-23T15:53:17.858+0800","caller":"app/config.go:180","func":"github.com/costa92/go-protoc/v2/pkg/app.PrintConfig","msg":"CFG: feature-gates=","branch":"feature/v2-log","logger_type":"zap","service":"apiserver-dev","version":"cd03a2b-dirty"}
{"level":"debug","ts":"2025-08-23T15:53:17.858+0800","caller":"app/config.go:180","func":"github.com/costa92/go-protoc/v2/pkg/app.PrintConfig","msg":"CFG: log.otlp.resource_attributes.service.namespace=go-protoc","branch":"feature/v2-log","logger_type":"zap","service":"apiserver-dev","version":"cd03a2b-dirty"}
{"level":"debug","ts":"2025-08-23T15:53:17.858+0800","caller":"app/config.go:180","func":"github.com/costa92/go-protoc/v2/pkg/app.PrintConfig","msg":"CFG: log.level-key=level","branch":"feature/v2-log","logger_type":"zap","service":"apiserver-dev","version":"cd03a2b-dirty"}
{"level":"debug","ts":"2025-08-23T15:53:17.860+0800","caller":"app/config.go:180","func":"github.com/costa92/go-protoc/v2/pkg/app.PrintConfig","msg":"CFG: mysql.database=protoc","branch":"feature/v2-log","logger_type":"zap","service":"apiserver-dev","version":"cd03a2b-dirty"}
{"level":"debug","ts":"2025-08-23T15:53:17.860+0800","caller":"app/config.go:180","func":"github.com/costa92/go-protoc/v2/pkg/app.PrintConfig","msg":"CFG: pool-monitor.redis.enabled=true","branch":"feature/v2-log","logger_type":"zap","service":"apiserver-dev","version":"cd03a2b-dirty"}
{"level":"debug","ts":"2025-08-23T15:53:17.861+0800","caller":"app/config.go:180","func":"github.com/costa92/go-protoc/v2/pkg/app.PrintConfig","msg":"CFG: jwt.max-refresh=2h","branch":"feature/v2-log","logger_type":"zap","service":"apiserver-dev","version":"cd03a2b-dirty"}
{"level":"debug","ts":"2025-08-23T15:53:17.861+0800","caller":"app/config.go:180","func":"github.com/costa92/go-protoc/v2/pkg/app.PrintConfig","msg":"CFG: log.enable-color=false","branch":"feature/v2-log","logger_type":"zap","service":"apiserver-dev","version":"cd03a2b-dirty"}
{"level":"debug","ts":"2025-08-23T15:53:17.861+0800","caller":"app/config.go:180","func":"github.com/costa92/go-protoc/v2/pkg/app.PrintConfig","msg":"CFG: log.type=zap","branch":"feature/v2-log","logger_type":"zap","service":"apiserver-dev","version":"cd03a2b-dirty"}
{"level":"debug","ts":"2025-08-23T15:53:17.861+0800","caller":"app/config.go:180","func":"github.com/costa92/go-protoc/v2/pkg/app.PrintConfig","msg":"CFG: log.output-paths=[stdout logs/apiserver/app.log]","branch":"feature/v2-log","logger_type":"zap","service":"apiserver-dev","version":"cd03a2b-dirty"}
{"level":"debug","ts":"2025-08-23T15:53:17.861+0800","caller":"app/config.go:180","func":"github.com/costa92/go-protoc/v2/pkg/app.PrintConfig","msg":"CFG: version=false","branch":"feature/v2-log","logger_type":"zap","service":"apiserver-dev","version":"cd03a2b-dirty"}
{"level":"debug","ts":"2025-08-23T15:53:17.861+0800","caller":"app/config.go:180","func":"github.com/costa92/go-protoc/v2/pkg/app.PrintConfig","msg":"CFG: log.encoder-config.time-key=ts","branch":"feature/v2-log","logger_type":"zap","service":"apiserver-dev","version":"cd03a2b-dirty"}
{"level":"debug","ts":"2025-08-23T15:53:17.861+0800","caller":"app/config.go:180","func":"github.com/costa92/go-protoc/v2/pkg/app.PrintConfig","msg":"CFG: mysql.log-level=1","branch":"feature/v2-log","logger_type":"zap","service":"apiserver-dev","version":"cd03a2b-dirty"}
{"level":"debug","ts":"2025-08-23T15:53:17.861+0800","caller":"app/config.go:180","func":"github.com/costa92/go-protoc/v2/pkg/app.PrintConfig","msg":"CFG: jaeger.sampler-type=const","branch":"feature/v2-log","logger_type":"zap","service":"apiserver-dev","version":"cd03a2b-dirty"}
{"level":"debug","ts":"2025-08-23T15:53:17.861+0800","caller":"app/config.go:180","func":"github.com/costa92/go-protoc/v2/pkg/app.PrintConfig","msg":"CFG: log.message-key=msg","branch":"feature/v2-log","logger_type":"zap","service":"apiserver-dev","version":"cd03a2b-dirty"}
{"level":"debug","ts":"2025-08-23T15:53:17.861+0800","caller":"app/config.go:180","func":"github.com/costa92/go-protoc/v2/pkg/app.PrintConfig","msg":"CFG: log.otlp.insecure=true","branch":"feature/v2-log","logger_type":"zap","service":"apiserver-dev","version":"cd03a2b-dirty"}
{"level":"debug","ts":"2025-08-23T15:53:17.861+0800","caller":"app/config.go:180","func":"github.com/costa92/go-protoc/v2/pkg/app.PrintConfig","msg":"CFG: log-flush-frequency=5s","branch":"feature/v2-log","logger_type":"zap","service":"apiserver-dev","version":"cd03a2b-dirty"}
{"level":"debug","ts":"2025-08-23T15:53:17.861+0800","caller":"app/config.go:180","func":"github.com/costa92/go-protoc/v2/pkg/app.PrintConfig","msg":"CFG: grpc.network=tcp","branch":"feature/v2-log","logger_type":"zap","service":"apiserver-dev","version":"cd03a2b-dirty"}
{"level":"debug","ts":"2025-08-23T15:53:17.861+0800","caller":"app/config.go:180","func":"github.com/costa92/go-protoc/v2/pkg/app.PrintConfig","msg":"CFG: http.timeout=10s","branch":"feature/v2-log","logger_type":"zap","service":"apiserver-dev","version":"cd03a2b-dirty"}
{"level":"debug","ts":"2025-08-23T15:53:17.861+0800","caller":"app/config.go:180","func":"github.com/costa92/go-protoc/v2/pkg/app.PrintConfig","msg":"CFG: log.otlp.endpoint=127.0.0.1:4327","branch":"feature/v2-log","logger_type":"zap","service":"apiserver-dev","version":"cd03a2b-dirty"}
{"level":"debug","ts":"2025-08-23T15:53:17.861+0800","caller":"app/config.go:180","func":"github.com/costa92/go-protoc/v2/pkg/app.PrintConfig","msg":"CFG: log.caller-encoder=short","branch":"feature/v2-log","logger_type":"zap","service":"apiserver-dev","version":"cd03a2b-dirty"}
{"level":"debug","ts":"2025-08-23T15:53:17.861+0800","caller":"app/config.go:180","func":"github.com/costa92/go-protoc/v2/pkg/app.PrintConfig","msg":"CFG: log.max-backups=5","branch":"feature/v2-log","logger_type":"zap","service":"apiserver-dev","version":"cd03a2b-dirty"}
{"level":"debug","ts":"2025-08-23T15:53:17.861+0800","caller":"app/config.go:180","func":"github.com/costa92/go-protoc/v2/pkg/app.PrintConfig","msg":"CFG: redis.pool-timeout=4s","branch":"feature/v2-log","logger_type":"zap","service":"apiserver-dev","version":"cd03a2b-dirty"}
{"level":"debug","ts":"2025-08-23T15:53:17.861+0800","caller":"app/config.go:180","func":"github.com/costa92/go-protoc/v2/pkg/app.PrintConfig","msg":"CFG: mysql.host=127.0.0.1","branch":"feature/v2-log","logger_type":"zap","service":"apiserver-dev","version":"cd03a2b-dirty"}
{"level":"debug","ts":"2025-08-23T15:53:17.861+0800","caller":"app/config.go:180","func":"github.com/costa92/go-protoc/v2/pkg/app.PrintConfig","msg":"CFG: jaeger.service-name=apiserver","branch":"feature/v2-log","logger_type":"zap","service":"apiserver-dev","version":"cd03a2b-dirty"}
{"level":"debug","ts":"2025-08-23T15:53:17.861+0800","caller":"app/config.go:180","func":"github.com/costa92/go-protoc/v2/pkg/app.PrintConfig","msg":"CFG: log.otlp.enabled=true","branch":"feature/v2-log","logger_type":"zap","service":"apiserver-dev","version":"cd03a2b-dirty"}
{"level":"debug","ts":"2025-08-23T15:53:17.861+0800","caller":"app/config.go:180","func":"github.com/costa92/go-protoc/v2/pkg/app.PrintConfig","msg":"CFG: v=0","branch":"feature/v2-log","logger_type":"zap","service":"apiserver-dev","version":"cd03a2b-dirty"}
{"level":"debug","ts":"2025-08-23T15:53:17.861+0800","caller":"app/config.go:180","func":"github.com/costa92/go-protoc/v2/pkg/app.PrintConfig","msg":"CFG: vmodule=","branch":"feature/v2-log","logger_type":"zap","service":"apiserver-dev","version":"cd03a2b-dirty"}
{"level":"debug","ts":"2025-08-23T15:53:17.861+0800","caller":"app/config.go:180","func":"github.com/costa92/go-protoc/v2/pkg/app.PrintConfig","msg":"CFG: log.victoria-logs.service=apiserver","branch":"feature/v2-log","logger_type":"zap","service":"apiserver-dev","version":"cd03a2b-dirty"}
{"level":"debug","ts":"2025-08-23T15:53:17.861+0800","caller":"app/config.go:180","func":"github.com/costa92/go-protoc/v2/pkg/app.PrintConfig","msg":"CFG: log.victoria-logs.buffer-size=1000","branch":"feature/v2-log","logger_type":"zap","service":"apiserver-dev","version":"cd03a2b-dirty"}
{"level":"debug","ts":"2025-08-23T15:53:17.861+0800","caller":"app/config.go:180","func":"github.com/costa92/go-protoc/v2/pkg/app.PrintConfig","msg":"CFG: log.level-encoder=lowercase","branch":"feature/v2-log","logger_type":"zap","service":"apiserver-dev","version":"cd03a2b-dirty"}
{"level":"debug","ts":"2025-08-23T15:53:17.861+0800","caller":"app/config.go:180","func":"github.com/costa92/go-protoc/v2/pkg/app.PrintConfig","msg":"CFG: log.max-age=7","branch":"feature/v2-log","logger_type":"zap","service":"apiserver-dev","version":"cd03a2b-dirty"}
{"level":"debug","ts":"2025-08-23T15:53:17.861+0800","caller":"app/config.go:180","func":"github.com/costa92/go-protoc/v2/pkg/app.PrintConfig","msg":"CFG: log.encoding=json","branch":"feature/v2-log","logger_type":"zap","service":"apiserver-dev","version":"cd03a2b-dirty"}
{"level":"debug","ts":"2025-08-23T15:53:17.861+0800","caller":"app/config.go:180","func":"github.com/costa92/go-protoc/v2/pkg/app.PrintConfig","msg":"CFG: log.victoria-logs.batch-size=100","branch":"feature/v2-log","logger_type":"zap","service":"apiserver-dev","version":"cd03a2b-dirty"}
{"level":"debug","ts":"2025-08-23T15:53:17.861+0800","caller":"app/config.go:180","func":"github.com/costa92/go-protoc/v2/pkg/app.PrintConfig","msg":"CFG: jaeger.reporter-log-spans=true","branch":"feature/v2-log","logger_type":"zap","service":"apiserver-dev","version":"cd03a2b-dirty"}
{"level":"debug","ts":"2025-08-23T15:53:17.861+0800","caller":"app/config.go:180","func":"github.com/costa92/go-protoc/v2/pkg/app.PrintConfig","msg":"CFG: sentry.enabled=false","branch":"feature/v2-log","logger_type":"zap","service":"apiserver-dev","version":"cd03a2b-dirty"}
{"level":"debug","ts":"2025-08-23T15:53:17.861+0800","caller":"app/config.go:180","func":"github.com/costa92/go-protoc/v2/pkg/app.PrintConfig","msg":"CFG: sentry.enable-profiling=false","branch":"feature/v2-log","logger_type":"zap","service":"apiserver-dev","version":"cd03a2b-dirty"}
{"level":"debug","ts":"2025-08-23T15:53:17.861+0800","caller":"app/config.go:180","func":"github.com/costa92/go-protoc/v2/pkg/app.PrintConfig","msg":"CFG: log.error-output-paths=[stderr]","branch":"feature/v2-log","logger_type":"zap","service":"apiserver-dev","version":"cd03a2b-dirty"}
{"level":"debug","ts":"2025-08-23T15:53:17.861+0800","caller":"app/config.go:180","func":"github.com/costa92/go-protoc/v2/pkg/app.PrintConfig","msg":"CFG: redis.read-timeout=3s","branch":"feature/v2-log","logger_type":"zap","service":"apiserver-dev","version":"cd03a2b-dirty"}
{"level":"debug","ts":"2025-08-23T15:53:17.861+0800","caller":"app/config.go:180","func":"github.com/costa92/go-protoc/v2/pkg/app.PrintConfig","msg":"CFG: pool-monitor.database.enabled=true","branch":"feature/v2-log","logger_type":"zap","service":"apiserver-dev","version":"cd03a2b-dirty"}
{"level":"debug","ts":"2025-08-23T15:53:17.861+0800","caller":"app/config.go:180","func":"github.com/costa92/go-protoc/v2/pkg/app.PrintConfig","msg":"CFG: sentry.max-breadcrumbs=100","branch":"feature/v2-log","logger_type":"zap","service":"apiserver-dev","version":"cd03a2b-dirty"}
{"level":"debug","ts":"2025-08-23T15:53:17.861+0800","caller":"app/config.go:180","func":"github.com/costa92/go-protoc/v2/pkg/app.PrintConfig","msg":"CFG: redis.database=0","branch":"feature/v2-log","logger_type":"zap","service":"apiserver-dev","version":"cd03a2b-dirty"}
{"level":"debug","ts":"2025-08-23T15:53:17.861+0800","caller":"app/config.go:180","func":"github.com/costa92/go-protoc/v2/pkg/app.PrintConfig","msg":"CFG: pool-monitor.database.slow-query=1s","branch":"feature/v2-log","logger_type":"zap","service":"apiserver-dev","version":"cd03a2b-dirty"}
{"level":"debug","ts":"2025-08-23T15:53:17.861+0800","caller":"app/config.go:180","func":"github.com/costa92/go-protoc/v2/pkg/app.PrintConfig","msg":"CFG: jwt.signing-method=HS512","branch":"feature/v2-log","logger_type":"zap","service":"apiserver-dev","version":"cd03a2b-dirty"}
{"level":"debug","ts":"2025-08-23T15:53:17.861+0800","caller":"app/config.go:180","func":"github.com/costa92/go-protoc/v2/pkg/app.PrintConfig","msg":"CFG: log.encoder-config.caller-key=caller","branch":"feature/v2-log","logger_type":"zap","service":"apiserver-dev","version":"cd03a2b-dirty"}
{"level":"debug","ts":"2025-08-23T15:53:17.861+0800","caller":"app/config.go:180","func":"github.com/costa92/go-protoc/v2/pkg/app.PrintConfig","msg":"CFG: jaeger.agent-host=127.0.0.1","branch":"feature/v2-log","logger_type":"zap","service":"apiserver-dev","version":"cd03a2b-dirty"}
{"level":"debug","ts":"2025-08-23T15:53:17.861+0800","caller":"app/config.go:180","func":"github.com/costa92/go-protoc/v2/pkg/app.PrintConfig","msg":"CFG: pool-monitor.namespace=apiserver","branch":"feature/v2-log","logger_type":"zap","service":"apiserver-dev","version":"cd03a2b-dirty"}
{"level":"debug","ts":"2025-08-23T15:53:17.861+0800","caller":"app/config.go:180","func":"github.com/costa92/go-protoc/v2/pkg/app.PrintConfig","msg":"CFG: config=configs/apiserver.yaml","branch":"feature/v2-log","logger_type":"zap","service":"apiserver-dev","version":"cd03a2b-dirty"}
{"level":"debug","ts":"2025-08-23T15:53:17.861+0800","caller":"app/config.go:180","func":"github.com/costa92/go-protoc/v2/pkg/app.PrintConfig","msg":"CFG: log.encoder-config.stacktrace-key=stacktrace","branch":"feature/v2-log","logger_type":"zap","service":"apiserver-dev","version":"cd03a2b-dirty"}
{"level":"debug","ts":"2025-08-23T15:53:17.861+0800","caller":"app/config.go:180","func":"github.com/costa92/go-protoc/v2/pkg/app.PrintConfig","msg":"CFG: log.otlp.resource_attributes.service.name=apiserver","branch":"feature/v2-log","logger_type":"zap","service":"apiserver-dev","version":"cd03a2b-dirty"}
{"level":"debug","ts":"2025-08-23T15:53:17.861+0800","caller":"app/config.go:180","func":"github.com/costa92/go-protoc/v2/pkg/app.PrintConfig","msg":"CFG: sentry.debug=false","branch":"feature/v2-log","logger_type":"zap","service":"apiserver-dev","version":"cd03a2b-dirty"}
{"level":"debug","ts":"2025-08-23T15:53:17.867+0800","caller":"app/config.go:180","func":"github.com/costa92/go-protoc/v2/pkg/app.PrintConfig","msg":"CFG: log.otlp.resource_attributes.service.version=v2.0.0","branch":"feature/v2-log","logger_type":"zap","service":"apiserver-dev","version":"cd03a2b-dirty"}
{"level":"debug","ts":"2025-08-23T15:53:17.867+0800","caller":"app/config.go:180","func":"github.com/costa92/go-protoc/v2/pkg/app.PrintConfig","msg":"CFG: sentry.dsn=","branch":"feature/v2-log","logger_type":"zap","service":"apiserver-dev","version":"cd03a2b-dirty"}
{"level":"debug","ts":"2025-08-23T15:53:17.867+0800","caller":"app/config.go:180","func":"github.com/costa92/go-protoc/v2/pkg/app.PrintConfig","msg":"CFG: log.otlp.timeout=10s","branch":"feature/v2-log","logger_type":"zap","service":"apiserver-dev","version":"cd03a2b-dirty"}
{"level":"debug","ts":"2025-08-23T15:53:17.867+0800","caller":"app/config.go:180","func":"github.com/costa92/go-protoc/v2/pkg/app.PrintConfig","msg":"CFG: jaeger.agent-port=6831","branch":"feature/v2-log","logger_type":"zap","service":"apiserver-dev","version":"cd03a2b-dirty"}
{"level":"debug","ts":"2025-08-23T15:53:17.870+0800","caller":"app/config.go:180","func":"github.com/costa92/go-protoc/v2/pkg/app.PrintConfig","msg":"CFG: redis.password=","branch":"feature/v2-log","logger_type":"zap","service":"apiserver-dev","version":"cd03a2b-dirty"}
{"level":"debug","ts":"2025-08-23T15:53:17.870+0800","caller":"app/config.go:180","func":"github.com/costa92/go-protoc/v2/pkg/app.PrintConfig","msg":"CFG: grpc.timeout=10s","branch":"feature/v2-log","logger_type":"zap","service":"apiserver-dev","version":"cd03a2b-dirty"}
{"level":"debug","ts":"2025-08-23T15:53:17.870+0800","caller":"app/config.go:180","func":"github.com/costa92/go-protoc/v2/pkg/app.PrintConfig","msg":"CFG: log.victoria-logs.enabled=false","branch":"feature/v2-log","logger_type":"zap","service":"apiserver-dev","version":"cd03a2b-dirty"}
{"level":"debug","ts":"2025-08-23T15:53:17.870+0800","caller":"app/config.go:180","func":"github.com/costa92/go-protoc/v2/pkg/app.PrintConfig","msg":"CFG: redis.enable-trace=true","branch":"feature/v2-log","logger_type":"zap","service":"apiserver-dev","version":"cd03a2b-dirty"}
{"level":"debug","ts":"2025-08-23T15:53:17.870+0800","caller":"app/config.go:180","func":"github.com/costa92/go-protoc/v2/pkg/app.PrintConfig","msg":"CFG: sentry.server-name=","branch":"feature/v2-log","logger_type":"zap","service":"apiserver-dev","version":"cd03a2b-dirty"}
{"level":"debug","ts":"2025-08-23T15:53:17.870+0800","caller":"app/config.go:180","func":"github.com/costa92/go-protoc/v2/pkg/app.PrintConfig","msg":"CFG: redis.write-timeout=3s","branch":"feature/v2-log","logger_type":"zap","service":"apiserver-dev","version":"cd03a2b-dirty"}
{"level":"debug","ts":"2025-08-23T15:53:17.870+0800","caller":"app/config.go:180","func":"github.com/costa92/go-protoc/v2/pkg/app.PrintConfig","msg":"CFG: log.max-size=100","branch":"feature/v2-log","logger_type":"zap","service":"apiserver-dev","version":"cd03a2b-dirty"}
{"level":"debug","ts":"2025-08-23T15:53:17.870+0800","caller":"app/config.go:180","func":"github.com/costa92/go-protoc/v2/pkg/app.PrintConfig","msg":"CFG: log.otlp.batch_size=100","branch":"feature/v2-log","logger_type":"zap","service":"apiserver-dev","version":"cd03a2b-dirty"}
{"level":"debug","ts":"2025-08-23T15:53:17.870+0800","caller":"app/config.go:180","func":"github.com/costa92/go-protoc/v2/pkg/app.PrintConfig","msg":"CFG: redis.dial-timeout=5s","branch":"feature/v2-log","logger_type":"zap","service":"apiserver-dev","version":"cd03a2b-dirty"}
{"level":"debug","ts":"2025-08-23T15:53:17.870+0800","caller":"app/config.go:180","func":"github.com/costa92/go-protoc/v2/pkg/app.PrintConfig","msg":"CFG: jaeger.server=127.0.0.1:6831","branch":"feature/v2-log","logger_type":"zap","service":"apiserver-dev","version":"cd03a2b-dirty"}
{"level":"debug","ts":"2025-08-23T15:53:17.870+0800","caller":"app/config.go:180","func":"github.com/costa92/go-protoc/v2/pkg/app.PrintConfig","msg":"CFG: mysql.username=root","branch":"feature/v2-log","logger_type":"zap","service":"apiserver-dev","version":"cd03a2b-dirty"}
{"level":"debug","ts":"2025-08-23T15:53:17.870+0800","caller":"app/config.go:180","func":"github.com/costa92/go-protoc/v2/pkg/app.PrintConfig","msg":"CFG: mysql.max-connection-life-time=10s","branch":"feature/v2-log","logger_type":"zap","service":"apiserver-dev","version":"cd03a2b-dirty"}
{"level":"debug","ts":"2025-08-23T15:53:17.870+0800","caller":"app/config.go:180","func":"github.com/costa92/go-protoc/v2/pkg/app.PrintConfig","msg":"CFG: help=false","branch":"feature/v2-log","logger_type":"zap","service":"apiserver-dev","version":"cd03a2b-dirty"}
{"level":"debug","ts":"2025-08-23T15:53:17.870+0800","caller":"app/config.go:180","func":"github.com/costa92/go-protoc/v2/pkg/app.PrintConfig","msg":"CFG: log.encoder-config.caller-encoder=short","branch":"feature/v2-log","logger_type":"zap","service":"apiserver-dev","version":"cd03a2b-dirty"}
{"level":"debug","ts":"2025-08-23T15:53:17.870+0800","caller":"app/config.go:180","func":"github.com/costa92/go-protoc/v2/pkg/app.PrintConfig","msg":"CFG: log.encoder-config.level-encoder=lowercase","branch":"feature/v2-log","logger_type":"zap","service":"apiserver-dev","version":"cd03a2b-dirty"}
{"level":"debug","ts":"2025-08-23T15:53:17.870+0800","caller":"app/config.go:180","func":"github.com/costa92/go-protoc/v2/pkg/app.PrintConfig","msg":"CFG: sentry.sample-rate=1","branch":"feature/v2-log","logger_type":"zap","service":"apiserver-dev","version":"cd03a2b-dirty"}
{"level":"debug","ts":"2025-08-23T15:53:17.870+0800","caller":"app/config.go:180","func":"github.com/costa92/go-protoc/v2/pkg/app.PrintConfig","msg":"CFG: log.caller-key=caller","branch":"feature/v2-log","logger_type":"zap","service":"apiserver-dev","version":"cd03a2b-dirty"}
{"level":"debug","ts":"2025-08-23T15:53:17.870+0800","caller":"app/config.go:180","func":"github.com/costa92/go-protoc/v2/pkg/app.PrintConfig","msg":"CFG: log.stacktrace-key=stacktrace","branch":"feature/v2-log","logger_type":"zap","service":"apiserver-dev","version":"cd03a2b-dirty"}
{"level":"debug","ts":"2025-08-23T15:53:17.870+0800","caller":"app/config.go:180","func":"github.com/costa92/go-protoc/v2/pkg/app.PrintConfig","msg":"CFG: redis.addr=127.0.0.1:6379","branch":"feature/v2-log","logger_type":"zap","service":"apiserver-dev","version":"cd03a2b-dirty"}
{"level":"debug","ts":"2025-08-23T15:53:17.870+0800","caller":"app/config.go:180","func":"github.com/costa92/go-protoc/v2/pkg/app.PrintConfig","msg":"CFG: redis.min-idle-conns=0","branch":"feature/v2-log","logger_type":"zap","service":"apiserver-dev","version":"cd03a2b-dirty"}
{"level":"debug","ts":"2025-08-23T15:53:17.870+0800","caller":"app/config.go:180","func":"github.com/costa92/go-protoc/v2/pkg/app.PrintConfig","msg":"CFG: http.addr=0.0.0.0:8080","branch":"feature/v2-log","logger_type":"zap","service":"apiserver-dev","version":"cd03a2b-dirty"}
{"level":"debug","ts":"2025-08-23T15:53:17.870+0800","caller":"app/config.go:180","func":"github.com/costa92/go-protoc/v2/pkg/app.PrintConfig","msg":"CFG: log.time-key=ts","branch":"feature/v2-log","logger_type":"zap","service":"apiserver-dev","version":"cd03a2b-dirty"}
{"level":"debug","ts":"2025-08-23T15:53:17.870+0800","caller":"app/config.go:180","func":"github.com/costa92/go-protoc/v2/pkg/app.PrintConfig","msg":"CFG: log.disable-function-at-info=true","branch":"feature/v2-log","logger_type":"zap","service":"apiserver-dev","version":"cd03a2b-dirty"}
{"level":"debug","ts":"2025-08-23T15:53:17.870+0800","caller":"app/config.go:180","func":"github.com/costa92/go-protoc/v2/pkg/app.PrintConfig","msg":"CFG: log.caller-skip=1","branch":"feature/v2-log","logger_type":"zap","service":"apiserver-dev","version":"cd03a2b-dirty"}
{"level":"debug","ts":"2025-08-23T15:53:17.870+0800","caller":"app/config.go:180","func":"github.com/costa92/go-protoc/v2/pkg/app.PrintConfig","msg":"CFG: grpc.addr=0.0.0.0:9090","branch":"feature/v2-log","logger_type":"zap","service":"apiserver-dev","version":"cd03a2b-dirty"}
{"level":"debug","ts":"2025-08-23T15:53:17.870+0800","caller":"app/config.go:180","func":"github.com/costa92/go-protoc/v2/pkg/app.PrintConfig","msg":"CFG: log.format=json","branch":"feature/v2-log","logger_type":"zap","service":"apiserver-dev","version":"cd03a2b-dirty"}
{"level":"debug","ts":"2025-08-23T15:53:17.870+0800","caller":"app/config.go:180","func":"github.com/costa92/go-protoc/v2/pkg/app.PrintConfig","msg":"CFG: pool-monitor.collect-interval=30s","branch":"feature/v2-log","logger_type":"zap","service":"apiserver-dev","version":"cd03a2b-dirty"}
{"level":"debug","ts":"2025-08-23T15:53:17.870+0800","caller":"app/config.go:180","func":"github.com/costa92/go-protoc/v2/pkg/app.PrintConfig","msg":"CFG: jwt.expired=2h","branch":"feature/v2-log","logger_type":"zap","service":"apiserver-dev","version":"cd03a2b-dirty"}
{"level":"debug","ts":"2025-08-23T15:53:17.870+0800","caller":"app/config.go:180","func":"github.com/costa92/go-protoc/v2/pkg/app.PrintConfig","msg":"CFG: log.encoder-config.level-key=level","branch":"feature/v2-log","logger_type":"zap","service":"apiserver-dev","version":"cd03a2b-dirty"}
{"level":"debug","ts":"2025-08-23T15:53:17.870+0800","caller":"app/config.go:180","func":"github.com/costa92/go-protoc/v2/pkg/app.PrintConfig","msg":"CFG: log.encoder-config.function-key=func","branch":"feature/v2-log","logger_type":"zap","service":"apiserver-dev","version":"cd03a2b-dirty"}
{"level":"debug","ts":"2025-08-23T15:53:17.870+0800","caller":"app/config.go:180","func":"github.com/costa92/go-protoc/v2/pkg/app.PrintConfig","msg":"CFG: log.victoria-logs.timeout=10","branch":"feature/v2-log","logger_type":"zap","service":"apiserver-dev","version":"cd03a2b-dirty"}
{"level":"debug","ts":"2025-08-23T15:53:17.870+0800","caller":"app/config.go:180","func":"github.com/costa92/go-protoc/v2/pkg/app.PrintConfig","msg":"CFG: sentry.enable-tracing=true","branch":"feature/v2-log","logger_type":"zap","service":"apiserver-dev","version":"cd03a2b-dirty"}
{"level":"debug","ts":"2025-08-23T15:53:17.870+0800","caller":"app/config.go:180","func":"github.com/costa92/go-protoc/v2/pkg/app.PrintConfig","msg":"CFG: log.disable-caller=false","branch":"feature/v2-log","logger_type":"zap","service":"apiserver-dev","version":"cd03a2b-dirty"}
{"level":"debug","ts":"2025-08-23T15:53:17.870+0800","caller":"app/config.go:180","func":"github.com/costa92/go-protoc/v2/pkg/app.PrintConfig","msg":"CFG: mysql.max-idle-connections=100","branch":"feature/v2-log","logger_type":"zap","service":"apiserver-dev","version":"cd03a2b-dirty"}
{"level":"debug","ts":"2025-08-23T15:53:17.870+0800","caller":"app/config.go:180","func":"github.com/costa92/go-protoc/v2/pkg/app.PrintConfig","msg":"CFG: log.function-key=func","branch":"feature/v2-log","logger_type":"zap","service":"apiserver-dev","version":"cd03a2b-dirty"}
{"level":"debug","ts":"2025-08-23T15:53:17.870+0800","caller":"app/config.go:180","func":"github.com/costa92/go-protoc/v2/pkg/app.PrintConfig","msg":"CFG: redis.username=","branch":"feature/v2-log","logger_type":"zap","service":"apiserver-dev","version":"cd03a2b-dirty"}
{"level":"debug","ts":"2025-08-23T15:53:17.870+0800","caller":"app/config.go:180","func":"github.com/costa92/go-protoc/v2/pkg/app.PrintConfig","msg":"CFG: log.compress=true","branch":"feature/v2-log","logger_type":"zap","service":"apiserver-dev","version":"cd03a2b-dirty"}
{"level":"debug","ts":"2025-08-23T15:53:17.870+0800","caller":"app/config.go:180","func":"github.com/costa92/go-protoc/v2/pkg/app.PrintConfig","msg":"CFG: sentry.send-default-pii=false","branch":"feature/v2-log","logger_type":"zap","service":"apiserver-dev","version":"cd03a2b-dirty"}
{"level":"debug","ts":"2025-08-23T15:53:17.870+0800","caller":"app/config.go:180","func":"github.com/costa92/go-protoc/v2/pkg/app.PrintConfig","msg":"CFG: log.encoder-config.message-key=msg","branch":"feature/v2-log","logger_type":"zap","service":"apiserver-dev","version":"cd03a2b-dirty"}
{"level":"debug","ts":"2025-08-23T15:53:17.870+0800","caller":"app/config.go:180","func":"github.com/costa92/go-protoc/v2/pkg/app.PrintConfig","msg":"CFG: log.otlp.export_timeout=30s","branch":"feature/v2-log","logger_type":"zap","service":"apiserver-dev","version":"cd03a2b-dirty"}
{"level":"debug","ts":"2025-08-23T15:53:17.870+0800","caller":"app/config.go:180","func":"github.com/costa92/go-protoc/v2/pkg/app.PrintConfig","msg":"CFG: log.otlp.resource_attributes.deployment.environment=development","branch":"feature/v2-log","logger_type":"zap","service":"apiserver-dev","version":"cd03a2b-dirty"}
{"level":"info","ts":"2025-08-23T15:53:17.870+0800","caller":"app/server.go:67","func":"github.com/costa92/go-protoc/v2/cmd/apiserver/app.startMetricsCollection","msg":"Connection pool metrics collection is enabled through dependency injection","branch":"feature/v2-log","logger_type":"zap","service":"apiserver-dev","version":"cd03a2b-dirty"}
{"level":"info","ts":"2025-08-23T15:53:17.870+0800","caller":"app/server.go:68","func":"github.com/costa92/go-protoc/v2/cmd/apiserver/app.startMetricsCollection","msg":"Metrics will be automatically collected by the PoolMonitor when database connections are established","branch":"feature/v2-log","logger_type":"zap","service":"apiserver-dev","version":"cd03a2b-dirty"}
{"level":"info","ts":"2025-08-23T15:53:17.870+0800","caller":"app/server.go:71","func":"github.com/costa92/go-protoc/v2/cmd/apiserver/app.startMetricsCollection","msg":"Database pool monitoring enabled","branch":"feature/v2-log","logger_type":"zap","service":"apiserver-dev","version":"cd03a2b-dirty","slow_query_threshold":1000,"collect_interval":30000}
{"level":"info","ts":"2025-08-23T15:53:17.870+0800","caller":"app/server.go:77","func":"github.com/costa92/go-protoc/v2/cmd/apiserver/app.startMetricsCollection","msg":"Redis pool monitoring enabled","branch":"feature/v2-log","logger_type":"zap","service":"apiserver-dev","version":"cd03a2b-dirty","collect_interval":30000}
{"level":"info","ts":"2025-08-23T15:53:17.870+0800","caller":"apiserver/server.go:66","func":"github.com/costa92/go-protoc/v2/internal/apiserver.(*Config).NewServer","msg":"Initializing API server","branch":"feature/v2-log","logger_type":"zap","service":"apiserver-dev","version":"cd03a2b-dirty","service":"apiserver-dev","version":"cd03a2b-dirty","branch":"feature/v2-log","commit":"cd03a2ba","build_date":"2025-08-23T07:53:09Z","go_version":"go1.25.0"}
{"level":"info","ts":"2025-08-23T15:53:17.871+0800","caller":"apiserver/server.go:78","func":"github.com/costa92/go-protoc/v2/internal/apiserver.(*Config).NewServer","msg":"Logger configuration","branch":"feature/v2-log","logger_type":"zap","service":"apiserver-dev","version":"cd03a2b-dirty","level":"debug","format":"json"}
{"level":"debug","ts":"2025-08-23T15:53:17.871+0800","caller":"apiserver/server.go:79","func":"github.com/costa92/go-protoc/v2/internal/apiserver.(*Config).NewServer","msg":"Debug logging enabled","branch":"feature/v2-log","logger_type":"zap","service":"apiserver-dev","version":"cd03a2b-dirty","caller_skip":2,"enable_color":false}
{"level":"info","ts":"2025-08-23T15:53:17.871+0800","caller":"apiserver/server.go:83","func":"github.com/costa92/go-protoc/v2/internal/apiserver.(*Config).NewServer","msg":"Validating service connections before startup...","branch":"feature/v2-log","logger_type":"zap","service":"apiserver-dev","version":"cd03a2b-dirty"}
{"level":"info","ts":"2025-08-23T15:53:17.871+0800","caller":"apiserver/server.go:87","func":"github.com/costa92/go-protoc/v2/internal/apiserver.(*Config).NewServer","msg":"Testing MySQL connection...","branch":"feature/v2-log","logger_type":"zap","service":"apiserver-dev","version":"cd03a2b-dirty"}
{"level":"info","ts":"2025-08-23T15:53:17.876+0800","caller":"apiserver/server.go:92","func":"github.com/costa92/go-protoc/v2/internal/apiserver.(*Config).NewServer","msg":"MySQL connection test passed","branch":"feature/v2-log","logger_type":"zap","service":"apiserver-dev","version":"cd03a2b-dirty"}
{"level":"info","ts":"2025-08-23T15:53:17.876+0800","caller":"apiserver/server.go:97","func":"github.com/costa92/go-protoc/v2/internal/apiserver.(*Config).NewServer","msg":"Testing Redis connection...","branch":"feature/v2-log","logger_type":"zap","service":"apiserver-dev","version":"cd03a2b-dirty"}
{"level":"info","ts":"2025-08-23T15:53:17.879+0800","caller":"apiserver/server.go:102","func":"github.com/costa92/go-protoc/v2/internal/apiserver.(*Config).NewServer","msg":"Redis connection test passed","branch":"feature/v2-log","logger_type":"zap","service":"apiserver-dev","version":"cd03a2b-dirty"}
{"level":"info","ts":"2025-08-23T15:53:17.879+0800","caller":"apiserver/server.go:107","func":"github.com/costa92/go-protoc/v2/internal/apiserver.(*Config).NewServer","msg":"Testing Jaeger connection...","branch":"feature/v2-log","logger_type":"zap","service":"apiserver-dev","version":"cd03a2b-dirty"}
{"level":"info","ts":"2025-08-23T15:53:17.879+0800","caller":"apiserver/server.go:112","func":"github.com/costa92/go-protoc/v2/internal/apiserver.(*Config).NewServer","msg":"Jaeger connection test passed","branch":"feature/v2-log","logger_type":"zap","service":"apiserver-dev","version":"cd03a2b-dirty"}
{"level":"info","ts":"2025-08-23T15:53:17.879+0800","caller":"apiserver/server.go:115","func":"github.com/costa92/go-protoc/v2/internal/apiserver.(*Config).NewServer","msg":"All service connections validated successfully","branch":"feature/v2-log","logger_type":"zap","service":"apiserver-dev","version":"cd03a2b-dirty"}
{"level":"info","ts":"2025-08-23T15:53:17.976+0800","caller":"server/kratos_server.go:47","func":"github.com/costa92/go-protoc/v2/pkg/server.(*KratosServer).RunOrDie","msg":"Start to listening the incoming requests","branch":"feature/v2-log","logger_type":"zap","service":"apiserver-dev","version":"cd03a2b-dirty","protocol":"kratos"}
{"level":"fatal","ts":"2025-08-23T15:53:17.976+0800","caller":"server/kratos_server.go:49","func":"github.com/costa92/go-protoc/v2/pkg/server.(*KratosServer).RunOrDie","msg":"Failed to serve kratos application","branch":"feature/v2-log","logger_type":"zap","service":"apiserver-dev","version":"cd03a2b-dirty","err":"listen tcp 0.0.0.0:9090: bind: address already in use","stacktrace":"github.com/costa92/go-protoc/v2/pkg/server.(*KratosServer).RunOrDie\n\t/Users/costalong/code/go/src/github.com/costa92/go-protoc/pkg/server/kratos_server.go:49"}
