{"level":"info","timestamp":"2025-08-16 18:39:47.273","caller":"log/log.go:190","message":"Starting application","name":"apiserver","version":"{\"gitVersion\":\"v0.0.0-master+$Format:%h$\",\"gitCommit\":\"$Format:%H$\",\"gitTreeState\":\"\",\"buildDate\":\"1970-01-01T00:00:00Z\",\"goVersion\":\"go1.25rc2\",\"compiler\":\"gc\",\"platform\":\"darwin/arm64\"}"}
{"level":"info","timestamp":"2025-08-16 18:39:47.273","caller":"log/log.go:190","message":"Golang settings","GOGC":"","GOMAXPROCS":"","GOTRACEBACK":""}
{"level":"info","timestamp":"2025-08-16 18:39:47.275","caller":"log/log.go:190","message":"Connection pool metrics collection is enabled through dependency injection"}
{"level":"info","timestamp":"2025-08-16 18:39:47.275","caller":"log/log.go:190","message":"Metrics will be automatically collected by the PoolMonitor when database connections are established"}
{"level":"info","timestamp":"2025-08-16 18:39:47.275","caller":"log/log.go:190","message":"Database pool monitoring enabled","slow_query_threshold":1000,"collect_interval":30000}
{"level":"info","timestamp":"2025-08-16 18:39:47.275","caller":"log/log.go:190","message":"Redis pool monitoring enabled","collect_interval":30000}
{"level":"info","timestamp":"2025-08-16 18:39:47.275","message":"Logger initialized","level":"info","format":"json"}
{"level":"info","timestamp":"2025-08-16 18:39:47.275","message":"Validating service connections before startup..."}
{"level":"info","timestamp":"2025-08-16 18:39:47.275","message":"Testing MySQL connection..."}
{"level":"info","timestamp":"2025-08-16 18:39:47.281","message":"MySQL connection test passed"}
{"level":"info","timestamp":"2025-08-16 18:39:47.281","message":"Testing Redis connection..."}
{"level":"info","timestamp":"2025-08-16 18:39:47.287","message":"Redis connection test passed"}
{"level":"info","timestamp":"2025-08-16 18:39:47.287","message":"Testing Jaeger connection..."}
{"level":"info","timestamp":"2025-08-16 18:39:47.287","message":"Jaeger connection test passed"}
{"level":"info","timestamp":"2025-08-16 18:39:47.287","message":"All service connections validated successfully"}
{"level":"info","timestamp":"2025-08-16 18:39:47.387","message":"Start to listening the incoming requests","protocol":"kratos"}
{"level":"info","timestamp":"2025-08-16 18:39:47.387","message":"","ts":"2025-08-16T18:39:47+08:00","caller":"http/server.go:330","service.id":"costalongdeMacBook-Pro.local","service.name":"apiserver","service.version":"v0.0.0-master+$Format:%h$","msg":"[HTTP] server listening on: [::]:8080"}
{"level":"info","timestamp":"2025-08-16 18:39:47.387","message":"","ts":"2025-08-16T18:39:47+08:00","caller":"grpc/server.go:220","service.id":"costalongdeMacBook-Pro.local","service.name":"apiserver","service.version":"v0.0.0-master+$Format:%h$","msg":"[gRPC] server listening on: [::]:9090"}
{"level":"error","timestamp":"2025-08-16 18:41:12.213","message":"GetUser","err":"test code error"}
{"level":"info","timestamp":"2025-08-16 18:41:12.224","message":"","kind":"server","component":"http","operation":"/apiserver.v1.ApiServer/GetUser","args":"id:\"1\"","code":0,"reason":"","stack":"","latency":0.010775667}
{"level":"info","timestamp":"2025-08-16 18:46:03.343","caller":"log/log.go:190","message":"Starting application","name":"apiserver","version":"{\"gitVersion\":\"v0.0.0-master+$Format:%h$\",\"gitCommit\":\"$Format:%H$\",\"gitTreeState\":\"\",\"buildDate\":\"1970-01-01T00:00:00Z\",\"goVersion\":\"go1.25rc2\",\"compiler\":\"gc\",\"platform\":\"darwin/arm64\"}"}
{"level":"info","timestamp":"2025-08-16 18:46:03.343","caller":"log/log.go:190","message":"Golang settings","GOGC":"","GOMAXPROCS":"","GOTRACEBACK":""}
{"level":"info","timestamp":"2025-08-16 18:46:03.344","caller":"log/log.go:190","message":"Connection pool metrics collection is enabled through dependency injection"}
{"level":"info","timestamp":"2025-08-16 18:46:03.344","caller":"log/log.go:190","message":"Metrics will be automatically collected by the PoolMonitor when database connections are established"}
{"level":"info","timestamp":"2025-08-16 18:46:03.344","caller":"log/log.go:190","message":"Database pool monitoring enabled","slow_query_threshold":1000,"collect_interval":30000}
{"level":"info","timestamp":"2025-08-16 18:46:03.344","caller":"log/log.go:190","message":"Redis pool monitoring enabled","collect_interval":30000}
{"level":"info","timestamp":"2025-08-16 18:46:03.344","message":"Logger initialized","level":"info","format":"json"}
{"level":"info","timestamp":"2025-08-16 18:46:03.344","message":"Validating service connections before startup..."}
{"level":"info","timestamp":"2025-08-16 18:46:03.345","message":"Testing MySQL connection..."}
{"level":"info","timestamp":"2025-08-16 18:46:03.356","message":"MySQL connection test passed"}
{"level":"info","timestamp":"2025-08-16 18:46:03.356","message":"Testing Redis connection..."}
{"level":"info","timestamp":"2025-08-16 18:46:03.363","message":"Redis connection test passed"}
{"level":"info","timestamp":"2025-08-16 18:46:03.363","message":"Testing Jaeger connection..."}
{"level":"info","timestamp":"2025-08-16 18:46:03.363","message":"Jaeger connection test passed"}
{"level":"info","timestamp":"2025-08-16 18:46:03.363","message":"All service connections validated successfully"}
{"level":"info","timestamp":"2025-08-16 18:46:03.469","message":"Start to listening the incoming requests","protocol":"kratos"}
{"level":"info","timestamp":"2025-08-16 18:46:03.470","message":"","ts":"2025-08-16T18:46:03+08:00","caller":"http/server.go:330","service.id":"costalongdeMacBook-Pro.local","service.name":"apiserver","service.version":"v0.0.0-master+$Format:%h$","msg":"[HTTP] server listening on: [::]:8080"}
{"level":"info","timestamp":"2025-08-16 18:46:03.470","message":"","ts":"2025-08-16T18:46:03+08:00","caller":"grpc/server.go:220","service.id":"costalongdeMacBook-Pro.local","service.name":"apiserver","service.version":"v0.0.0-master+$Format:%h$","msg":"[gRPC] server listening on: [::]:9090"}
{"level":"error","timestamp":"2025-08-16 18:46:05.709","message":"GetUser","err":"test code error"}
{"level":"info","timestamp":"2025-08-16 19:03:42.930","message":"Shutting down server..."}
{"level":"info","timestamp":"2025-08-16 19:03:42.930","message":"","ts":"2025-08-16T19:03:42+08:00","caller":"http/server.go:345","service.id":"costalongdeMacBook-Pro.local","service.name":"apiserver","service.version":"v0.0.0-master+$Format:%h$","msg":"[HTTP] server stopping"}
{"level":"info","timestamp":"2025-08-16 19:03:42.931","message":"Gracefully stop kratos application"}
{"level":"info","timestamp":"2025-08-16 19:03:42.931","message":"Server exited successfully."}
{"level":"info","timestamp":"2025-08-16 19:10:39.256","caller":"log/log.go:190","message":"Starting application","name":"apiserver","version":"{\"gitVersion\":\"v0.0.0-master+$Format:%h$\",\"gitCommit\":\"$Format:%H$\",\"gitTreeState\":\"\",\"buildDate\":\"1970-01-01T00:00:00Z\",\"goVersion\":\"go1.25rc2\",\"compiler\":\"gc\",\"platform\":\"darwin/arm64\"}"}
{"level":"info","timestamp":"2025-08-16 19:10:39.256","caller":"log/log.go:190","message":"Golang settings","GOGC":"","GOMAXPROCS":"","GOTRACEBACK":""}
{"level":"info","timestamp":"2025-08-16 19:10:39.257","caller":"log/log.go:190","message":"Connection pool metrics collection is enabled through dependency injection"}
{"level":"info","timestamp":"2025-08-16 19:10:39.257","caller":"log/log.go:190","message":"Metrics will be automatically collected by the PoolMonitor when database connections are established"}
{"level":"info","timestamp":"2025-08-16 19:10:39.257","caller":"log/log.go:190","message":"Database pool monitoring enabled","slow_query_threshold":1000,"collect_interval":30000}
{"level":"info","timestamp":"2025-08-16 19:10:39.257","caller":"log/log.go:190","message":"Redis pool monitoring enabled","collect_interval":30000}
{"level":"info","timestamp":"2025-08-16 19:10:39.257","message":"Logger initialized","level":"info","format":"json"}
{"level":"info","timestamp":"2025-08-16 19:10:39.257","message":"Validating service connections before startup..."}
{"level":"info","timestamp":"2025-08-16 19:10:39.257","message":"Testing MySQL connection..."}
{"level":"info","timestamp":"2025-08-16 19:10:39.263","message":"MySQL connection test passed"}
{"level":"info","timestamp":"2025-08-16 19:10:39.263","message":"Testing Redis connection..."}
{"level":"info","timestamp":"2025-08-16 19:10:39.267","message":"Redis connection test passed"}
{"level":"info","timestamp":"2025-08-16 19:10:39.267","message":"Testing Jaeger connection..."}
{"level":"info","timestamp":"2025-08-16 19:10:39.267","message":"Jaeger connection test passed"}
{"level":"info","timestamp":"2025-08-16 19:10:39.267","message":"All service connections validated successfully"}
{"level":"info","timestamp":"2025-08-16 19:10:39.364","message":"Start to listening the incoming requests","protocol":"kratos"}
{"level":"info","timestamp":"2025-08-16 19:10:39.364","message":"","ts":"2025-08-16T19:10:39+08:00","caller":"http/server.go:330","service.id":"costalongdeMacBook-Pro.local","service.name":"apiserver","service.version":"v0.0.0-master+$Format:%h$","msg":"[HTTP] server listening on: [::]:8080"}
{"level":"info","timestamp":"2025-08-16 19:10:39.364","message":"","ts":"2025-08-16T19:10:39+08:00","caller":"grpc/server.go:220","service.id":"costalongdeMacBook-Pro.local","service.name":"apiserver","service.version":"v0.0.0-master+$Format:%h$","msg":"[gRPC] server listening on: [::]:9090"}
{"level":"info","timestamp":"2025-08-16 19:17:49.862","caller":"log/log.go:190","message":"Starting application","name":"apiserver","version":"{\"gitVersion\":\"v0.0.0-master+$Format:%h$\",\"gitCommit\":\"$Format:%H$\",\"gitTreeState\":\"\",\"buildDate\":\"1970-01-01T00:00:00Z\",\"goVersion\":\"go1.25rc2\",\"compiler\":\"gc\",\"platform\":\"darwin/arm64\"}"}
{"level":"info","timestamp":"2025-08-16 19:17:49.862","caller":"log/log.go:190","message":"Golang settings","GOGC":"","GOMAXPROCS":"","GOTRACEBACK":""}
{"level":"info","timestamp":"2025-08-16 19:17:49.863","caller":"log/log.go:190","message":"Connection pool metrics collection is enabled through dependency injection"}
{"level":"info","timestamp":"2025-08-16 19:17:49.863","caller":"log/log.go:190","message":"Metrics will be automatically collected by the PoolMonitor when database connections are established"}
{"level":"info","timestamp":"2025-08-16 19:17:49.863","caller":"log/log.go:190","message":"Database pool monitoring enabled","slow_query_threshold":1000,"collect_interval":30000}
{"level":"info","timestamp":"2025-08-16 19:17:49.863","caller":"log/log.go:190","message":"Redis pool monitoring enabled","collect_interval":30000}
{"level":"info","timestamp":"2025-08-16 19:17:49.863","message":"Logger initialized","level":"info","format":"json"}
{"level":"info","timestamp":"2025-08-16 19:17:49.863","message":"Validating service connections before startup..."}
{"level":"info","timestamp":"2025-08-16 19:17:49.863","message":"Testing MySQL connection..."}
{"level":"info","timestamp":"2025-08-16 19:17:49.869","message":"MySQL connection test passed"}
{"level":"info","timestamp":"2025-08-16 19:17:49.869","message":"Testing Redis connection..."}
{"level":"info","timestamp":"2025-08-16 19:17:49.872","message":"Redis connection test passed"}
{"level":"info","timestamp":"2025-08-16 19:17:49.872","message":"Testing Jaeger connection..."}
{"level":"info","timestamp":"2025-08-16 19:17:49.873","message":"Jaeger connection test passed"}
{"level":"info","timestamp":"2025-08-16 19:17:49.873","message":"All service connections validated successfully"}
{"level":"info","timestamp":"2025-08-16 19:17:50.024","message":"Start to listening the incoming requests","protocol":"kratos"}
{"level":"info","timestamp":"2025-08-16 19:17:50.024","message":"","ts":"2025-08-16T19:17:50+08:00","caller":"http/server.go:330","service.id":"costalongdeMacBook-Pro.local","service.name":"apiserver","service.version":"v0.0.0-master+$Format:%h$","msg":"[HTTP] server listening on: [::]:8080"}
{"level":"info","timestamp":"2025-08-16 19:17:50.024","message":"","ts":"2025-08-16T19:17:50+08:00","caller":"grpc/server.go:220","service.id":"costalongdeMacBook-Pro.local","service.name":"apiserver","service.version":"v0.0.0-master+$Format:%h$","msg":"[gRPC] server listening on: [::]:9090"}
{"level":"error","timestamp":"2025-08-16 19:17:53.477","message":"GetUser","err":"test code error"}
{"level":"info","timestamp":"2025-08-16 19:18:18.562","message":"Shutting down server..."}
{"level":"info","timestamp":"2025-08-16 19:18:18.562","message":"Gracefully stop kratos application"}
{"level":"info","timestamp":"2025-08-16 19:18:18.562","message":"Server exited successfully."}
{"level":"info","timestamp":"2025-08-16 19:19:25.597","caller":"log/log.go:190","message":"Starting application","name":"apiserver","version":"{\"gitVersion\":\"v0.0.0-master+$Format:%h$\",\"gitCommit\":\"$Format:%H$\",\"gitTreeState\":\"\",\"buildDate\":\"1970-01-01T00:00:00Z\",\"goVersion\":\"go1.25rc2\",\"compiler\":\"gc\",\"platform\":\"darwin/arm64\"}"}
{"level":"info","timestamp":"2025-08-16 19:19:25.597","caller":"log/log.go:190","message":"Golang settings","GOGC":"","GOMAXPROCS":"","GOTRACEBACK":""}
{"level":"info","timestamp":"2025-08-16 19:19:25.598","caller":"log/log.go:190","message":"Connection pool metrics collection is enabled through dependency injection"}
{"level":"info","timestamp":"2025-08-16 19:19:25.598","caller":"log/log.go:190","message":"Metrics will be automatically collected by the PoolMonitor when database connections are established"}
{"level":"info","timestamp":"2025-08-16 19:19:25.598","caller":"log/log.go:190","message":"Database pool monitoring enabled","slow_query_threshold":1000,"collect_interval":30000}
{"level":"info","timestamp":"2025-08-16 19:19:25.598","caller":"log/log.go:190","message":"Redis pool monitoring enabled","collect_interval":30000}
{"level":"info","timestamp":"2025-08-16 19:19:25.598","message":"Logger initialized","level":"info","format":"json"}
{"level":"info","timestamp":"2025-08-16 19:19:25.598","message":"Validating service connections before startup..."}
{"level":"info","timestamp":"2025-08-16 19:19:25.598","message":"Testing MySQL connection..."}
{"level":"info","timestamp":"2025-08-16 19:19:25.608","message":"MySQL connection test passed"}
{"level":"info","timestamp":"2025-08-16 19:19:25.608","message":"Testing Redis connection..."}
{"level":"info","timestamp":"2025-08-16 19:19:25.614","message":"Redis connection test passed"}
{"level":"info","timestamp":"2025-08-16 19:19:25.614","message":"Testing Jaeger connection..."}
{"level":"info","timestamp":"2025-08-16 19:19:25.614","message":"Jaeger connection test passed"}
{"level":"info","timestamp":"2025-08-16 19:19:25.614","message":"All service connections validated successfully"}
{"level":"info","timestamp":"2025-08-16 19:19:25.721","message":"Start to listening the incoming requests","protocol":"kratos"}
{"level":"info","timestamp":"2025-08-16 19:19:25.723","message":"","ts":"2025-08-16T19:19:25+08:00","caller":"grpc/server.go:220","service.id":"costalongdeMacBook-Pro.local","service.name":"apiserver","service.version":"v0.0.0-master+$Format:%h$","msg":"[gRPC] server listening on: [::]:9090"}
{"level":"info","timestamp":"2025-08-16 19:19:25.723","message":"","ts":"2025-08-16T19:19:25+08:00","caller":"http/server.go:330","service.id":"costalongdeMacBook-Pro.local","service.name":"apiserver","service.version":"v0.0.0-master+$Format:%h$","msg":"[HTTP] server listening on: [::]:8080"}
{"level":"error","timestamp":"2025-08-16 19:19:29.170","message":"GetUser","err":"test code error"}
{"level":"info","timestamp":"2025-08-16 19:23:52.202","message":"Shutting down server..."}
{"level":"info","timestamp":"2025-08-16 19:23:52.203","message":"Gracefully stop kratos application"}
{"level":"info","timestamp":"2025-08-16 19:23:52.203","message":"Server exited successfully."}
{"level":"info","timestamp":"2025-08-16 19:23:55.919","caller":"log/log.go:204","message":"Starting application","name":"apiserver","version":"{\"gitVersion\":\"v0.0.0-master+$Format:%h$\",\"gitCommit\":\"$Format:%H$\",\"gitTreeState\":\"\",\"buildDate\":\"1970-01-01T00:00:00Z\",\"goVersion\":\"go1.25rc2\",\"compiler\":\"gc\",\"platform\":\"darwin/arm64\"}"}
{"level":"info","timestamp":"2025-08-16 19:23:55.919","caller":"log/log.go:204","message":"Golang settings","GOGC":"","GOMAXPROCS":"","GOTRACEBACK":""}
{"level":"info","timestamp":"2025-08-16 19:23:55.920","caller":"log/log.go:204","message":"Connection pool metrics collection is enabled through dependency injection"}
{"level":"info","timestamp":"2025-08-16 19:23:55.920","caller":"log/log.go:204","message":"Metrics will be automatically collected by the PoolMonitor when database connections are established"}
{"level":"info","timestamp":"2025-08-16 19:23:55.920","caller":"log/log.go:204","message":"Database pool monitoring enabled","slow_query_threshold":1000,"collect_interval":30000}
{"level":"info","timestamp":"2025-08-16 19:23:55.920","caller":"log/log.go:204","message":"Redis pool monitoring enabled","collect_interval":30000}
{"level":"info","timestamp":"2025-08-16 19:23:55.920","message":"Logger initialized","level":"info","format":"json"}
{"level":"info","timestamp":"2025-08-16 19:23:55.920","message":"Validating service connections before startup..."}
{"level":"info","timestamp":"2025-08-16 19:23:55.920","message":"Testing MySQL connection..."}
{"level":"info","timestamp":"2025-08-16 19:23:55.927","message":"MySQL connection test passed"}
{"level":"info","timestamp":"2025-08-16 19:23:55.927","message":"Testing Redis connection..."}
{"level":"info","timestamp":"2025-08-16 19:25:13.377","caller":"log/log.go:204","message":"Starting application","name":"apiserver","version":"{\"gitVersion\":\"v0.0.0-master+$Format:%h$\",\"gitCommit\":\"$Format:%H$\",\"gitTreeState\":\"\",\"buildDate\":\"1970-01-01T00:00:00Z\",\"goVersion\":\"go1.25rc2\",\"compiler\":\"gc\",\"platform\":\"darwin/arm64\"}"}
{"level":"info","timestamp":"2025-08-16 19:25:13.377","caller":"log/log.go:204","message":"Golang settings","GOGC":"","GOMAXPROCS":"","GOTRACEBACK":""}
{"level":"info","timestamp":"2025-08-16 19:25:13.378","caller":"log/log.go:204","message":"Connection pool metrics collection is enabled through dependency injection"}
{"level":"info","timestamp":"2025-08-16 19:25:13.378","caller":"log/log.go:204","message":"Metrics will be automatically collected by the PoolMonitor when database connections are established"}
{"level":"info","timestamp":"2025-08-16 19:25:13.378","caller":"log/log.go:204","message":"Database pool monitoring enabled","slow_query_threshold":1000,"collect_interval":30000}
{"level":"info","timestamp":"2025-08-16 19:25:13.378","caller":"log/log.go:204","message":"Redis pool monitoring enabled","collect_interval":30000}
{"level":"info","timestamp":"2025-08-16 19:25:13.378","message":"Logger initialized","level":"info","format":"json"}
{"level":"info","timestamp":"2025-08-16 19:25:13.378","message":"Validating service connections before startup..."}
{"level":"info","timestamp":"2025-08-16 19:25:13.378","message":"Testing MySQL connection..."}
{"level":"info","timestamp":"2025-08-16 19:25:13.384","message":"MySQL connection test passed"}
{"level":"info","timestamp":"2025-08-16 19:25:13.384","message":"Testing Redis connection..."}
{"level":"info","timestamp":"2025-08-16 19:25:13.388","message":"Redis connection test passed"}
{"level":"info","timestamp":"2025-08-16 19:25:13.388","message":"Testing Jaeger connection..."}
{"level":"info","timestamp":"2025-08-16 19:25:13.388","message":"Jaeger connection test passed"}
{"level":"info","timestamp":"2025-08-16 19:25:13.388","message":"All service connections validated successfully"}
{"level":"info","timestamp":"2025-08-16 19:25:13.483","message":"Start to listening the incoming requests","protocol":"kratos"}
{"level":"info","timestamp":"2025-08-16 19:30:14.731","caller":"log/log.go:190","message":"Starting application","name":"apiserver","version":"{\"gitVersion\":\"v0.0.0-master+$Format:%h$\",\"gitCommit\":\"$Format:%H$\",\"gitTreeState\":\"\",\"buildDate\":\"1970-01-01T00:00:00Z\",\"goVersion\":\"go1.25rc2\",\"compiler\":\"gc\",\"platform\":\"darwin/arm64\"}"}
{"level":"info","timestamp":"2025-08-16 19:30:14.731","caller":"log/log.go:190","message":"Golang settings","GOGC":"","GOMAXPROCS":"","GOTRACEBACK":""}
{"level":"info","timestamp":"2025-08-16 19:30:14.732","caller":"log/log.go:190","message":"Connection pool metrics collection is enabled through dependency injection"}
{"level":"info","timestamp":"2025-08-16 19:30:14.732","caller":"log/log.go:190","message":"Metrics will be automatically collected by the PoolMonitor when database connections are established"}
{"level":"info","timestamp":"2025-08-16 19:30:14.732","caller":"log/log.go:190","message":"Database pool monitoring enabled","slow_query_threshold":1000,"collect_interval":30000}
{"level":"info","timestamp":"2025-08-16 19:30:14.732","caller":"log/log.go:190","message":"Redis pool monitoring enabled","collect_interval":30000}
{"level":"info","timestamp":"2025-08-16 19:30:14.732","message":"Logger initialized","level":"info","format":"json"}
{"level":"info","timestamp":"2025-08-16 19:30:14.732","message":"Validating service connections before startup..."}
{"level":"info","timestamp":"2025-08-16 19:30:14.732","message":"Testing MySQL connection..."}
{"level":"info","timestamp":"2025-08-16 19:30:14.738","message":"MySQL connection test passed"}
{"level":"info","timestamp":"2025-08-16 19:30:14.738","message":"Testing Redis connection..."}
{"level":"info","timestamp":"2025-08-16 19:30:14.744","message":"Redis connection test passed"}
{"level":"info","timestamp":"2025-08-16 19:30:14.744","message":"Testing Jaeger connection..."}
{"level":"info","timestamp":"2025-08-16 19:30:14.744","message":"Jaeger connection test passed"}
{"level":"info","timestamp":"2025-08-16 19:30:14.744","message":"All service connections validated successfully"}
{"level":"info","timestamp":"2025-08-16 19:30:14.839","message":"Start to listening the incoming requests","protocol":"kratos"}
{"level":"info","timestamp":"2025-08-16 19:30:14.839","message":"","ts":"2025-08-16T19:30:14+08:00","caller":"grpc/server.go:220","service.id":"costalongdeMacBook-Pro.local","service.name":"apiserver","service.version":"v0.0.0-master+$Format:%h$","msg":"[gRPC] server listening on: [::]:9090"}
{"level":"info","timestamp":"2025-08-16 19:30:14.839","message":"","ts":"2025-08-16T19:30:14+08:00","caller":"http/server.go:330","service.id":"costalongdeMacBook-Pro.local","service.name":"apiserver","service.version":"v0.0.0-master+$Format:%h$","msg":"[HTTP] server listening on: [::]:8080"}
{"level":"info","timestamp":"2025-08-16 20:56:30.045","caller":"log/log.go:190","message":"Starting application","name":"apiserver","version":"{\"gitVersion\":\"v0.0.0-master+$Format:%h$\",\"gitCommit\":\"$Format:%H$\",\"gitTreeState\":\"\",\"buildDate\":\"1970-01-01T00:00:00Z\",\"goVersion\":\"go1.25rc2\",\"compiler\":\"gc\",\"platform\":\"darwin/arm64\"}"}
{"level":"info","timestamp":"2025-08-16 20:56:30.045","caller":"log/log.go:190","message":"Golang settings","GOGC":"","GOMAXPROCS":"","GOTRACEBACK":""}
{"level":"info","timestamp":"2025-08-16 20:56:30.045","caller":"log/log.go:190","message":"Connection pool metrics collection is enabled through dependency injection"}
{"level":"info","timestamp":"2025-08-16 20:56:30.045","caller":"log/log.go:190","message":"Metrics will be automatically collected by the PoolMonitor when database connections are established"}
{"level":"info","timestamp":"2025-08-16 20:56:30.045","caller":"log/log.go:190","message":"Database pool monitoring enabled","slow_query_threshold":1000,"collect_interval":30000}
{"level":"info","timestamp":"2025-08-16 20:56:30.046","caller":"log/log.go:190","message":"Redis pool monitoring enabled","collect_interval":30000}
{"level":"info","timestamp":"2025-08-16 20:56:30.046","message":"Logger initialized","level":"info","format":"json"}
{"level":"info","timestamp":"2025-08-16 20:56:30.046","message":"Validating service connections before startup..."}
{"level":"info","timestamp":"2025-08-16 20:56:30.046","message":"Testing MySQL connection..."}
{"level":"info","timestamp":"2025-08-16 20:56:30.054","message":"MySQL connection test passed"}
{"level":"info","timestamp":"2025-08-16 20:56:30.054","message":"Testing Redis connection..."}
{"level":"info","timestamp":"2025-08-16 20:56:30.061","message":"Redis connection test passed"}
{"level":"info","timestamp":"2025-08-16 20:56:30.061","message":"Testing Jaeger connection..."}
{"level":"info","timestamp":"2025-08-16 20:56:30.061","message":"Jaeger connection test passed"}
{"level":"info","timestamp":"2025-08-16 20:56:30.061","message":"All service connections validated successfully"}
{"level":"info","timestamp":"2025-08-16 20:56:30.163","message":"Start to listening the incoming requests","protocol":"kratos"}
{"level":"info","timestamp":"2025-08-16 20:56:30.164","message":"","ts":"2025-08-16T20:56:30+08:00","caller":"http/server.go:330","service.id":"costalongdeMacBook-Pro.local","service.name":"apiserver","service.version":"v0.0.0-master+$Format:%h$","msg":"[HTTP] server listening on: [::]:8080"}
{"level":"info","timestamp":"2025-08-16 20:56:30.164","message":"","ts":"2025-08-16T20:56:30+08:00","caller":"grpc/server.go:220","service.id":"costalongdeMacBook-Pro.local","service.name":"apiserver","service.version":"v0.0.0-master+$Format:%h$","msg":"[gRPC] server listening on: [::]:9090"}
{"level":"info","timestamp":"2025-08-16 21:30:36.226","caller":"log/log.go:190","message":"Starting application","name":"apiserver","version":"{\"gitVersion\":\"v0.0.0-master+$Format:%h$\",\"gitCommit\":\"$Format:%H$\",\"gitTreeState\":\"\",\"buildDate\":\"1970-01-01T00:00:00Z\",\"goVersion\":\"go1.25rc2\",\"compiler\":\"gc\",\"platform\":\"darwin/arm64\"}"}
{"level":"info","timestamp":"2025-08-16 21:30:36.226","caller":"log/log.go:190","message":"Golang settings","GOGC":"","GOMAXPROCS":"","GOTRACEBACK":""}
{"level":"info","timestamp":"2025-08-16 21:30:36.227","caller":"log/log.go:190","message":"Connection pool metrics collection is enabled through dependency injection"}
{"level":"info","timestamp":"2025-08-16 21:30:36.227","caller":"log/log.go:190","message":"Metrics will be automatically collected by the PoolMonitor when database connections are established"}
{"level":"info","timestamp":"2025-08-16 21:30:36.227","caller":"log/log.go:190","message":"Database pool monitoring enabled","slow_query_threshold":1000,"collect_interval":30000}
{"level":"info","timestamp":"2025-08-16 21:30:36.227","caller":"log/log.go:190","message":"Redis pool monitoring enabled","collect_interval":30000}
{"level":"info","timestamp":"2025-08-16 21:30:36.228","message":"Logger initialized","level":"info","format":"json"}
{"level":"info","timestamp":"2025-08-16 21:30:36.228","message":"Validating service connections before startup..."}
{"level":"info","timestamp":"2025-08-16 21:30:36.228","message":"Testing MySQL connection..."}
{"level":"info","timestamp":"2025-08-16 21:30:36.236","message":"MySQL connection test passed"}
{"level":"info","timestamp":"2025-08-16 21:30:36.236","message":"Testing Redis connection..."}
{"level":"info","timestamp":"2025-08-16 21:30:36.243","message":"Redis connection test passed"}
{"level":"info","timestamp":"2025-08-16 21:30:36.243","message":"Testing Jaeger connection..."}
{"level":"info","timestamp":"2025-08-16 21:30:36.243","message":"Jaeger connection test passed"}
{"level":"info","timestamp":"2025-08-16 21:30:36.243","message":"All service connections validated successfully"}
{"level":"info","timestamp":"2025-08-16 21:30:36.378","message":"Start to listening the incoming requests","protocol":"kratos"}
{"level":"info","timestamp":"2025-08-16 21:30:36.380","message":"","ts":"2025-08-16T21:30:36+08:00","caller":"http/server.go:330","service.id":"costalongdeMacBook-Pro.local","service.name":"apiserver","service.version":"v0.0.0-master+$Format:%h$","msg":"[HTTP] server listening on: [::]:8080"}
{"level":"info","timestamp":"2025-08-16 21:30:36.380","message":"","ts":"2025-08-16T21:30:36+08:00","caller":"grpc/server.go:220","service.id":"costalongdeMacBook-Pro.local","service.name":"apiserver","service.version":"v0.0.0-master+$Format:%h$","msg":"[gRPC] server listening on: [::]:9090"}
{"level":"error","timestamp":"2025-08-16 21:30:57.615","message":"GetUser","err":"test code error"}
{"level":"error","timestamp":"2025-08-16 21:30:57.629","message":"","kind":"server","component":"http","operation":"/apiserver.v1.ApiServer/GetUser","args":"id:\"1111\"","code":500,"reason":"","stack":"user not found","latency":0.013051709}
{"level":"error","timestamp":"2025-08-16 21:33:09.734","message":"GetUser","err":"test code error"}
{"level":"error","timestamp":"2025-08-16 21:33:09.749","message":"","kind":"server","component":"http","operation":"/apiserver.v1.ApiServer/GetUser","args":"id:\"1111\"","code":500,"reason":"","stack":"user not found","latency":0.015636209}
{"level":"error","timestamp":"2025-08-16 21:57:28.613","message":"GetUser","err":"test code error"}
{"level":"error","timestamp":"2025-08-16 21:57:28.620","message":"","kind":"server","component":"http","operation":"/apiserver.v1.ApiServer/GetUser","args":"id:\"9999\"","code":500,"reason":"","stack":"user not found","latency":0.00710425}
{"level":"error","timestamp":"2025-08-16 21:57:36.454","message":"GetUser","err":"test code error"}
{"level":"error","timestamp":"2025-08-16 21:57:36.455","message":"","kind":"server","component":"http","operation":"/apiserver.v1.ApiServer/GetUser","args":"id:\"8888\"","code":500,"reason":"","stack":"user not found","latency":0.001002416}
{"level":"info","timestamp":"2025-08-16 21:58:15.605","message":"Shutting down server..."}
{"level":"info","timestamp":"2025-08-16 21:58:15.605","message":"Gracefully stop kratos application"}
{"level":"info","timestamp":"2025-08-16 21:58:15.605","message":"Server exited successfully."}
{"level":"info","timestamp":"2025-08-16 23:10:03.889","caller":"log/log.go:190","message":"Starting application","name":"apiserver","version":"{\"gitVersion\":\"v0.0.0-master+$Format:%h$\",\"gitCommit\":\"$Format:%H$\",\"gitTreeState\":\"\",\"buildDate\":\"1970-01-01T00:00:00Z\",\"goVersion\":\"go1.25rc2\",\"compiler\":\"gc\",\"platform\":\"darwin/arm64\"}"}
{"level":"info","timestamp":"2025-08-16 23:10:03.890","caller":"log/log.go:190","message":"Golang settings","GOGC":"","GOMAXPROCS":"","GOTRACEBACK":""}
{"level":"info","timestamp":"2025-08-16 23:10:03.891","caller":"log/log.go:190","message":"Connection pool metrics collection is enabled through dependency injection"}
{"level":"info","timestamp":"2025-08-16 23:10:03.891","caller":"log/log.go:190","message":"Metrics will be automatically collected by the PoolMonitor when database connections are established"}
{"level":"info","timestamp":"2025-08-16 23:10:03.891","caller":"log/log.go:190","message":"Database pool monitoring enabled","slow_query_threshold":1000,"collect_interval":30000}
{"level":"info","timestamp":"2025-08-16 23:10:03.891","caller":"log/log.go:190","message":"Redis pool monitoring enabled","collect_interval":30000}
{"level":"info","timestamp":"2025-08-16 23:10:03.891","message":"Logger initialized","level":"info","format":"json"}
{"level":"info","timestamp":"2025-08-16 23:10:03.891","message":"Validating service connections before startup..."}
{"level":"info","timestamp":"2025-08-16 23:10:03.891","message":"Testing MySQL connection..."}
{"level":"info","timestamp":"2025-08-16 23:10:03.904","message":"MySQL connection test passed"}
{"level":"info","timestamp":"2025-08-16 23:10:03.904","message":"Testing Redis connection..."}
{"level":"info","timestamp":"2025-08-16 23:10:03.913","message":"Redis connection test passed"}
{"level":"info","timestamp":"2025-08-16 23:10:03.913","message":"Testing Jaeger connection..."}
{"level":"info","timestamp":"2025-08-16 23:10:03.913","message":"Jaeger connection test passed"}
{"level":"info","timestamp":"2025-08-16 23:10:03.913","message":"All service connections validated successfully"}
{"level":"info","timestamp":"2025-08-16 23:10:04.010","message":"Start to listening the incoming requests","protocol":"kratos"}
{"level":"info","timestamp":"2025-08-16 23:10:04.011","message":"","ts":"2025-08-16T23:10:04+08:00","caller":"http/server.go:330","service.id":"costalongdeMacBook-Pro.local","service.name":"apiserver","service.version":"v0.0.0-master+$Format:%h$","msg":"[HTTP] server listening on: [::]:8080"}
{"level":"info","timestamp":"2025-08-16 23:10:04.011","message":"","ts":"2025-08-16T23:10:04+08:00","caller":"grpc/server.go:220","service.id":"costalongdeMacBook-Pro.local","service.name":"apiserver","service.version":"v0.0.0-master+$Format:%h$","msg":"[gRPC] server listening on: [::]:9090"}
{"level":"error","timestamp":"2025-08-16 23:10:18.270","message":"GetUser","err":"test code error"}
{"level":"error","timestamp":"2025-08-16 23:10:18.288","message":"","kind":"server","component":"http","operation":"/apiserver.v1.ApiServer/GetUser","args":"id:\"1111\"","code":500,"reason":"","stack":"user not found","latency":0.017905875}
{"level":"error","timestamp":"2025-08-16 23:55:04.050","message":"GetUser","err":"test code error"}
{"level":"error","timestamp":"2025-08-16 23:55:04.074","message":"","kind":"server","component":"http","operation":"/apiserver.v1.ApiServer/GetUser","args":"id:\"1111\"","code":500,"reason":"","stack":"user not found","latency":0.023345084}
{"level":"error","timestamp":"2025-08-16 23:55:05.092","message":"GetUser","err":"test code error"}
{"level":"info","timestamp":"2025-08-16 23:55:05.111","message":"","kind":"server","component":"http","operation":"/apiserver.v1.ApiServer/GetUser","args":"id:\"1\"","code":0,"reason":"","stack":"","latency":0.018377375}
{"level":"info","timestamp":"2025-08-16 23:55:21.224","message":"Shutting down server..."}
{"level":"info","timestamp":"2025-08-16 23:55:21.224","message":"Gracefully stop kratos application"}
{"level":"info","timestamp":"2025-08-16 23:55:21.224","message":"","ts":"2025-08-16T23:55:21+08:00","caller":"http/server.go:345","service.id":"costalongdeMacBook-Pro.local","service.name":"apiserver","service.version":"v0.0.0-master+$Format:%h$","msg":"[HTTP] server stopping"}
{"level":"info","timestamp":"2025-08-16 23:55:21.224","message":"Server exited successfully."}
{"level":"info","timestamp":"2025-08-16 23:58:09.305","caller":"log/log.go:190","message":"Starting application","name":"apiserver","version":"{\"gitVersion\":\"v0.0.0-master+$Format:%h$\",\"gitCommit\":\"$Format:%H$\",\"gitTreeState\":\"\",\"buildDate\":\"1970-01-01T00:00:00Z\",\"goVersion\":\"go1.25rc2\",\"compiler\":\"gc\",\"platform\":\"darwin/arm64\"}"}
{"level":"info","timestamp":"2025-08-16 23:58:09.307","caller":"log/log.go:190","message":"Golang settings","GOGC":"","GOMAXPROCS":"","GOTRACEBACK":""}
{"level":"info","timestamp":"2025-08-16 23:58:09.308","caller":"log/log.go:190","message":"Connection pool metrics collection is enabled through dependency injection"}
{"level":"info","timestamp":"2025-08-16 23:58:09.309","caller":"log/log.go:190","message":"Metrics will be automatically collected by the PoolMonitor when database connections are established"}
{"level":"info","timestamp":"2025-08-16 23:58:09.309","caller":"log/log.go:190","message":"Database pool monitoring enabled","slow_query_threshold":1000,"collect_interval":30000}
{"level":"info","timestamp":"2025-08-16 23:58:09.309","caller":"log/log.go:190","message":"Redis pool monitoring enabled","collect_interval":30000}
{"level":"info","timestamp":"2025-08-16 23:58:09.312","message":"Logger initialized","level":"info","format":"json"}
{"level":"info","timestamp":"2025-08-16 23:58:09.312","message":"Validating service connections before startup..."}
{"level":"info","timestamp":"2025-08-16 23:58:09.312","message":"Testing MySQL connection..."}
{"level":"info","timestamp":"2025-08-16 23:58:09.324","message":"MySQL connection test passed"}
{"level":"info","timestamp":"2025-08-16 23:58:09.324","message":"Testing Redis connection..."}
{"level":"info","timestamp":"2025-08-16 23:58:09.330","message":"Redis connection test passed"}
{"level":"info","timestamp":"2025-08-16 23:58:09.330","message":"Testing Jaeger connection..."}
{"level":"info","timestamp":"2025-08-16 23:58:09.330","message":"Jaeger connection test passed"}
{"level":"info","timestamp":"2025-08-16 23:58:09.330","message":"All service connections validated successfully"}
{"level":"info","timestamp":"2025-08-16 23:58:09.477","message":"Start to listening the incoming requests","protocol":"kratos"}
{"level":"info","timestamp":"2025-08-16 23:58:09.478","message":"","ts":"2025-08-16T23:58:09+08:00","caller":"grpc/server.go:220","service.id":"costalongdeMacBook-Pro.local","service.name":"apiserver","service.version":"v0.0.0-master+$Format:%h$","msg":"[gRPC] server listening on: [::]:9090"}
{"level":"info","timestamp":"2025-08-16 23:58:09.479","message":"","ts":"2025-08-16T23:58:09+08:00","caller":"http/server.go:330","service.id":"costalongdeMacBook-Pro.local","service.name":"apiserver","service.version":"v0.0.0-master+$Format:%h$","msg":"[HTTP] server listening on: [::]:8080"}
{"level":"info","timestamp":"2025-08-16 23:59:48.087","message":"Shutting down server..."}
{"level":"info","timestamp":"2025-08-16 23:59:48.087","message":"","ts":"2025-08-16T23:59:48+08:00","caller":"http/server.go:345","service.id":"costalongdeMacBook-Pro.local","service.name":"apiserver","service.version":"v0.0.0-master+$Format:%h$","msg":"[HTTP] server stopping"}
{"level":"info","timestamp":"2025-08-16 23:59:48.087","message":"Gracefully stop kratos application"}
{"level":"info","timestamp":"2025-08-16 23:59:48.087","message":"Server exited successfully."}
{"level":"info","timestamp":"2025-08-17 00:00:01.072","caller":"log/log.go:190","message":"Starting application","name":"apiserver","version":"{\"gitVersion\":\"v0.0.0-master+$Format:%h$\",\"gitCommit\":\"$Format:%H$\",\"gitTreeState\":\"\",\"buildDate\":\"1970-01-01T00:00:00Z\",\"goVersion\":\"go1.25rc2\",\"compiler\":\"gc\",\"platform\":\"darwin/arm64\"}"}
{"level":"info","timestamp":"2025-08-17 00:00:01.072","caller":"log/log.go:190","message":"Golang settings","GOGC":"","GOMAXPROCS":"","GOTRACEBACK":""}
{"level":"info","timestamp":"2025-08-17 00:00:01.073","caller":"log/log.go:190","message":"Connection pool metrics collection is enabled through dependency injection"}
{"level":"info","timestamp":"2025-08-17 00:00:01.073","caller":"log/log.go:190","message":"Metrics will be automatically collected by the PoolMonitor when database connections are established"}
{"level":"info","timestamp":"2025-08-17 00:00:01.073","caller":"log/log.go:190","message":"Database pool monitoring enabled","slow_query_threshold":1000,"collect_interval":30000}
{"level":"info","timestamp":"2025-08-17 00:00:01.073","caller":"log/log.go:190","message":"Redis pool monitoring enabled","collect_interval":30000}
{"level":"info","timestamp":"2025-08-17 00:00:01.073","message":"Logger initialized","level":"info","format":"json"}
{"level":"info","timestamp":"2025-08-17 00:00:01.073","message":"Validating service connections before startup..."}
{"level":"info","timestamp":"2025-08-17 00:00:01.073","message":"Testing MySQL connection..."}
{"level":"info","timestamp":"2025-08-17 00:00:01.083","message":"MySQL connection test passed"}
{"level":"info","timestamp":"2025-08-17 00:00:01.083","message":"Testing Redis connection..."}
{"level":"info","timestamp":"2025-08-17 00:00:01.090","message":"Redis connection test passed"}
{"level":"info","timestamp":"2025-08-17 00:00:01.090","message":"Testing Jaeger connection..."}
{"level":"info","timestamp":"2025-08-17 00:00:01.091","message":"Jaeger connection test passed"}
{"level":"info","timestamp":"2025-08-17 00:00:01.091","message":"All service connections validated successfully"}
{"level":"info","timestamp":"2025-08-17 00:00:01.278","message":"Start to listening the incoming requests","protocol":"kratos"}
{"level":"info","timestamp":"2025-08-17 00:00:01.278","message":"","ts":"2025-08-17T00:00:01+08:00","caller":"http/server.go:330","service.id":"costalongdeMacBook-Pro.local","service.name":"apiserver","service.version":"v0.0.0-master+$Format:%h$","msg":"[HTTP] server listening on: [::]:8080"}
{"level":"info","timestamp":"2025-08-17 00:00:01.278","message":"","ts":"2025-08-17T00:00:01+08:00","caller":"grpc/server.go:220","service.id":"costalongdeMacBook-Pro.local","service.name":"apiserver","service.version":"v0.0.0-master+$Format:%h$","msg":"[gRPC] server listening on: [::]:9090"}
{"level":"error","timestamp":"2025-08-17 00:00:25.915","message":"GetUser","err":"test code error"}
{"level":"error","timestamp":"2025-08-17 00:01:31.243","message":"GetUser","err":"test code error"}
{"level":"info","timestamp":"2025-08-17 00:01:31.260","message":"","kind":"server","component":"http","operation":"/apiserver.v1.ApiServer/GetUser","args":"id:\"1\"","code":0,"reason":"","stack":"","latency":0.01663475}
{"level":"error","timestamp":"2025-08-17 00:02:15.039","message":"GetUser","err":"test code error"}
{"level":"error","timestamp":"2025-08-17 00:02:17.719","message":"GetUser","err":"test code error"}
{"level":"error","timestamp":"2025-08-17 00:02:41.369","message":"GetUser","err":"test code error"}
{"level":"info","timestamp":"2025-08-17 00:03:49.357","message":"Shutting down server..."}
{"level":"info","timestamp":"2025-08-17 00:03:49.357","message":"Gracefully stop kratos application"}
{"level":"info","timestamp":"2025-08-17 00:03:49.357","message":"Server exited successfully."}
{"level":"info","timestamp":"2025-08-17 00:07:31.935","caller":"log/log.go:190","message":"Starting application","name":"apiserver","version":"{\"gitVersion\":\"v0.0.0-master+$Format:%h$\",\"gitCommit\":\"$Format:%H$\",\"gitTreeState\":\"\",\"buildDate\":\"1970-01-01T00:00:00Z\",\"goVersion\":\"go1.25rc2\",\"compiler\":\"gc\",\"platform\":\"darwin/arm64\"}"}
{"level":"info","timestamp":"2025-08-17 00:07:31.936","caller":"log/log.go:190","message":"Golang settings","GOGC":"","GOMAXPROCS":"","GOTRACEBACK":""}
{"level":"info","timestamp":"2025-08-17 00:07:31.936","caller":"log/log.go:190","message":"Connection pool metrics collection is enabled through dependency injection"}
{"level":"info","timestamp":"2025-08-17 00:07:31.936","caller":"log/log.go:190","message":"Metrics will be automatically collected by the PoolMonitor when database connections are established"}
{"level":"info","timestamp":"2025-08-17 00:07:31.936","caller":"log/log.go:190","message":"Database pool monitoring enabled","slow_query_threshold":1000,"collect_interval":30000}
{"level":"info","timestamp":"2025-08-17 00:07:31.936","caller":"log/log.go:190","message":"Redis pool monitoring enabled","collect_interval":30000}
{"level":"info","timestamp":"2025-08-17 00:07:31.936","message":"Logger initialized","level":"info","format":"json"}
{"level":"info","timestamp":"2025-08-17 00:07:31.936","message":"Validating service connections before startup..."}
{"level":"info","timestamp":"2025-08-17 00:07:31.936","message":"Testing MySQL connection..."}
{"level":"info","timestamp":"2025-08-17 00:07:31.941","message":"MySQL connection test passed"}
{"level":"info","timestamp":"2025-08-17 00:07:31.941","message":"Testing Redis connection..."}
{"level":"info","timestamp":"2025-08-17 00:07:31.944","message":"Redis connection test passed"}
{"level":"info","timestamp":"2025-08-17 00:07:31.944","message":"Testing Jaeger connection..."}
{"level":"info","timestamp":"2025-08-17 00:07:31.944","message":"Jaeger connection test passed"}
{"level":"info","timestamp":"2025-08-17 00:07:31.944","message":"All service connections validated successfully"}
{"level":"info","timestamp":"2025-08-17 00:07:32.048","message":"Start to listening the incoming requests","protocol":"kratos"}
{"level":"info","timestamp":"2025-08-17 00:07:32.049","message":"","ts":"2025-08-17T00:07:32+08:00","caller":"http/server.go:330","service.id":"costalongdeMacBook-Pro.local","service.name":"apiserver","service.version":"v0.0.0-master+$Format:%h$","msg":"[HTTP] server listening on: [::]:8080"}
{"level":"info","timestamp":"2025-08-17 00:07:32.049","message":"","ts":"2025-08-17T00:07:32+08:00","caller":"grpc/server.go:220","service.id":"costalongdeMacBook-Pro.local","service.name":"apiserver","service.version":"v0.0.0-master+$Format:%h$","msg":"[gRPC] server listening on: [::]:9090"}
{"level":"error","timestamp":"2025-08-17 00:07:36.704","message":"GetUser","err":"test code error"}
{"level":"error","timestamp":"2025-08-17 00:07:36.711","message":"","kind":"server","component":"http","operation":"/apiserver.v1.ApiServer/GetUser","args":"id:\"test1\"","code":500,"reason":"","stack":"user not found","latency":0.007014917}
{"level":"error","timestamp":"2025-08-17 00:08:16.463","message":"GetUser","err":"test code error"}
{"level":"error","timestamp":"2025-08-17 00:08:16.469","message":"","kind":"server","component":"http","operation":"/apiserver.v1.ApiServer/GetUser","args":"id:\"test2\"","code":500,"reason":"","stack":"user not found","latency":0.006215291}
{"level":"error","timestamp":"2025-08-17 00:08:16.477","message":"GetUser","err":"test code error"}
{"level":"error","timestamp":"2025-08-17 00:08:16.478","message":"","kind":"server","component":"http","operation":"/apiserver.v1.ApiServer/GetUser","args":"id:\"test3\"","code":500,"reason":"","stack":"user not found","latency":0.001146708}
{"level":"info","timestamp":"2025-08-17 00:09:10.787","message":"Shutting down server..."}
{"level":"info","timestamp":"2025-08-17 00:09:10.788","message":"Gracefully stop kratos application"}
{"level":"info","timestamp":"2025-08-17 00:09:10.788","message":"Server exited successfully."}
{"level":"info","timestamp":"2025-08-17 00:15:05.004","caller":"log/log.go:190","message":"Starting application","name":"apiserver","version":"{\"gitVersion\":\"v0.0.0-master+$Format:%h$\",\"gitCommit\":\"$Format:%H$\",\"gitTreeState\":\"\",\"buildDate\":\"1970-01-01T00:00:00Z\",\"goVersion\":\"go1.25rc2\",\"compiler\":\"gc\",\"platform\":\"darwin/arm64\"}"}
{"level":"info","timestamp":"2025-08-17 00:15:05.004","caller":"log/log.go:190","message":"Golang settings","GOGC":"","GOMAXPROCS":"","GOTRACEBACK":""}
{"level":"info","timestamp":"2025-08-17 00:15:05.006","caller":"log/log.go:190","message":"Connection pool metrics collection is enabled through dependency injection"}
{"level":"info","timestamp":"2025-08-17 00:15:05.006","caller":"log/log.go:190","message":"Metrics will be automatically collected by the PoolMonitor when database connections are established"}
{"level":"info","timestamp":"2025-08-17 00:15:05.006","caller":"log/log.go:190","message":"Database pool monitoring enabled","slow_query_threshold":1000,"collect_interval":30000}
{"level":"info","timestamp":"2025-08-17 00:15:05.006","caller":"log/log.go:190","message":"Redis pool monitoring enabled","collect_interval":30000}
{"level":"info","timestamp":"2025-08-17 00:15:05.007","message":"Logger initialized","level":"info","format":"json"}
{"level":"info","timestamp":"2025-08-17 00:15:05.007","message":"Validating service connections before startup..."}
{"level":"info","timestamp":"2025-08-17 00:15:05.007","message":"Testing MySQL connection..."}
{"level":"info","timestamp":"2025-08-17 00:15:05.013","message":"MySQL connection test passed"}
{"level":"info","timestamp":"2025-08-17 00:15:05.013","message":"Testing Redis connection..."}
{"level":"info","timestamp":"2025-08-17 00:15:05.017","message":"Redis connection test passed"}
{"level":"info","timestamp":"2025-08-17 00:15:05.017","message":"Testing Jaeger connection..."}
{"level":"info","timestamp":"2025-08-17 00:15:05.017","message":"Jaeger connection test passed"}
{"level":"info","timestamp":"2025-08-17 00:15:05.017","message":"All service connections validated successfully"}
{"level":"info","timestamp":"2025-08-17 00:15:05.144","message":"Start to listening the incoming requests","protocol":"kratos"}
{"level":"info","timestamp":"2025-08-17 00:15:05.144","message":"","ts":"2025-08-17T00:15:05+08:00","caller":"grpc/server.go:220","service.id":"costalongdeMacBook-Pro.local","service.name":"apiserver","service.version":"v0.0.0-master+$Format:%h$","msg":"[gRPC] server listening on: [::]:9090"}
{"level":"info","timestamp":"2025-08-17 00:15:05.145","message":"","ts":"2025-08-17T00:15:05+08:00","caller":"http/server.go:330","service.id":"costalongdeMacBook-Pro.local","service.name":"apiserver","service.version":"v0.0.0-master+$Format:%h$","msg":"[HTTP] server listening on: [::]:8080"}
{"level":"error","timestamp":"2025-08-17 00:15:07.180","message":"GetUser","err":"test code error"}
{"level":"error","timestamp":"2025-08-17 00:15:13.081","message":"GetUser","err":"test code error"}
{"level":"error","timestamp":"2025-08-17 00:15:13.084","message":"","kind":"server","component":"http","operation":"/apiserver.v1.ApiServer/GetUser","args":"id:\"realtime1\"","code":500,"reason":"","stack":"user not found","latency":0.002987625}
{"level":"error","timestamp":"2025-08-17 00:15:13.100","message":"GetUser","err":"test code error"}
{"level":"error","timestamp":"2025-08-17 00:15:13.101","message":"","kind":"server","component":"http","operation":"/apiserver.v1.ApiServer/GetUser","args":"id:\"realtime2\"","code":500,"reason":"","stack":"user not found","latency":0.0012545}
{"level":"error","timestamp":"2025-08-17 00:15:14.683","message":"GetUser","err":"test code error"}
{"level":"info","timestamp":"2025-08-17 00:16:45.625","message":"Shutting down server..."}
{"level":"info","timestamp":"2025-08-17 00:16:45.625","message":"","ts":"2025-08-17T00:16:45+08:00","caller":"http/server.go:345","service.id":"costalongdeMacBook-Pro.local","service.name":"apiserver","service.version":"v0.0.0-master+$Format:%h$","msg":"[HTTP] server stopping"}
{"level":"info","timestamp":"2025-08-17 00:16:45.626","message":"Gracefully stop kratos application"}
{"level":"info","timestamp":"2025-08-17 00:16:45.626","message":"Server exited successfully."}
{"level":"info","timestamp":"2025-08-17 00:22:24.354","caller":"log/log.go:190","message":"Starting application","name":"apiserver","version":"{\"gitVersion\":\"v0.0.0-master+$Format:%h$\",\"gitCommit\":\"$Format:%H$\",\"gitTreeState\":\"\",\"buildDate\":\"1970-01-01T00:00:00Z\",\"goVersion\":\"go1.25rc2\",\"compiler\":\"gc\",\"platform\":\"darwin/arm64\"}"}
{"level":"info","timestamp":"2025-08-17 00:22:24.354","caller":"log/log.go:190","message":"Golang settings","GOGC":"","GOMAXPROCS":"","GOTRACEBACK":""}
{"level":"info","timestamp":"2025-08-17 00:22:24.355","caller":"log/log.go:190","message":"Connection pool metrics collection is enabled through dependency injection"}
{"level":"info","timestamp":"2025-08-17 00:22:24.355","caller":"log/log.go:190","message":"Metrics will be automatically collected by the PoolMonitor when database connections are established"}
{"level":"info","timestamp":"2025-08-17 00:22:24.355","caller":"log/log.go:190","message":"Database pool monitoring enabled","slow_query_threshold":1000,"collect_interval":30000}
{"level":"info","timestamp":"2025-08-17 00:22:24.355","caller":"log/log.go:190","message":"Redis pool monitoring enabled","collect_interval":30000}
{"level":"info","timestamp":"2025-08-17 00:22:24.355","message":"Logger initialized","level":"info","format":"json"}
{"level":"info","timestamp":"2025-08-17 00:22:24.355","message":"Validating service connections before startup..."}
{"level":"info","timestamp":"2025-08-17 00:22:24.355","message":"Testing MySQL connection..."}
{"level":"info","timestamp":"2025-08-17 00:22:24.370","message":"MySQL connection test passed"}
{"level":"info","timestamp":"2025-08-17 00:22:24.370","message":"Testing Redis connection..."}
{"level":"info","timestamp":"2025-08-17 00:22:24.376","message":"Redis connection test passed"}
{"level":"info","timestamp":"2025-08-17 00:22:24.376","message":"Testing Jaeger connection..."}
{"level":"info","timestamp":"2025-08-17 00:22:24.376","message":"Jaeger connection test passed"}
{"level":"info","timestamp":"2025-08-17 00:22:24.377","message":"All service connections validated successfully"}
{"level":"info","timestamp":"2025-08-17 00:22:24.479","message":"Start to listening the incoming requests","protocol":"kratos"}
{"level":"info","timestamp":"2025-08-17 00:22:24.479","message":"","ts":"2025-08-17T00:22:24+08:00","caller":"grpc/server.go:220","service.id":"costalongdeMacBook-Pro.local","service.name":"apiserver","service.version":"v0.0.0-master+$Format:%h$","msg":"[gRPC] server listening on: [::]:9090"}
{"level":"info","timestamp":"2025-08-17 00:22:24.479","message":"","ts":"2025-08-17T00:22:24+08:00","caller":"http/server.go:330","service.id":"costalongdeMacBook-Pro.local","service.name":"apiserver","service.version":"v0.0.0-master+$Format:%h$","msg":"[HTTP] server listening on: [::]:8080"}
{"level":"error","timestamp":"2025-08-17 00:22:49.832","message":"GetUser","err":"test code error"}
{"level":"info","timestamp":"2025-08-17 00:22:49.846","message":"","kind":"server","component":"http","operation":"/apiserver.v1.ApiServer/GetUser","args":"id:\"1\"","code":0,"reason":"","stack":"","latency":0.013437292}
{"level":"error","timestamp":"2025-08-17 00:24:13.590","message":"GetUser","err":"test code error"}
{"level":"info","timestamp":"2025-08-17 00:24:13.612","message":"","kind":"server","component":"http","operation":"/apiserver.v1.ApiServer/GetUser","args":"id:\"1\"","code":0,"reason":"","stack":"","latency":0.021747959}
{"level":"info","timestamp":"2025-08-17 00:33:41.883","caller":"log/log.go:190","message":"Starting application","name":"apiserver","version":"{\"gitVersion\":\"v0.0.0-master+$Format:%h$\",\"gitCommit\":\"$Format:%H$\",\"gitTreeState\":\"\",\"buildDate\":\"1970-01-01T00:00:00Z\",\"goVersion\":\"go1.25rc2\",\"compiler\":\"gc\",\"platform\":\"darwin/arm64\"}"}
{"level":"info","timestamp":"2025-08-17 00:33:41.883","caller":"log/log.go:190","message":"Golang settings","GOGC":"","GOMAXPROCS":"","GOTRACEBACK":""}
{"level":"info","timestamp":"2025-08-17 00:33:41.885","caller":"log/log.go:190","message":"Connection pool metrics collection is enabled through dependency injection"}
{"level":"info","timestamp":"2025-08-17 00:33:41.886","caller":"log/log.go:190","message":"Metrics will be automatically collected by the PoolMonitor when database connections are established"}
{"level":"info","timestamp":"2025-08-17 00:33:41.886","caller":"log/log.go:190","message":"Database pool monitoring enabled","slow_query_threshold":1000,"collect_interval":30000}
{"level":"info","timestamp":"2025-08-17 00:33:41.886","caller":"log/log.go:190","message":"Redis pool monitoring enabled","collect_interval":30000}
{"level":"info","timestamp":"2025-08-17 00:33:41.887","message":"Logger initialized","level":"info","format":"json"}
{"level":"info","timestamp":"2025-08-17 00:33:41.887","message":"Validating service connections before startup..."}
{"level":"info","timestamp":"2025-08-17 00:33:41.887","message":"Testing MySQL connection..."}
{"level":"info","timestamp":"2025-08-17 00:33:41.895","message":"MySQL connection test passed"}
{"level":"info","timestamp":"2025-08-17 00:33:41.896","message":"Testing Redis connection..."}
{"level":"info","timestamp":"2025-08-17 00:33:41.902","message":"Redis connection test passed"}
{"level":"info","timestamp":"2025-08-17 00:33:41.902","message":"Testing Jaeger connection..."}
{"level":"info","timestamp":"2025-08-17 00:33:41.902","message":"Jaeger connection test passed"}
{"level":"info","timestamp":"2025-08-17 00:33:41.902","message":"All service connections validated successfully"}
{"level":"info","timestamp":"2025-08-17 00:33:42.042","message":"Start to listening the incoming requests","protocol":"kratos"}
{"level":"fatal","timestamp":"2025-08-17 00:33:42.043","message":"Failed to serve kratos application","err":"listen tcp 0.0.0.0:9090: bind: address already in use","stacktrace":"github.com/costa92/go-protoc/v2/pkg/log.Fatalw\n\t/Users/costalong/code/go/src/github.com/costa92/go-protoc/pkg/log/log.go:198\ngithub.com/costa92/go-protoc/v2/pkg/server.(*KratosServer).RunOrDie\n\t/Users/costalong/code/go/src/github.com/costa92/go-protoc/pkg/server/kratos_server.go:49"}
{"level":"error","timestamp":"2025-08-17 00:33:47.808","message":"GetUser","err":"test code error"}
{"level":"error","timestamp":"2025-08-17 00:33:47.818","message":"","kind":"server","component":"http","operation":"/apiserver.v1.ApiServer/GetUser","args":"id:\"ui-test1\"","code":500,"reason":"","stack":"user not found","latency":0.010230667}
{"level":"error","timestamp":"2025-08-17 00:33:47.834","message":"GetUser","err":"test code error"}
{"level":"error","timestamp":"2025-08-17 00:33:47.835","message":"","kind":"server","component":"http","operation":"/apiserver.v1.ApiServer/GetUser","args":"id:\"ui-test2\"","code":500,"reason":"","stack":"user not found","latency":0.001289583}
{"level":"info","timestamp":"2025-08-17 00:34:39.316","message":"Shutting down server..."}
{"level":"info","timestamp":"2025-08-17 00:34:39.316","message":"Gracefully stop kratos application"}
{"level":"info","timestamp":"2025-08-17 00:34:39.316","message":"","ts":"2025-08-17T00:34:39+08:00","caller":"http/server.go:345","service.id":"costalongdeMacBook-Pro.local","service.name":"apiserver","service.version":"v0.0.0-master+$Format:%h$","msg":"[HTTP] server stopping"}
{"level":"info","timestamp":"2025-08-17 00:34:39.316","message":"Server exited successfully."}
{"level":"info","timestamp":"2025-08-17 00:48:36.482","caller":"log/log.go:190","message":"Starting application","name":"apiserver","version":"{\"gitVersion\":\"v0.0.0-master+$Format:%h$\",\"gitCommit\":\"$Format:%H$\",\"gitTreeState\":\"\",\"buildDate\":\"1970-01-01T00:00:00Z\",\"goVersion\":\"go1.25rc2\",\"compiler\":\"gc\",\"platform\":\"darwin/arm64\"}"}
{"level":"info","timestamp":"2025-08-17 00:48:36.484","caller":"log/log.go:190","message":"Golang settings","GOGC":"","GOMAXPROCS":"","GOTRACEBACK":""}
{"level":"info","timestamp":"2025-08-17 00:48:36.485","caller":"log/log.go:190","message":"Connection pool metrics collection is enabled through dependency injection"}
{"level":"info","timestamp":"2025-08-17 00:48:36.485","caller":"log/log.go:190","message":"Metrics will be automatically collected by the PoolMonitor when database connections are established"}
{"level":"info","timestamp":"2025-08-17 00:48:36.485","caller":"log/log.go:190","message":"Database pool monitoring enabled","slow_query_threshold":1000,"collect_interval":30000}
{"level":"info","timestamp":"2025-08-17 00:48:36.485","caller":"log/log.go:190","message":"Redis pool monitoring enabled","collect_interval":30000}
{"level":"info","timestamp":"2025-08-17 00:48:36.486","message":"Logger initialized","level":"info","format":"json"}
{"level":"info","timestamp":"2025-08-17 00:48:36.486","message":"Validating service connections before startup..."}
{"level":"info","timestamp":"2025-08-17 00:48:36.486","message":"Testing MySQL connection..."}
{"level":"info","timestamp":"2025-08-17 00:48:36.497","message":"MySQL connection test passed"}
{"level":"info","timestamp":"2025-08-17 00:48:36.497","message":"Testing Redis connection..."}
{"level":"info","timestamp":"2025-08-17 00:48:36.505","message":"Redis connection test passed"}
{"level":"info","timestamp":"2025-08-17 00:48:36.505","message":"Testing Jaeger connection..."}
{"level":"info","timestamp":"2025-08-17 00:48:36.505","message":"Jaeger connection test passed"}
{"level":"info","timestamp":"2025-08-17 00:48:36.505","message":"All service connections validated successfully"}
{"level":"info","timestamp":"2025-08-17 00:48:36.610","message":"Start to listening the incoming requests","protocol":"kratos"}
{"level":"info","timestamp":"2025-08-17 00:48:36.611","message":"","ts":"2025-08-17T00:48:36+08:00","caller":"grpc/server.go:220","service.id":"costalongdeMacBook-Pro.local","service.name":"apiserver","service.version":"v0.0.0-master+$Format:%h$","msg":"[gRPC] server listening on: [::]:9090"}
{"level":"info","timestamp":"2025-08-17 00:48:36.611","message":"","ts":"2025-08-17T00:48:36+08:00","caller":"http/server.go:330","service.id":"costalongdeMacBook-Pro.local","service.name":"apiserver","service.version":"v0.0.0-master+$Format:%h$","msg":"[HTTP] server listening on: [::]:8080"}
{"level":"error","timestamp":"2025-08-17 00:48:39.968","message":"GetUser","err":"test code error"}
{"level":"info","timestamp":"2025-08-17 00:48:39.990","message":"","kind":"server","component":"http","operation":"/apiserver.v1.ApiServer/GetUser","args":"id:\"1\"","code":0,"reason":"","stack":"","latency":0.021108666}
{"level":"error","timestamp":"2025-08-17 12:49:34.218","message":"GetUser","err":"test code error"}
{"level":"info","timestamp":"2025-08-17 12:49:34.244","message":"","kind":"server","component":"http","operation":"/apiserver.v1.ApiServer/GetUser","args":"id:\"1\"","code":0,"reason":"","stack":"","latency":0.025630958}
{"level":"info","timestamp":"2025-08-17 13:26:13.333","message":"Shutting down server..."}
{"level":"info","timestamp":"2025-08-17 13:26:13.334","message":"Gracefully stop kratos application"}
{"level":"info","timestamp":"2025-08-17 13:26:13.334","message":"","ts":"2025-08-17T13:26:13+08:00","caller":"http/server.go:345","service.id":"costalongdeMacBook-Pro.local","service.name":"apiserver","service.version":"v0.0.0-master+$Format:%h$","msg":"[HTTP] server stopping"}
{"level":"info","timestamp":"2025-08-17 13:26:13.334","message":"Server exited successfully."}
{"level":"info","timestamp":"2025-08-17 13:26:15.528","caller":"log/log.go:190","message":"Starting application","name":"apiserver","version":"{\"gitVersion\":\"v0.0.0-master+$Format:%h$\",\"gitCommit\":\"$Format:%H$\",\"gitTreeState\":\"\",\"buildDate\":\"1970-01-01T00:00:00Z\",\"goVersion\":\"go1.25rc2\",\"compiler\":\"gc\",\"platform\":\"darwin/arm64\"}"}
{"level":"info","timestamp":"2025-08-17 13:26:15.528","caller":"log/log.go:190","message":"Golang settings","GOGC":"","GOMAXPROCS":"","GOTRACEBACK":""}
{"level":"info","timestamp":"2025-08-17 13:26:15.529","caller":"log/log.go:190","message":"Connection pool metrics collection is enabled through dependency injection"}
{"level":"info","timestamp":"2025-08-17 13:26:15.529","caller":"log/log.go:190","message":"Metrics will be automatically collected by the PoolMonitor when database connections are established"}
{"level":"info","timestamp":"2025-08-17 13:26:15.529","caller":"log/log.go:190","message":"Database pool monitoring enabled","slow_query_threshold":1000,"collect_interval":30000}
{"level":"info","timestamp":"2025-08-17 13:26:15.529","caller":"log/log.go:190","message":"Redis pool monitoring enabled","collect_interval":30000}
{"level":"info","timestamp":"2025-08-17 13:26:15.529","message":"Logger initialized","level":"info","format":"json"}
{"level":"info","timestamp":"2025-08-17 13:26:15.529","message":"Validating service connections before startup..."}
{"level":"info","timestamp":"2025-08-17 13:26:15.529","message":"Testing MySQL connection..."}
{"level":"info","timestamp":"2025-08-17 13:26:15.537","message":"MySQL connection test passed"}
{"level":"info","timestamp":"2025-08-17 13:26:15.537","message":"Testing Redis connection..."}
{"level":"info","timestamp":"2025-08-17 13:26:15.544","message":"Redis connection test passed"}
{"level":"info","timestamp":"2025-08-17 13:26:15.544","message":"Testing Jaeger connection..."}
{"level":"info","timestamp":"2025-08-17 13:26:15.544","message":"Jaeger connection test passed"}
{"level":"info","timestamp":"2025-08-17 13:26:15.544","message":"All service connections validated successfully"}
{"level":"info","timestamp":"2025-08-17 13:26:15.671","message":"Start to listening the incoming requests","protocol":"kratos"}
{"level":"info","timestamp":"2025-08-17 13:26:15.671","message":"","ts":"2025-08-17T13:26:15+08:00","caller":"grpc/server.go:220","service.id":"costalongdeMacBook-Pro.local","service.name":"apiserver","service.version":"v0.0.0-master+$Format:%h$","msg":"[gRPC] server listening on: [::]:9090"}
{"level":"info","timestamp":"2025-08-17 13:26:15.671","message":"","ts":"2025-08-17T13:26:15+08:00","caller":"http/server.go:330","service.id":"costalongdeMacBook-Pro.local","service.name":"apiserver","service.version":"v0.0.0-master+$Format:%h$","msg":"[HTTP] server listening on: [::]:8080"}
{"level":"error","timestamp":"2025-08-17 13:36:18.248","message":"GetUser","err":"test code error"}
{"level":"info","timestamp":"2025-08-17 13:36:18.264","message":"","kind":"server","component":"http","operation":"/apiserver.v1.ApiServer/GetUser","args":"id:\"1\"","code":0,"reason":"","stack":"","latency":0.015431584}
{"level":"error","timestamp":"2025-08-17 13:36:19.236","message":"GetUser","err":"test code error"}
{"level":"error","timestamp":"2025-08-17 14:20:57.661","message":"GetUser","err":"test code error"}
{"level":"error","timestamp":"2025-08-17 14:20:57.725","message":"","kind":"server","component":"http","operation":"/apiserver.v1.ApiServer/GetUser","args":"id:\"victoria-test1\"","code":500,"reason":"","stack":"user not found","latency":0.064247542}
{"level":"error","timestamp":"2025-08-17 14:20:57.750","message":"GetUser","err":"test code error"}
{"level":"error","timestamp":"2025-08-17 14:20:57.751","message":"","kind":"server","component":"http","operation":"/apiserver.v1.ApiServer/GetUser","args":"id:\"victoria-test2\"","code":500,"reason":"","stack":"user not found","latency":0.001301417}
{"level":"info","timestamp":"2025-08-17 14:20:59.181","caller":"log/log.go:190","message":"Starting application","name":"apiserver","version":"{\"gitVersion\":\"v0.0.0-master+$Format:%h$\",\"gitCommit\":\"$Format:%H$\",\"gitTreeState\":\"\",\"buildDate\":\"1970-01-01T00:00:00Z\",\"goVersion\":\"go1.25rc2\",\"compiler\":\"gc\",\"platform\":\"darwin/arm64\"}"}
{"level":"info","timestamp":"2025-08-17 14:20:59.181","caller":"log/log.go:190","message":"Golang settings","GOGC":"","GOMAXPROCS":"","GOTRACEBACK":""}
{"level":"info","timestamp":"2025-08-17 14:20:59.182","caller":"log/log.go:190","message":"Connection pool metrics collection is enabled through dependency injection"}
{"level":"info","timestamp":"2025-08-17 14:20:59.183","caller":"log/log.go:190","message":"Metrics will be automatically collected by the PoolMonitor when database connections are established"}
{"level":"info","timestamp":"2025-08-17 14:20:59.183","caller":"log/log.go:190","message":"Database pool monitoring enabled","slow_query_threshold":1000,"collect_interval":30000}
{"level":"info","timestamp":"2025-08-17 14:20:59.183","caller":"log/log.go:190","message":"Redis pool monitoring enabled","collect_interval":30000}
{"level":"info","timestamp":"2025-08-17 14:20:59.183","message":"Logger initialized","level":"info","format":"json"}
{"level":"info","timestamp":"2025-08-17 14:20:59.183","message":"Validating service connections before startup..."}
{"level":"info","timestamp":"2025-08-17 14:20:59.183","message":"Testing MySQL connection..."}
{"level":"info","timestamp":"2025-08-17 14:20:59.187","message":"MySQL connection test passed"}
{"level":"info","timestamp":"2025-08-17 14:20:59.187","message":"Testing Redis connection..."}
{"level":"info","timestamp":"2025-08-17 14:20:59.192","message":"Redis connection test passed"}
{"level":"info","timestamp":"2025-08-17 14:20:59.192","message":"Testing Jaeger connection..."}
{"level":"info","timestamp":"2025-08-17 14:20:59.192","message":"Jaeger connection test passed"}
{"level":"info","timestamp":"2025-08-17 14:20:59.193","message":"All service connections validated successfully"}
{"level":"info","timestamp":"2025-08-17 14:20:59.336","message":"Start to listening the incoming requests","protocol":"kratos"}
{"level":"fatal","timestamp":"2025-08-17 14:20:59.336","message":"Failed to serve kratos application","err":"listen tcp 0.0.0.0:9090: bind: address already in use","stacktrace":"github.com/costa92/go-protoc/v2/pkg/log.Fatalw\n\t/Users/costalong/code/go/src/github.com/costa92/go-protoc/pkg/log/log.go:198\ngithub.com/costa92/go-protoc/v2/pkg/server.(*KratosServer).RunOrDie\n\t/Users/costalong/code/go/src/github.com/costa92/go-protoc/pkg/server/kratos_server.go:49"}
{"level":"info","timestamp":"2025-08-17 14:21:40.274","message":"Shutting down server..."}
{"level":"info","timestamp":"2025-08-17 14:21:40.275","message":"Gracefully stop kratos application"}
{"level":"info","timestamp":"2025-08-17 14:21:40.275","message":"Server exited successfully."}
{"level":"info","timestamp":"2025-08-17 14:21:40.276","message":"","ts":"2025-08-17T14:21:40+08:00","caller":"http/server.go:345","service.id":"costalongdeMacBook-Pro.local","service.name":"apiserver","service.version":"v0.0.0-master+$Format:%h$","msg":"[HTTP] server stopping"}
{"level":"info","timestamp":"2025-08-17 16:42:20.652","caller":"log/log.go:190","message":"Starting application","name":"apiserver","version":"{\"gitVersion\":\"v0.0.0-master+$Format:%h$\",\"gitCommit\":\"$Format:%H$\",\"gitTreeState\":\"\",\"buildDate\":\"1970-01-01T00:00:00Z\",\"goVersion\":\"go1.25rc2\",\"compiler\":\"gc\",\"platform\":\"darwin/arm64\"}"}
{"level":"info","timestamp":"2025-08-17 16:42:20.652","caller":"log/log.go:190","message":"Golang settings","GOGC":"","GOMAXPROCS":"","GOTRACEBACK":""}
{"level":"info","timestamp":"2025-08-17 16:42:20.652","caller":"log/log.go:190","message":"Connection pool metrics collection is enabled through dependency injection"}
{"level":"info","timestamp":"2025-08-17 16:42:20.652","caller":"log/log.go:190","message":"Metrics will be automatically collected by the PoolMonitor when database connections are established"}
{"level":"info","timestamp":"2025-08-17 16:42:20.652","caller":"log/log.go:190","message":"Database pool monitoring enabled","slow_query_threshold":1000,"collect_interval":30000}
{"level":"info","timestamp":"2025-08-17 16:42:20.652","caller":"log/log.go:190","message":"Redis pool monitoring enabled","collect_interval":30000}
{"level":"info","timestamp":"2025-08-17 16:42:20.653","message":"Logger initialized","level":"info","format":"json"}
{"level":"info","timestamp":"2025-08-17 16:42:20.653","message":"Validating service connections before startup..."}
{"level":"info","timestamp":"2025-08-17 16:42:20.653","message":"Testing MySQL connection..."}
{"level":"info","timestamp":"2025-08-17 16:42:20.661","message":"MySQL connection test passed"}
{"level":"info","timestamp":"2025-08-17 16:42:20.661","message":"Testing Redis connection..."}
{"level":"info","timestamp":"2025-08-17 16:42:20.664","message":"Redis connection test passed"}
{"level":"info","timestamp":"2025-08-17 16:42:20.664","message":"Testing Jaeger connection..."}
{"level":"info","timestamp":"2025-08-17 16:42:20.664","message":"Jaeger connection test passed"}
{"level":"info","timestamp":"2025-08-17 16:42:20.664","message":"All service connections validated successfully"}
{"level":"info","timestamp":"2025-08-17 16:42:20.772","message":"Start to listening the incoming requests","protocol":"kratos"}
{"level":"info","timestamp":"2025-08-17 16:42:20.772","message":"","ts":"2025-08-17T16:42:20+08:00","caller":"grpc/server.go:220","service.id":"costalongdeMacBook-Pro.local","service.name":"apiserver","service.version":"v0.0.0-master+$Format:%h$","msg":"[gRPC] server listening on: [::]:9090"}
{"level":"info","timestamp":"2025-08-17 16:42:20.772","message":"","ts":"2025-08-17T16:42:20+08:00","caller":"http/server.go:330","service.id":"costalongdeMacBook-Pro.local","service.name":"apiserver","service.version":"v0.0.0-master+$Format:%h$","msg":"[HTTP] server listening on: [::]:8080"}
{"level":"info","timestamp":"2025-08-17 16:47:10.816","caller":"log/log.go:190","message":"Starting application","name":"apiserver","version":"{\"gitVersion\":\"v0.0.0-master+$Format:%h$\",\"gitCommit\":\"$Format:%H$\",\"gitTreeState\":\"\",\"buildDate\":\"1970-01-01T00:00:00Z\",\"goVersion\":\"go1.25rc2\",\"compiler\":\"gc\",\"platform\":\"darwin/arm64\"}"}
{"level":"info","timestamp":"2025-08-17 16:47:10.816","caller":"log/log.go:190","message":"Golang settings","GOGC":"","GOMAXPROCS":"","GOTRACEBACK":""}
{"level":"info","timestamp":"2025-08-17 16:47:10.817","caller":"log/log.go:190","message":"Connection pool metrics collection is enabled through dependency injection"}
{"level":"info","timestamp":"2025-08-17 16:47:10.817","caller":"log/log.go:190","message":"Metrics will be automatically collected by the PoolMonitor when database connections are established"}
{"level":"info","timestamp":"2025-08-17 16:47:10.817","caller":"log/log.go:190","message":"Database pool monitoring enabled","slow_query_threshold":1000,"collect_interval":30000}
{"level":"info","timestamp":"2025-08-17 16:47:10.817","caller":"log/log.go:190","message":"Redis pool monitoring enabled","collect_interval":30000}
{"level":"info","timestamp":"2025-08-17 16:47:10.817","message":"Logger initialized","level":"info","format":"json"}
{"level":"info","timestamp":"2025-08-17 16:47:10.817","message":"Validating service connections before startup..."}
{"level":"info","timestamp":"2025-08-17 16:47:10.817","message":"Testing MySQL connection..."}
{"level":"info","timestamp":"2025-08-17 16:47:10.827","message":"MySQL connection test passed"}
{"level":"info","timestamp":"2025-08-17 16:47:10.827","message":"Testing Redis connection..."}
{"level":"info","timestamp":"2025-08-17 16:47:10.833","message":"Redis connection test passed"}
{"level":"info","timestamp":"2025-08-17 16:47:10.833","message":"Testing Jaeger connection..."}
{"level":"info","timestamp":"2025-08-17 16:47:10.833","message":"Jaeger connection test passed"}
{"level":"info","timestamp":"2025-08-17 16:47:10.833","message":"All service connections validated successfully"}
{"level":"info","timestamp":"2025-08-17 16:47:10.932","message":"Start to listening the incoming requests","protocol":"kratos"}
{"level":"info","timestamp":"2025-08-17 16:47:10.933","message":"","ts":"2025-08-17T16:47:10+08:00","caller":"http/server.go:330","service.id":"costalongdeMacBook-Pro.local","service.name":"apiserver","service.version":"v0.0.0-master+$Format:%h$","msg":"[HTTP] server listening on: [::]:8080"}
{"level":"info","timestamp":"2025-08-17 16:47:10.933","message":"","ts":"2025-08-17T16:47:10+08:00","caller":"grpc/server.go:220","service.id":"costalongdeMacBook-Pro.local","service.name":"apiserver","service.version":"v0.0.0-master+$Format:%h$","msg":"[gRPC] server listening on: [::]:9090"}
{"level":"error","timestamp":"2025-08-17 16:47:26.155","message":"GetUser","err":"test code error"}
{"level":"info","timestamp":"2025-08-17 16:47:26.165","message":"","kind":"server","component":"http","operation":"/apiserver.v1.ApiServer/GetUser","args":"id:\"1\"","code":0,"reason":"","stack":"","latency":0.010162459}
{"level":"error","timestamp":"2025-08-17 17:07:45.882","message":"GetUser","err":"test code error"}
{"level":"info","timestamp":"2025-08-17 17:07:45.898","message":"","kind":"server","component":"http","operation":"/apiserver.v1.ApiServer/GetUser","args":"id:\"1\"","code":0,"reason":"","stack":"","latency":0.015001875}
{"level":"info","timestamp":"2025-08-17 17:22:28.919","caller":"log/log.go:190","message":"Starting application","name":"apiserver","version":"{\"gitVersion\":\"v0.0.0-master+$Format:%h$\",\"gitCommit\":\"$Format:%H$\",\"gitTreeState\":\"\",\"buildDate\":\"1970-01-01T00:00:00Z\",\"goVersion\":\"go1.25rc2\",\"compiler\":\"gc\",\"platform\":\"darwin/arm64\"}"}
{"level":"info","timestamp":"2025-08-17 17:22:28.920","caller":"log/log.go:190","message":"Golang settings","GOGC":"","GOMAXPROCS":"","GOTRACEBACK":""}
{"level":"info","timestamp":"2025-08-17 17:22:28.921","caller":"log/log.go:190","message":"Connection pool metrics collection is enabled through dependency injection"}
{"level":"info","timestamp":"2025-08-17 17:22:28.921","caller":"log/log.go:190","message":"Metrics will be automatically collected by the PoolMonitor when database connections are established"}
{"level":"info","timestamp":"2025-08-17 17:22:28.921","caller":"log/log.go:190","message":"Database pool monitoring enabled","slow_query_threshold":1000,"collect_interval":30000}
{"level":"info","timestamp":"2025-08-17 17:22:28.921","caller":"log/log.go:190","message":"Redis pool monitoring enabled","collect_interval":30000}
{"level":"info","timestamp":"2025-08-17 17:22:28.923","message":"Logger initialized","level":"info","format":"json"}
{"level":"info","timestamp":"2025-08-17 17:22:28.923","message":"Validating service connections before startup..."}
{"level":"info","timestamp":"2025-08-17 17:22:28.923","message":"Testing MySQL connection..."}
{"level":"info","timestamp":"2025-08-17 17:22:28.937","message":"MySQL connection test passed"}
{"level":"info","timestamp":"2025-08-17 17:22:28.937","message":"Testing Redis connection..."}
{"level":"info","timestamp":"2025-08-17 17:22:28.949","message":"Redis connection test passed"}
{"level":"info","timestamp":"2025-08-17 17:22:28.949","message":"Testing Jaeger connection..."}
{"level":"info","timestamp":"2025-08-17 17:22:28.949","message":"Jaeger connection test passed"}
{"level":"info","timestamp":"2025-08-17 17:22:28.949","message":"All service connections validated successfully"}
{"level":"info","timestamp":"2025-08-17 17:22:29.120","message":"Start to listening the incoming requests","protocol":"kratos"}
{"level":"fatal","timestamp":"2025-08-17 17:22:29.120","message":"Failed to serve kratos application","err":"listen tcp 0.0.0.0:9090: bind: address already in use","stacktrace":"github.com/costa92/go-protoc/v2/pkg/log.Fatalw\n\t/Users/costalong/code/go/src/github.com/costa92/go-protoc/pkg/log/log.go:198\ngithub.com/costa92/go-protoc/v2/pkg/server.(*KratosServer).RunOrDie\n\t/Users/costalong/code/go/src/github.com/costa92/go-protoc/pkg/server/kratos_server.go:49"}
{"level":"info","timestamp":"2025-08-17 17:22:37.571","message":"","ts":"2025-08-17T17:22:37+08:00","caller":"http/server.go:345","service.id":"costalongdeMacBook-Pro.local","service.name":"apiserver","service.version":"v0.0.0-master+$Format:%h$","msg":"[HTTP] server stopping"}
{"level":"info","timestamp":"2025-08-17 17:22:37.571","message":"Shutting down server..."}
{"level":"info","timestamp":"2025-08-17 17:22:37.573","message":"Gracefully stop kratos application"}
{"level":"info","timestamp":"2025-08-17 17:22:37.573","message":"Server exited successfully."}
{"level":"info","timestamp":"2025-08-17 17:22:37.573","message":"","ts":"2025-08-17T17:22:37+08:00","caller":"grpc/server.go:232","service.id":"costalongdeMacBook-Pro.local","service.name":"apiserver","service.version":"v0.0.0-master+$Format:%h$","msg":"[gRPC] server stopping"}
{"level":"info","timestamp":"2025-08-17 17:22:50.051","caller":"log/log.go:190","message":"Starting application","name":"apiserver","version":"{\"gitVersion\":\"v0.0.0-master+$Format:%h$\",\"gitCommit\":\"$Format:%H$\",\"gitTreeState\":\"\",\"buildDate\":\"1970-01-01T00:00:00Z\",\"goVersion\":\"go1.25rc2\",\"compiler\":\"gc\",\"platform\":\"darwin/arm64\"}"}
{"level":"info","timestamp":"2025-08-17 17:22:50.051","caller":"log/log.go:190","message":"Golang settings","GOGC":"","GOMAXPROCS":"","GOTRACEBACK":""}
{"level":"info","timestamp":"2025-08-17 17:22:50.052","caller":"log/log.go:190","message":"Connection pool metrics collection is enabled through dependency injection"}
{"level":"info","timestamp":"2025-08-17 17:22:50.052","caller":"log/log.go:190","message":"Metrics will be automatically collected by the PoolMonitor when database connections are established"}
{"level":"info","timestamp":"2025-08-17 17:22:50.052","caller":"log/log.go:190","message":"Database pool monitoring enabled","slow_query_threshold":1000,"collect_interval":30000}
{"level":"info","timestamp":"2025-08-17 17:22:50.052","caller":"log/log.go:190","message":"Redis pool monitoring enabled","collect_interval":30000}
{"level":"info","timestamp":"2025-08-17 17:22:50.052","message":"Logger initialized","level":"info","format":"json"}
{"level":"info","timestamp":"2025-08-17 17:22:50.052","message":"Validating service connections before startup..."}
{"level":"info","timestamp":"2025-08-17 17:22:50.052","message":"Testing MySQL connection..."}
{"level":"info","timestamp":"2025-08-17 17:22:50.055","message":"MySQL connection test passed"}
{"level":"info","timestamp":"2025-08-17 17:22:50.055","message":"Testing Redis connection..."}
{"level":"info","timestamp":"2025-08-17 17:22:50.058","message":"Redis connection test passed"}
{"level":"info","timestamp":"2025-08-17 17:22:50.058","message":"Testing Jaeger connection..."}
{"level":"info","timestamp":"2025-08-17 17:22:50.058","message":"Jaeger connection test passed"}
{"level":"info","timestamp":"2025-08-17 17:22:50.059","message":"All service connections validated successfully"}
{"level":"info","timestamp":"2025-08-17 17:22:50.171","message":"Start to listening the incoming requests","protocol":"kratos"}
{"level":"info","timestamp":"2025-08-17 17:22:50.171","message":"","ts":"2025-08-17T17:22:50+08:00","caller":"http/server.go:330","service.id":"costalongdeMacBook-Pro.local","service.name":"apiserver","service.version":"v0.0.0-master+$Format:%h$","msg":"[HTTP] server listening on: [::]:8080"}
{"level":"info","timestamp":"2025-08-17 17:22:50.171","message":"","ts":"2025-08-17T17:22:50+08:00","caller":"grpc/server.go:220","service.id":"costalongdeMacBook-Pro.local","service.name":"apiserver","service.version":"v0.0.0-master+$Format:%h$","msg":"[gRPC] server listening on: [::]:9090"}
{"level":"error","timestamp":"2025-08-17 17:23:02.748","message":"GetUser","err":"test code error"}
{"level":"info","timestamp":"2025-08-17 17:23:02.774","message":"","kind":"server","component":"http","operation":"/apiserver.v1.ApiServer/GetUser","args":"id:\"1\"","code":0,"reason":"","stack":"","latency":0.0252365}
{"level":"info","timestamp":"2025-08-17 17:25:42.141","caller":"log/log.go:190","message":"Starting application","name":"apiserver","version":"{\"gitVersion\":\"v0.0.0-master+$Format:%h$\",\"gitCommit\":\"$Format:%H$\",\"gitTreeState\":\"\",\"buildDate\":\"1970-01-01T00:00:00Z\",\"goVersion\":\"go1.25rc2\",\"compiler\":\"gc\",\"platform\":\"darwin/arm64\"}"}
{"level":"info","timestamp":"2025-08-17 17:25:42.144","caller":"log/log.go:190","message":"Golang settings","GOGC":"","GOMAXPROCS":"","GOTRACEBACK":""}
{"level":"info","timestamp":"2025-08-17 17:25:42.144","caller":"log/log.go:190","message":"Connection pool metrics collection is enabled through dependency injection"}
{"level":"info","timestamp":"2025-08-17 17:25:42.144","caller":"log/log.go:190","message":"Metrics will be automatically collected by the PoolMonitor when database connections are established"}
{"level":"info","timestamp":"2025-08-17 17:25:42.144","caller":"log/log.go:190","message":"Database pool monitoring enabled","slow_query_threshold":1000,"collect_interval":30000}
{"level":"info","timestamp":"2025-08-17 17:25:42.144","caller":"log/log.go:190","message":"Redis pool monitoring enabled","collect_interval":30000}
{"level":"info","timestamp":"2025-08-17 17:25:42.145","message":"Logger initialized","level":"info","format":"json"}
{"level":"info","timestamp":"2025-08-17 17:25:42.148","message":"Validating service connections before startup..."}
{"level":"info","timestamp":"2025-08-17 17:25:42.148","message":"Testing MySQL connection..."}
{"level":"info","timestamp":"2025-08-17 17:25:42.154","message":"MySQL connection test passed"}
{"level":"info","timestamp":"2025-08-17 17:25:42.154","message":"Testing Redis connection..."}
{"level":"info","timestamp":"2025-08-17 17:25:42.166","message":"Redis connection test passed"}
{"level":"info","timestamp":"2025-08-17 17:25:42.166","message":"Testing Jaeger connection..."}
{"level":"info","timestamp":"2025-08-17 17:25:42.166","message":"Jaeger connection test passed"}
{"level":"info","timestamp":"2025-08-17 17:25:42.166","message":"All service connections validated successfully"}
{"level":"info","timestamp":"2025-08-17 17:25:42.274","message":"Start to listening the incoming requests","protocol":"kratos"}
{"level":"info","timestamp":"2025-08-17 17:25:42.275","message":"","ts":"2025-08-17T17:25:42+08:00","caller":"http/server.go:330","service.id":"costalongdeMacBook-Pro.local","service.name":"apiserver","service.version":"v0.0.0-master+$Format:%h$","msg":"[HTTP] server listening on: [::]:8080"}
{"level":"info","timestamp":"2025-08-17 17:25:42.275","message":"","ts":"2025-08-17T17:25:42+08:00","caller":"grpc/server.go:220","service.id":"costalongdeMacBook-Pro.local","service.name":"apiserver","service.version":"v0.0.0-master+$Format:%h$","msg":"[gRPC] server listening on: [::]:9090"}
{"level":"error","timestamp":"2025-08-17 17:25:46.598","message":"GetUser","err":"test code error"}
{"level":"info","timestamp":"2025-08-17 17:30:06.145","message":"Shutting down server..."}
{"level":"info","timestamp":"2025-08-17 17:30:06.146","message":"","ts":"2025-08-17T17:30:06+08:00","caller":"http/server.go:345","service.id":"costalongdeMacBook-Pro.local","service.name":"apiserver","service.version":"v0.0.0-master+$Format:%h$","msg":"[HTTP] server stopping"}
{"level":"info","timestamp":"2025-08-17 17:30:06.146","message":"","ts":"2025-08-17T17:30:06+08:00","caller":"grpc/server.go:232","service.id":"costalongdeMacBook-Pro.local","service.name":"apiserver","service.version":"v0.0.0-master+$Format:%h$","msg":"[gRPC] server stopping"}
{"level":"info","timestamp":"2025-08-17 17:30:06.147","message":"Gracefully stop kratos application"}
{"level":"info","timestamp":"2025-08-17 17:30:06.148","message":"Server exited successfully."}
{"level":"info","timestamp":"2025-08-17 17:30:09.148","caller":"log/log.go:190","message":"Starting application","name":"apiserver","version":"{\"gitVersion\":\"v0.0.0-master+$Format:%h$\",\"gitCommit\":\"$Format:%H$\",\"gitTreeState\":\"\",\"buildDate\":\"1970-01-01T00:00:00Z\",\"goVersion\":\"go1.25rc2\",\"compiler\":\"gc\",\"platform\":\"darwin/arm64\"}"}
{"level":"info","timestamp":"2025-08-17 17:30:09.148","caller":"log/log.go:190","message":"Golang settings","GOGC":"","GOMAXPROCS":"","GOTRACEBACK":""}
{"level":"info","timestamp":"2025-08-17 17:30:09.148","caller":"log/log.go:190","message":"Connection pool metrics collection is enabled through dependency injection"}
{"level":"info","timestamp":"2025-08-17 17:30:09.148","caller":"log/log.go:190","message":"Metrics will be automatically collected by the PoolMonitor when database connections are established"}
{"level":"info","timestamp":"2025-08-17 17:30:09.148","caller":"log/log.go:190","message":"Database pool monitoring enabled","slow_query_threshold":1000,"collect_interval":30000}
{"level":"info","timestamp":"2025-08-17 17:30:09.148","caller":"log/log.go:190","message":"Redis pool monitoring enabled","collect_interval":30000}
{"level":"info","timestamp":"2025-08-17 17:30:09.149","message":"Logger initialized","level":"info","format":"json"}
{"level":"info","timestamp":"2025-08-17 17:30:09.149","message":"Validating service connections before startup..."}
{"level":"info","timestamp":"2025-08-17 17:30:09.149","message":"Testing MySQL connection..."}
{"level":"info","timestamp":"2025-08-17 17:30:09.154","message":"MySQL connection test passed"}
{"level":"info","timestamp":"2025-08-17 17:30:09.154","message":"Testing Redis connection..."}
{"level":"info","timestamp":"2025-08-17 17:30:09.158","message":"Redis connection test passed"}
{"level":"info","timestamp":"2025-08-17 17:30:09.158","message":"Testing Jaeger connection..."}
{"level":"info","timestamp":"2025-08-17 17:30:09.158","message":"Jaeger connection test passed"}
{"level":"info","timestamp":"2025-08-17 17:30:09.158","message":"All service connections validated successfully"}
{"level":"info","timestamp":"2025-08-17 17:30:09.251","message":"Start to listening the incoming requests","protocol":"kratos"}
{"level":"info","timestamp":"2025-08-17 17:30:09.251","message":"","ts":"2025-08-17T17:30:09+08:00","caller":"http/server.go:330","service.id":"costalongdeMacBook-Pro.local","service.name":"apiserver","service.version":"v0.0.0-master+$Format:%h$","msg":"[HTTP] server listening on: [::]:8080"}
{"level":"info","timestamp":"2025-08-17 17:30:09.252","message":"","ts":"2025-08-17T17:30:09+08:00","caller":"grpc/server.go:220","service.id":"costalongdeMacBook-Pro.local","service.name":"apiserver","service.version":"v0.0.0-master+$Format:%h$","msg":"[gRPC] server listening on: [::]:9090"}
{"level":"info","timestamp":"2025-08-17 17:32:59.707","message":"Shutting down server..."}
{"level":"info","timestamp":"2025-08-17 17:32:59.707","message":"","ts":"2025-08-17T17:32:59+08:00","caller":"http/server.go:345","service.id":"costalongdeMacBook-Pro.local","service.name":"apiserver","service.version":"v0.0.0-master+$Format:%h$","msg":"[HTTP] server stopping"}
{"level":"info","timestamp":"2025-08-17 17:32:59.708","message":"Gracefully stop kratos application"}
{"level":"info","timestamp":"2025-08-17 17:32:59.708","message":"Server exited successfully."}
{"level":"info","timestamp":"2025-08-17 17:33:01.187","caller":"log/log.go:190","message":"Starting application","name":"apiserver","version":"{\"gitVersion\":\"v0.0.0-master+$Format:%h$\",\"gitCommit\":\"$Format:%H$\",\"gitTreeState\":\"\",\"buildDate\":\"1970-01-01T00:00:00Z\",\"goVersion\":\"go1.25rc2\",\"compiler\":\"gc\",\"platform\":\"darwin/arm64\"}"}
{"level":"info","timestamp":"2025-08-17 17:33:01.187","caller":"log/log.go:190","message":"Golang settings","GOGC":"","GOMAXPROCS":"","GOTRACEBACK":""}
{"level":"info","timestamp":"2025-08-17 17:33:01.188","caller":"log/log.go:190","message":"Connection pool metrics collection is enabled through dependency injection"}
{"level":"info","timestamp":"2025-08-17 17:33:01.188","caller":"log/log.go:190","message":"Metrics will be automatically collected by the PoolMonitor when database connections are established"}
{"level":"info","timestamp":"2025-08-17 17:33:01.188","caller":"log/log.go:190","message":"Database pool monitoring enabled","slow_query_threshold":1000,"collect_interval":30000}
{"level":"info","timestamp":"2025-08-17 17:33:01.188","caller":"log/log.go:190","message":"Redis pool monitoring enabled","collect_interval":30000}
{"level":"info","timestamp":"2025-08-17 17:33:01.188","message":"Logger initialized","level":"info","format":"json"}
{"level":"info","timestamp":"2025-08-17 17:33:01.188","message":"Validating service connections before startup..."}
{"level":"info","timestamp":"2025-08-17 17:33:01.188","message":"Testing MySQL connection..."}
{"level":"info","timestamp":"2025-08-17 17:33:01.194","message":"MySQL connection test passed"}
{"level":"info","timestamp":"2025-08-17 17:33:01.194","message":"Testing Redis connection..."}
{"level":"info","timestamp":"2025-08-17 17:33:01.196","message":"Redis connection test passed"}
{"level":"info","timestamp":"2025-08-17 17:33:01.196","message":"Testing Jaeger connection..."}
{"level":"info","timestamp":"2025-08-17 17:33:01.196","message":"Jaeger connection test passed"}
{"level":"info","timestamp":"2025-08-17 17:33:01.196","message":"All service connections validated successfully"}
{"level":"info","timestamp":"2025-08-17 17:33:01.292","message":"Start to listening the incoming requests","protocol":"kratos"}
{"level":"info","timestamp":"2025-08-17 17:33:01.292","message":"","ts":"2025-08-17T17:33:01+08:00","caller":"http/server.go:330","service.id":"costalongdeMacBook-Pro.local","service.name":"apiserver","service.version":"v0.0.0-master+$Format:%h$","msg":"[HTTP] server listening on: [::]:8080"}
{"level":"info","timestamp":"2025-08-17 17:33:01.292","message":"","ts":"2025-08-17T17:33:01+08:00","caller":"grpc/server.go:220","service.id":"costalongdeMacBook-Pro.local","service.name":"apiserver","service.version":"v0.0.0-master+$Format:%h$","msg":"[gRPC] server listening on: [::]:9090"}
{"level":"info","timestamp":"2025-08-17 17:33:30.343","message":"Shutting down server..."}
{"level":"info","timestamp":"2025-08-17 17:33:30.343","message":"","ts":"2025-08-17T17:33:30+08:00","caller":"http/server.go:345","service.id":"costalongdeMacBook-Pro.local","service.name":"apiserver","service.version":"v0.0.0-master+$Format:%h$","msg":"[HTTP] server stopping"}
{"level":"info","timestamp":"2025-08-17 17:33:30.343","message":"Gracefully stop kratos application"}
{"level":"info","timestamp":"2025-08-17 17:33:30.343","message":"Server exited successfully."}
{"level":"info","timestamp":"2025-08-17 17:35:40.218","caller":"log/log.go:190","message":"Starting application","name":"apiserver","version":"{\"gitVersion\":\"v0.0.0-master+$Format:%h$\",\"gitCommit\":\"$Format:%H$\",\"gitTreeState\":\"\",\"buildDate\":\"1970-01-01T00:00:00Z\",\"goVersion\":\"go1.25rc2\",\"compiler\":\"gc\",\"platform\":\"darwin/arm64\"}"}
{"level":"info","timestamp":"2025-08-17 17:35:40.218","caller":"log/log.go:190","message":"Golang settings","GOGC":"","GOMAXPROCS":"","GOTRACEBACK":""}
{"level":"info","timestamp":"2025-08-17 17:35:40.219","caller":"log/log.go:190","message":"Connection pool metrics collection is enabled through dependency injection"}
{"level":"info","timestamp":"2025-08-17 17:35:40.219","caller":"log/log.go:190","message":"Metrics will be automatically collected by the PoolMonitor when database connections are established"}
{"level":"info","timestamp":"2025-08-17 17:35:40.220","caller":"log/log.go:190","message":"Database pool monitoring enabled","slow_query_threshold":1000,"collect_interval":30000}
{"level":"info","timestamp":"2025-08-17 17:35:40.220","caller":"log/log.go:190","message":"Redis pool monitoring enabled","collect_interval":30000}
{"level":"info","timestamp":"2025-08-17 17:35:40.220","message":"Logger initialized","level":"info","format":"json"}
{"level":"info","timestamp":"2025-08-17 17:35:40.220","message":"Validating service connections before startup..."}
{"level":"info","timestamp":"2025-08-17 17:35:40.220","message":"Testing MySQL connection..."}
{"level":"info","timestamp":"2025-08-17 17:35:40.228","message":"MySQL connection test passed"}
{"level":"info","timestamp":"2025-08-17 17:35:40.228","message":"Testing Redis connection..."}
{"level":"info","timestamp":"2025-08-17 17:35:40.232","message":"Redis connection test passed"}
{"level":"info","timestamp":"2025-08-17 17:35:40.232","message":"Testing Jaeger connection..."}
{"level":"info","timestamp":"2025-08-17 17:35:40.232","message":"Jaeger connection test passed"}
{"level":"info","timestamp":"2025-08-17 17:35:40.232","message":"All service connections validated successfully"}
{"level":"info","timestamp":"2025-08-17 17:35:40.328","message":"Start to listening the incoming requests","protocol":"kratos"}
{"level":"info","timestamp":"2025-08-17 17:35:40.329","message":"","ts":"2025-08-17T17:35:40+08:00","caller":"http/server.go:330","service.id":"costalongdeMacBook-Pro.local","service.name":"apiserver","service.version":"v0.0.0-master+$Format:%h$","msg":"[HTTP] server listening on: [::]:8080"}
{"level":"info","timestamp":"2025-08-17 17:35:40.329","message":"","ts":"2025-08-17T17:35:40+08:00","caller":"grpc/server.go:220","service.id":"costalongdeMacBook-Pro.local","service.name":"apiserver","service.version":"v0.0.0-master+$Format:%h$","msg":"[gRPC] server listening on: [::]:9090"}
{"level":"error","timestamp":"2025-08-17 17:35:59.859","message":"GetUser","err":"test code error"}
{"level":"info","timestamp":"2025-08-17 17:35:59.882","message":"","kind":"server","component":"http","operation":"/apiserver.v1.ApiServer/GetUser","args":"id:\"1\"","code":0,"reason":"","stack":"","latency":0.023393417}
{"level":"error","timestamp":"2025-08-17 17:37:03.763","message":"GetUser","err":"test code error"}
{"level":"info","timestamp":"2025-08-17 17:37:03.785","message":"","kind":"server","component":"http","operation":"/apiserver.v1.ApiServer/GetUser","args":"id:\"1\"","code":0,"reason":"","stack":"","latency":0.021381625}
{"level":"info","timestamp":"2025-08-17 17:40:48.678","caller":"log/log.go:190","message":"Starting application","name":"apiserver","version":"{\"gitVersion\":\"v0.0.0-master+$Format:%h$\",\"gitCommit\":\"$Format:%H$\",\"gitTreeState\":\"\",\"buildDate\":\"1970-01-01T00:00:00Z\",\"goVersion\":\"go1.25rc2\",\"compiler\":\"gc\",\"platform\":\"darwin/arm64\"}"}
{"level":"info","timestamp":"2025-08-17 17:40:48.678","caller":"log/log.go:190","message":"Golang settings","GOGC":"","GOMAXPROCS":"","GOTRACEBACK":""}
{"level":"info","timestamp":"2025-08-17 17:40:48.679","caller":"log/log.go:190","message":"Connection pool metrics collection is enabled through dependency injection"}
{"level":"info","timestamp":"2025-08-17 17:40:48.679","caller":"log/log.go:190","message":"Metrics will be automatically collected by the PoolMonitor when database connections are established"}
{"level":"info","timestamp":"2025-08-17 17:40:48.679","caller":"log/log.go:190","message":"Database pool monitoring enabled","slow_query_threshold":1000,"collect_interval":30000}
{"level":"info","timestamp":"2025-08-17 17:40:48.679","caller":"log/log.go:190","message":"Redis pool monitoring enabled","collect_interval":30000}
{"level":"info","timestamp":"2025-08-17 17:40:48.679","message":"Logger initialized","level":"info","format":"json"}
{"level":"info","timestamp":"2025-08-17 17:40:48.679","message":"Validating service connections before startup..."}
{"level":"info","timestamp":"2025-08-17 17:40:48.679","message":"Testing MySQL connection..."}
{"level":"info","timestamp":"2025-08-17 17:40:48.686","message":"MySQL connection test passed"}
{"level":"info","timestamp":"2025-08-17 17:40:48.686","message":"Testing Redis connection..."}
{"level":"info","timestamp":"2025-08-17 17:40:48.690","message":"Redis connection test passed"}
{"level":"info","timestamp":"2025-08-17 17:40:48.690","message":"Testing Jaeger connection..."}
{"level":"info","timestamp":"2025-08-17 17:40:48.690","message":"Jaeger connection test passed"}
{"level":"info","timestamp":"2025-08-17 17:40:48.690","message":"All service connections validated successfully"}
{"level":"info","timestamp":"2025-08-17 17:40:48.788","message":"Start to listening the incoming requests","protocol":"kratos"}
{"level":"fatal","timestamp":"2025-08-17 17:40:48.788","message":"Failed to serve kratos application","err":"listen tcp 0.0.0.0:9090: bind: address already in use","stacktrace":"github.com/costa92/go-protoc/v2/pkg/log.Fatalw\n\t/Users/costalong/code/go/src/github.com/costa92/go-protoc/pkg/log/log.go:198\ngithub.com/costa92/go-protoc/v2/pkg/server.(*KratosServer).RunOrDie\n\t/Users/costalong/code/go/src/github.com/costa92/go-protoc/pkg/server/kratos_server.go:49"}
{"level":"info","timestamp":"2025-08-17 17:41:21.311","caller":"log/log.go:190","message":"Starting application","name":"apiserver","version":"{\"gitVersion\":\"v0.0.0-master+$Format:%h$\",\"gitCommit\":\"$Format:%H$\",\"gitTreeState\":\"\",\"buildDate\":\"1970-01-01T00:00:00Z\",\"goVersion\":\"go1.25rc2\",\"compiler\":\"gc\",\"platform\":\"darwin/arm64\"}"}
{"level":"info","timestamp":"2025-08-17 17:41:21.312","caller":"log/log.go:190","message":"Golang settings","GOGC":"","GOMAXPROCS":"","GOTRACEBACK":""}
{"level":"info","timestamp":"2025-08-17 17:41:21.313","caller":"log/log.go:190","message":"Connection pool metrics collection is enabled through dependency injection"}
{"level":"info","timestamp":"2025-08-17 17:41:21.313","caller":"log/log.go:190","message":"Metrics will be automatically collected by the PoolMonitor when database connections are established"}
{"level":"info","timestamp":"2025-08-17 17:41:21.313","caller":"log/log.go:190","message":"Database pool monitoring enabled","slow_query_threshold":1000,"collect_interval":30000}
{"level":"info","timestamp":"2025-08-17 17:41:21.313","caller":"log/log.go:190","message":"Redis pool monitoring enabled","collect_interval":30000}
{"level":"info","timestamp":"2025-08-17 17:41:21.313","message":"Logger initialized","level":"info","format":"json"}
{"level":"info","timestamp":"2025-08-17 17:41:21.313","message":"Validating service connections before startup..."}
{"level":"info","timestamp":"2025-08-17 17:41:21.313","message":"Testing MySQL connection..."}
{"level":"info","timestamp":"2025-08-17 17:41:21.326","message":"MySQL connection test passed"}
{"level":"info","timestamp":"2025-08-17 17:41:21.326","message":"Testing Redis connection..."}
{"level":"info","timestamp":"2025-08-17 17:41:21.329","message":"Redis connection test passed"}
{"level":"info","timestamp":"2025-08-17 17:41:21.329","message":"Testing Jaeger connection..."}
{"level":"info","timestamp":"2025-08-17 17:41:21.329","message":"Jaeger connection test passed"}
{"level":"info","timestamp":"2025-08-17 17:41:21.329","message":"All service connections validated successfully"}
{"level":"info","timestamp":"2025-08-17 17:41:21.433","message":"Start to listening the incoming requests","protocol":"kratos"}
{"level":"info","timestamp":"2025-08-17 17:41:21.433","message":"","ts":"2025-08-17T17:41:21+08:00","caller":"http/server.go:330","service.id":"costalongdeMacBook-Pro.local","service.name":"apiserver","service.version":"v0.0.0-master+$Format:%h$","msg":"[HTTP] server listening on: [::]:8080"}
{"level":"info","timestamp":"2025-08-17 17:41:21.433","message":"","ts":"2025-08-17T17:41:21+08:00","caller":"grpc/server.go:220","service.id":"costalongdeMacBook-Pro.local","service.name":"apiserver","service.version":"v0.0.0-master+$Format:%h$","msg":"[gRPC] server listening on: [::]:9090"}
{"level":"error","timestamp":"2025-08-17 17:41:23.542","message":"GetUser","err":"test code error"}
{"level":"error","timestamp":"2025-08-17 17:41:33.608","message":"GetUser","err":"test code error"}
{"level":"info","timestamp":"2025-08-17 17:41:33.619","message":"","kind":"server","component":"http","operation":"/apiserver.v1.ApiServer/GetUser","args":"id:\"1\"","code":0,"reason":"","stack":"","latency":0.011108667}
{"level":"info","timestamp":"2025-08-17 17:42:31.406","message":"Shutting down server..."}
{"level":"info","timestamp":"2025-08-17 17:42:31.406","message":"","ts":"2025-08-17T17:42:31+08:00","caller":"http/server.go:345","service.id":"costalongdeMacBook-Pro.local","service.name":"apiserver","service.version":"v0.0.0-master+$Format:%h$","msg":"[HTTP] server stopping"}
{"level":"info","timestamp":"2025-08-17 17:42:31.406","message":"Gracefully stop kratos application"}
{"level":"info","timestamp":"2025-08-17 17:42:31.406","message":"","ts":"2025-08-17T17:42:31+08:00","caller":"grpc/server.go:232","service.id":"costalongdeMacBook-Pro.local","service.name":"apiserver","service.version":"v0.0.0-master+$Format:%h$","msg":"[gRPC] server stopping"}
{"level":"info","timestamp":"2025-08-17 17:42:31.406","message":"Server exited successfully."}
{"level":"info","timestamp":"2025-08-17 17:42:42.237","caller":"log/log.go:190","message":"Starting application","name":"apiserver","version":"{\"gitVersion\":\"v0.0.0-master+$Format:%h$\",\"gitCommit\":\"$Format:%H$\",\"gitTreeState\":\"\",\"buildDate\":\"1970-01-01T00:00:00Z\",\"goVersion\":\"go1.25rc2\",\"compiler\":\"gc\",\"platform\":\"darwin/arm64\"}"}
{"level":"info","timestamp":"2025-08-17 17:42:42.237","caller":"log/log.go:190","message":"Golang settings","GOGC":"","GOMAXPROCS":"","GOTRACEBACK":""}
{"level":"info","timestamp":"2025-08-17 17:42:42.238","caller":"log/log.go:190","message":"Connection pool metrics collection is enabled through dependency injection"}
{"level":"info","timestamp":"2025-08-17 17:42:42.238","caller":"log/log.go:190","message":"Metrics will be automatically collected by the PoolMonitor when database connections are established"}
{"level":"info","timestamp":"2025-08-17 17:42:42.238","caller":"log/log.go:190","message":"Database pool monitoring enabled","slow_query_threshold":1000,"collect_interval":30000}
{"level":"info","timestamp":"2025-08-17 17:42:42.238","caller":"log/log.go:190","message":"Redis pool monitoring enabled","collect_interval":30000}
{"level":"info","timestamp":"2025-08-17 17:42:42.238","message":"Logger initialized","level":"info","format":"json"}
{"level":"info","timestamp":"2025-08-17 17:42:42.238","message":"Validating service connections before startup..."}
{"level":"info","timestamp":"2025-08-17 17:42:42.238","message":"Testing MySQL connection..."}
{"level":"info","timestamp":"2025-08-17 17:42:42.244","message":"MySQL connection test passed"}
{"level":"info","timestamp":"2025-08-17 17:42:42.244","message":"Testing Redis connection..."}
{"level":"info","timestamp":"2025-08-17 17:42:42.248","message":"Redis connection test passed"}
{"level":"info","timestamp":"2025-08-17 17:42:42.248","message":"Testing Jaeger connection..."}
{"level":"info","timestamp":"2025-08-17 17:42:42.248","message":"Jaeger connection test passed"}
{"level":"info","timestamp":"2025-08-17 17:42:42.248","message":"All service connections validated successfully"}
{"level":"info","timestamp":"2025-08-17 17:42:42.345","message":"Start to listening the incoming requests","protocol":"kratos"}
{"level":"info","timestamp":"2025-08-17 17:42:42.346","message":"","ts":"2025-08-17T17:42:42+08:00","caller":"http/server.go:330","service.id":"costalongdeMacBook-Pro.local","service.name":"apiserver","service.version":"v0.0.0-master+$Format:%h$","msg":"[HTTP] server listening on: [::]:8080"}
{"level":"info","timestamp":"2025-08-17 17:42:42.346","message":"","ts":"2025-08-17T17:42:42+08:00","caller":"grpc/server.go:220","service.id":"costalongdeMacBook-Pro.local","service.name":"apiserver","service.version":"v0.0.0-master+$Format:%h$","msg":"[gRPC] server listening on: [::]:9090"}
{"level":"error","timestamp":"2025-08-17 17:46:11.870","message":"GetUser","err":"test code error"}
{"level":"info","timestamp":"2025-08-17 17:46:11.885","message":"","kind":"server","component":"http","operation":"/apiserver.v1.ApiServer/GetUser","args":"id:\"1\"","code":0,"reason":"","stack":"","latency":0.015047042}
{"level":"info","timestamp":"2025-08-17 17:46:28.557","caller":"log/log.go:190","message":"Starting application","name":"apiserver","version":"{\"gitVersion\":\"v0.0.0-master+$Format:%h$\",\"gitCommit\":\"$Format:%H$\",\"gitTreeState\":\"\",\"buildDate\":\"1970-01-01T00:00:00Z\",\"goVersion\":\"go1.25rc2\",\"compiler\":\"gc\",\"platform\":\"darwin/arm64\"}"}
{"level":"info","timestamp":"2025-08-17 17:46:28.557","caller":"log/log.go:190","message":"Golang settings","GOGC":"","GOMAXPROCS":"","GOTRACEBACK":""}
{"level":"info","timestamp":"2025-08-17 17:46:28.558","caller":"log/log.go:190","message":"Connection pool metrics collection is enabled through dependency injection"}
{"level":"info","timestamp":"2025-08-17 17:46:28.558","caller":"log/log.go:190","message":"Metrics will be automatically collected by the PoolMonitor when database connections are established"}
{"level":"info","timestamp":"2025-08-17 17:46:28.558","caller":"log/log.go:190","message":"Database pool monitoring enabled","slow_query_threshold":1000,"collect_interval":30000}
{"level":"info","timestamp":"2025-08-17 17:46:28.558","caller":"log/log.go:190","message":"Redis pool monitoring enabled","collect_interval":30000}
{"level":"info","timestamp":"2025-08-17 17:46:28.558","message":"Logger initialized","level":"info","format":"json"}
{"level":"info","timestamp":"2025-08-17 17:46:28.558","message":"Validating service connections before startup..."}
{"level":"info","timestamp":"2025-08-17 17:46:28.558","message":"Testing MySQL connection..."}
{"level":"info","timestamp":"2025-08-17 17:46:28.562","message":"MySQL connection test passed"}
{"level":"info","timestamp":"2025-08-17 17:46:28.562","message":"Testing Redis connection..."}
{"level":"info","timestamp":"2025-08-17 17:46:28.566","message":"Redis connection test passed"}
{"level":"info","timestamp":"2025-08-17 17:46:28.567","message":"Testing Jaeger connection..."}
{"level":"info","timestamp":"2025-08-17 17:46:28.567","message":"Jaeger connection test passed"}
{"level":"info","timestamp":"2025-08-17 17:46:28.567","message":"All service connections validated successfully"}
{"level":"info","timestamp":"2025-08-17 17:46:28.667","message":"Start to listening the incoming requests","protocol":"kratos"}
{"level":"fatal","timestamp":"2025-08-17 17:46:28.668","message":"Failed to serve kratos application","err":"listen tcp 0.0.0.0:9090: bind: address already in use","stacktrace":"github.com/costa92/go-protoc/v2/pkg/log.Fatalw\n\t/Users/costalong/code/go/src/github.com/costa92/go-protoc/pkg/log/log.go:198\ngithub.com/costa92/go-protoc/v2/pkg/server.(*KratosServer).RunOrDie\n\t/Users/costalong/code/go/src/github.com/costa92/go-protoc/pkg/server/kratos_server.go:49"}
{"level":"error","timestamp":"2025-08-17 17:46:41.281","message":"GetUser","err":"test code error"}
{"level":"info","timestamp":"2025-08-17 17:46:52.073","message":"Shutting down server..."}
{"level":"info","timestamp":"2025-08-17 17:46:52.073","message":"Gracefully stop kratos application"}
{"level":"info","timestamp":"2025-08-17 17:46:52.073","message":"","ts":"2025-08-17T17:46:52+08:00","caller":"http/server.go:345","service.id":"costalongdeMacBook-Pro.local","service.name":"apiserver","service.version":"v0.0.0-master+$Format:%h$","msg":"[HTTP] server stopping"}
{"level":"info","timestamp":"2025-08-17 17:46:52.073","message":"Server exited successfully."}
{"level":"info","timestamp":"2025-08-17 17:47:09.744","caller":"log/log.go:190","message":"Starting application","name":"apiserver","version":"{\"gitVersion\":\"v0.0.0-master+$Format:%h$\",\"gitCommit\":\"$Format:%H$\",\"gitTreeState\":\"\",\"buildDate\":\"1970-01-01T00:00:00Z\",\"goVersion\":\"go1.25rc2\",\"compiler\":\"gc\",\"platform\":\"darwin/arm64\"}"}
{"level":"info","timestamp":"2025-08-17 17:47:09.744","caller":"log/log.go:190","message":"Golang settings","GOGC":"","GOMAXPROCS":"","GOTRACEBACK":""}
{"level":"info","timestamp":"2025-08-17 17:47:09.745","caller":"log/log.go:190","message":"Connection pool metrics collection is enabled through dependency injection"}
{"level":"info","timestamp":"2025-08-17 17:47:09.745","caller":"log/log.go:190","message":"Metrics will be automatically collected by the PoolMonitor when database connections are established"}
{"level":"info","timestamp":"2025-08-17 17:47:09.745","caller":"log/log.go:190","message":"Database pool monitoring enabled","slow_query_threshold":1000,"collect_interval":30000}
{"level":"info","timestamp":"2025-08-17 17:47:09.745","caller":"log/log.go:190","message":"Redis pool monitoring enabled","collect_interval":30000}
{"level":"info","timestamp":"2025-08-17 17:47:09.746","message":"Logger initialized","level":"info","format":"json"}
{"level":"info","timestamp":"2025-08-17 17:47:09.746","message":"Validating service connections before startup..."}
{"level":"info","timestamp":"2025-08-17 17:47:09.746","message":"Testing MySQL connection..."}
{"level":"info","timestamp":"2025-08-17 17:47:09.751","message":"MySQL connection test passed"}
{"level":"info","timestamp":"2025-08-17 17:47:09.751","message":"Testing Redis connection..."}
{"level":"info","timestamp":"2025-08-17 17:47:09.754","message":"Redis connection test passed"}
{"level":"info","timestamp":"2025-08-17 17:47:09.754","message":"Testing Jaeger connection..."}
{"level":"info","timestamp":"2025-08-17 17:47:09.754","message":"Jaeger connection test passed"}
{"level":"info","timestamp":"2025-08-17 17:47:09.754","message":"All service connections validated successfully"}
{"level":"info","timestamp":"2025-08-17 17:47:09.860","message":"Start to listening the incoming requests","protocol":"kratos"}
{"level":"info","timestamp":"2025-08-17 17:47:09.861","message":"","ts":"2025-08-17T17:47:09+08:00","caller":"http/server.go:330","service.id":"costalongdeMacBook-Pro.local","service.name":"apiserver","service.version":"v0.0.0-master+$Format:%h$","msg":"[HTTP] server listening on: [::]:8080"}
{"level":"info","timestamp":"2025-08-17 17:47:09.861","message":"","ts":"2025-08-17T17:47:09+08:00","caller":"grpc/server.go:220","service.id":"costalongdeMacBook-Pro.local","service.name":"apiserver","service.version":"v0.0.0-master+$Format:%h$","msg":"[gRPC] server listening on: [::]:9090"}
{"level":"error","timestamp":"2025-08-17 17:47:27.011","message":"GetUser","err":"test code error"}
{"level":"error","timestamp":"2025-08-17 17:49:15.392","message":"GetUser","err":"test code error"}
{"level":"info","timestamp":"2025-08-17 17:49:15.406","message":"","kind":"server","component":"http","operation":"/apiserver.v1.ApiServer/GetUser","args":"id:\"1\"","code":0,"reason":"","stack":"","latency":0.012794041}
{"level":"error","timestamp":"2025-08-17 17:49:27.413","message":"GetUser","err":"test code error"}
{"level":"info","timestamp":"2025-08-17 17:54:25.945","message":"Shutting down server..."}
{"level":"info","timestamp":"2025-08-17 17:54:25.946","message":"","ts":"2025-08-17T17:54:25+08:00","caller":"http/server.go:345","service.id":"costalongdeMacBook-Pro.local","service.name":"apiserver","service.version":"v0.0.0-master+$Format:%h$","msg":"[HTTP] server stopping"}
{"level":"info","timestamp":"2025-08-17 17:54:25.946","message":"Gracefully stop kratos application"}
{"level":"info","timestamp":"2025-08-17 17:54:25.946","message":"Server exited successfully."}
{"level":"info","timestamp":"2025-08-17 17:54:48.245","caller":"log/log.go:190","message":"Starting application","name":"apiserver","version":"{\"gitVersion\":\"v0.0.0-master+$Format:%h$\",\"gitCommit\":\"$Format:%H$\",\"gitTreeState\":\"\",\"buildDate\":\"1970-01-01T00:00:00Z\",\"goVersion\":\"go1.25rc2\",\"compiler\":\"gc\",\"platform\":\"darwin/arm64\"}"}
{"level":"info","timestamp":"2025-08-17 17:54:48.245","caller":"log/log.go:190","message":"Golang settings","GOGC":"","GOMAXPROCS":"","GOTRACEBACK":""}
{"level":"info","timestamp":"2025-08-17 17:54:48.245","caller":"log/log.go:190","message":"Connection pool metrics collection is enabled through dependency injection"}
{"level":"info","timestamp":"2025-08-17 17:54:48.245","caller":"log/log.go:190","message":"Metrics will be automatically collected by the PoolMonitor when database connections are established"}
{"level":"info","timestamp":"2025-08-17 17:54:48.245","caller":"log/log.go:190","message":"Database pool monitoring enabled","slow_query_threshold":1000,"collect_interval":30000}
{"level":"info","timestamp":"2025-08-17 17:54:48.245","caller":"log/log.go:190","message":"Redis pool monitoring enabled","collect_interval":30000}
{"level":"info","timestamp":"2025-08-17 17:54:48.246","message":"Logger initialized","level":"info","format":"json"}
{"level":"info","timestamp":"2025-08-17 17:54:48.246","message":"Validating service connections before startup..."}
{"level":"info","timestamp":"2025-08-17 17:54:48.246","message":"Testing MySQL connection..."}
{"level":"info","timestamp":"2025-08-17 17:54:48.250","message":"MySQL connection test passed"}
{"level":"info","timestamp":"2025-08-17 17:54:48.250","message":"Testing Redis connection..."}
{"level":"info","timestamp":"2025-08-17 17:54:48.253","message":"Redis connection test passed"}
{"level":"info","timestamp":"2025-08-17 17:54:48.253","message":"Testing Jaeger connection..."}
{"level":"info","timestamp":"2025-08-17 17:54:48.253","message":"Jaeger connection test passed"}
{"level":"info","timestamp":"2025-08-17 17:54:48.253","message":"All service connections validated successfully"}
{"level":"info","timestamp":"2025-08-17 17:54:48.347","message":"Start to listening the incoming requests","protocol":"kratos"}
{"level":"info","timestamp":"2025-08-17 17:54:48.348","message":"","ts":"2025-08-17T17:54:48+08:00","caller":"http/server.go:330","service.id":"costalongdeMacBook-Pro.local","service.name":"apiserver","service.version":"v0.0.0-master+$Format:%h$","msg":"[HTTP] server listening on: [::]:8080"}
{"level":"info","timestamp":"2025-08-17 17:54:48.348","message":"","ts":"2025-08-17T17:54:48+08:00","caller":"grpc/server.go:220","service.id":"costalongdeMacBook-Pro.local","service.name":"apiserver","service.version":"v0.0.0-master+$Format:%h$","msg":"[gRPC] server listening on: [::]:9090"}
{"level":"error","timestamp":"2025-08-17 17:55:22.041","message":"GetUser","err":"test code error"}
{"level":"error","timestamp":"2025-08-17 17:56:53.104","message":"GetUser","err":"test code error"}
{"level":"info","timestamp":"2025-08-17 17:56:53.115","message":"","kind":"server","component":"http","operation":"/apiserver.v1.ApiServer/GetUser","args":"id:\"1\"","code":0,"reason":"","stack":"","latency":0.010397625}
{"level":"error","timestamp":"2025-08-17 17:58:23.085","message":"GetUser","err":"test code error"}
{"level":"info","timestamp":"2025-08-17 17:58:23.110","message":"","kind":"server","component":"http","operation":"/apiserver.v1.ApiServer/GetUser","args":"id:\"1\"","code":0,"reason":"","stack":"","latency":0.024729541}
{"level":"error","timestamp":"2025-08-17 17:58:42.555","message":"GetUser","err":"test code error"}
{"level":"info","timestamp":"2025-08-17 18:00:09.004","message":"Shutting down server..."}
{"level":"info","timestamp":"2025-08-17 18:00:09.004","message":"","ts":"2025-08-17T18:00:09+08:00","caller":"http/server.go:345","service.id":"costalongdeMacBook-Pro.local","service.name":"apiserver","service.version":"v0.0.0-master+$Format:%h$","msg":"[HTTP] server stopping"}
{"level":"info","timestamp":"2025-08-17 18:00:09.005","message":"Gracefully stop kratos application"}
{"level":"info","timestamp":"2025-08-17 18:00:09.005","message":"Server exited successfully."}
{"level":"info","timestamp":"2025-08-17 18:00:13.911","caller":"log/log.go:190","message":"Starting application","name":"apiserver","version":"{\"gitVersion\":\"v0.0.0-master+$Format:%h$\",\"gitCommit\":\"$Format:%H$\",\"gitTreeState\":\"\",\"buildDate\":\"1970-01-01T00:00:00Z\",\"goVersion\":\"go1.25rc2\",\"compiler\":\"gc\",\"platform\":\"darwin/arm64\"}"}
{"level":"info","timestamp":"2025-08-17 18:00:13.911","caller":"log/log.go:190","message":"Golang settings","GOGC":"","GOMAXPROCS":"","GOTRACEBACK":""}
{"level":"info","timestamp":"2025-08-17 18:00:13.911","caller":"log/log.go:190","message":"Connection pool metrics collection is enabled through dependency injection"}
{"level":"info","timestamp":"2025-08-17 18:00:13.911","caller":"log/log.go:190","message":"Metrics will be automatically collected by the PoolMonitor when database connections are established"}
{"level":"info","timestamp":"2025-08-17 18:00:13.911","caller":"log/log.go:190","message":"Database pool monitoring enabled","slow_query_threshold":1000,"collect_interval":30000}
{"level":"info","timestamp":"2025-08-17 18:00:13.911","caller":"log/log.go:190","message":"Redis pool monitoring enabled","collect_interval":30000}
{"level":"info","timestamp":"2025-08-17 18:00:13.911","message":"Logger initialized","level":"info","format":"json"}
{"level":"info","timestamp":"2025-08-17 18:00:13.911","message":"Validating service connections before startup..."}
{"level":"info","timestamp":"2025-08-17 18:00:13.911","message":"Testing MySQL connection..."}
{"level":"info","timestamp":"2025-08-17 18:00:13.916","message":"MySQL connection test passed"}
{"level":"info","timestamp":"2025-08-17 18:00:13.916","message":"Testing Redis connection..."}
{"level":"info","timestamp":"2025-08-17 18:00:13.920","message":"Redis connection test passed"}
{"level":"info","timestamp":"2025-08-17 18:00:13.920","message":"Testing Jaeger connection..."}
{"level":"info","timestamp":"2025-08-17 18:00:13.920","message":"Jaeger connection test passed"}
{"level":"info","timestamp":"2025-08-17 18:00:13.920","message":"All service connections validated successfully"}
{"level":"info","timestamp":"2025-08-17 18:00:14.021","message":"Start to listening the incoming requests","protocol":"kratos"}
{"level":"info","timestamp":"2025-08-17 18:00:14.022","message":"","ts":"2025-08-17T18:00:14+08:00","caller":"grpc/server.go:220","service.id":"costalongdeMacBook-Pro.local","service.name":"apiserver","service.version":"v0.0.0-master+$Format:%h$","msg":"[gRPC] server listening on: [::]:9090"}
{"level":"info","timestamp":"2025-08-17 18:00:14.022","message":"","ts":"2025-08-17T18:00:14+08:00","caller":"http/server.go:330","service.id":"costalongdeMacBook-Pro.local","service.name":"apiserver","service.version":"v0.0.0-master+$Format:%h$","msg":"[HTTP] server listening on: [::]:8080"}
{"level":"error","timestamp":"2025-08-17 18:02:28.746","message":"GetUser","err":"test code error"}
{"level":"info","timestamp":"2025-08-17 18:02:28.757","message":"","kind":"server","component":"http","operation":"/apiserver.v1.ApiServer/GetUser","args":"id:\"1\"","code":0,"reason":"","stack":"","latency":0.010547083}
{"level":"error","timestamp":"2025-08-17 18:06:01.704","message":"GetUser","err":"test code error"}
{"level":"info","timestamp":"2025-08-17 18:07:17.874","message":"Shutting down server..."}
{"level":"info","timestamp":"2025-08-17 18:07:17.874","message":"","ts":"2025-08-17T18:07:17+08:00","caller":"http/server.go:345","service.id":"costalongdeMacBook-Pro.local","service.name":"apiserver","service.version":"v0.0.0-master+$Format:%h$","msg":"[HTTP] server stopping"}
{"level":"info","timestamp":"2025-08-17 18:07:17.875","message":"Gracefully stop kratos application"}
{"level":"info","timestamp":"2025-08-17 18:07:17.875","message":"Server exited successfully."}
{"level":"info","timestamp":"2025-08-17 18:07:23.220","caller":"log/log.go:190","message":"Starting application","name":"apiserver","version":"{\"gitVersion\":\"v0.0.0-master+$Format:%h$\",\"gitCommit\":\"$Format:%H$\",\"gitTreeState\":\"\",\"buildDate\":\"1970-01-01T00:00:00Z\",\"goVersion\":\"go1.25rc2\",\"compiler\":\"gc\",\"platform\":\"darwin/arm64\"}"}
{"level":"info","timestamp":"2025-08-17 18:07:23.220","caller":"log/log.go:190","message":"Golang settings","GOGC":"","GOMAXPROCS":"","GOTRACEBACK":""}
{"level":"info","timestamp":"2025-08-17 18:07:23.221","caller":"log/log.go:190","message":"Connection pool metrics collection is enabled through dependency injection"}
{"level":"info","timestamp":"2025-08-17 18:07:23.221","caller":"log/log.go:190","message":"Metrics will be automatically collected by the PoolMonitor when database connections are established"}
{"level":"info","timestamp":"2025-08-17 18:07:23.221","caller":"log/log.go:190","message":"Database pool monitoring enabled","slow_query_threshold":1000,"collect_interval":30000}
{"level":"info","timestamp":"2025-08-17 18:07:23.221","caller":"log/log.go:190","message":"Redis pool monitoring enabled","collect_interval":30000}
{"level":"info","timestamp":"2025-08-17 18:07:23.221","message":"Logger initialized","level":"info","format":"json"}
{"level":"info","timestamp":"2025-08-17 18:07:23.221","message":"Validating service connections before startup..."}
{"level":"info","timestamp":"2025-08-17 18:07:23.221","message":"Testing MySQL connection..."}
{"level":"info","timestamp":"2025-08-17 18:07:23.229","message":"MySQL connection test passed"}
{"level":"info","timestamp":"2025-08-17 18:07:23.229","message":"Testing Redis connection..."}
{"level":"info","timestamp":"2025-08-17 18:07:23.235","message":"Redis connection test passed"}
{"level":"info","timestamp":"2025-08-17 18:07:23.235","message":"Testing Jaeger connection..."}
{"level":"info","timestamp":"2025-08-17 18:07:23.236","message":"Jaeger connection test passed"}
{"level":"info","timestamp":"2025-08-17 18:07:23.236","message":"All service connections validated successfully"}
{"level":"info","timestamp":"2025-08-17 18:07:23.333","message":"Start to listening the incoming requests","protocol":"kratos"}
{"level":"info","timestamp":"2025-08-17 18:07:23.333","message":"","ts":"2025-08-17T18:07:23+08:00","caller":"grpc/server.go:220","service.id":"costalongdeMacBook-Pro.local","service.name":"apiserver","service.version":"v0.0.0-master+$Format:%h$","msg":"[gRPC] server listening on: [::]:9090"}
{"level":"info","timestamp":"2025-08-17 18:07:23.333","message":"","ts":"2025-08-17T18:07:23+08:00","caller":"http/server.go:330","service.id":"costalongdeMacBook-Pro.local","service.name":"apiserver","service.version":"v0.0.0-master+$Format:%h$","msg":"[HTTP] server listening on: [::]:8080"}
{"level":"error","timestamp":"2025-08-17 18:09:37.516","message":"GetUser","err":"test code error"}
{"level":"error","timestamp":"2025-08-17 18:09:56.878","message":"GetUser","err":"test code error"}
{"level":"error","timestamp":"2025-08-17 18:10:30.793","message":"GetUser","err":"test code error"}
{"level":"info","timestamp":"2025-08-17 18:10:30.804","message":"","kind":"server","component":"http","operation":"/apiserver.v1.ApiServer/GetUser","args":"id:\"1\"","code":0,"reason":"","stack":"","latency":0.011033333}
{"level":"error","timestamp":"2025-08-17 18:16:26.617","message":"GetUser","err":"test code error"}
{"level":"info","timestamp":"2025-08-17 18:16:26.632","message":"","kind":"server","component":"http","operation":"/apiserver.v1.ApiServer/GetUser","args":"id:\"1\"","code":0,"reason":"","stack":"","latency":0.014128667}
{"level":"info","timestamp":"2025-08-17 18:20:08.369","message":"Shutting down server..."}
{"level":"info","timestamp":"2025-08-17 18:20:08.369","message":"","ts":"2025-08-17T18:20:08+08:00","caller":"http/server.go:345","service.id":"costalongdeMacBook-Pro.local","service.name":"apiserver","service.version":"v0.0.0-master+$Format:%h$","msg":"[HTTP] server stopping"}
{"level":"info","timestamp":"2025-08-17 18:20:08.371","message":"Gracefully stop kratos application"}
{"level":"info","timestamp":"2025-08-17 18:20:08.371","message":"Server exited successfully."}
{"level":"info","timestamp":"2025-08-17 18:20:08.371","message":"","ts":"2025-08-17T18:20:08+08:00","caller":"grpc/server.go:232","service.id":"costalongdeMacBook-Pro.local","service.name":"apiserver","service.version":"v0.0.0-master+$Format:%h$","msg":"[gRPC] server stopping"}
{"level":"info","timestamp":"2025-08-17 18:20:17.444","caller":"log/log.go:190","message":"Starting application","name":"apiserver","version":"{\"gitVersion\":\"v0.0.0-master+$Format:%h$\",\"gitCommit\":\"$Format:%H$\",\"gitTreeState\":\"\",\"buildDate\":\"1970-01-01T00:00:00Z\",\"goVersion\":\"go1.25rc2\",\"compiler\":\"gc\",\"platform\":\"darwin/arm64\"}"}
{"level":"info","timestamp":"2025-08-17 18:20:17.445","caller":"log/log.go:190","message":"Golang settings","GOGC":"","GOMAXPROCS":"","GOTRACEBACK":""}
{"level":"info","timestamp":"2025-08-17 18:20:17.448","caller":"log/log.go:190","message":"Connection pool metrics collection is enabled through dependency injection"}
{"level":"info","timestamp":"2025-08-17 18:20:17.448","caller":"log/log.go:190","message":"Metrics will be automatically collected by the PoolMonitor when database connections are established"}
{"level":"info","timestamp":"2025-08-17 18:20:17.448","caller":"log/log.go:190","message":"Database pool monitoring enabled","slow_query_threshold":1000,"collect_interval":30000}
{"level":"info","timestamp":"2025-08-17 18:20:17.448","caller":"log/log.go:190","message":"Redis pool monitoring enabled","collect_interval":30000}
{"level":"info","timestamp":"2025-08-17 18:20:17.450","message":"Logger initialized","level":"info","format":"json"}
{"level":"info","timestamp":"2025-08-17 18:20:17.450","message":"Validating service connections before startup..."}
{"level":"info","timestamp":"2025-08-17 18:20:17.450","message":"Testing MySQL connection..."}
{"level":"info","timestamp":"2025-08-17 18:20:17.466","message":"MySQL connection test passed"}
{"level":"info","timestamp":"2025-08-17 18:20:17.466","message":"Testing Redis connection..."}
{"level":"info","timestamp":"2025-08-17 18:20:17.475","message":"Redis connection test passed"}
{"level":"info","timestamp":"2025-08-17 18:20:17.475","message":"Testing Jaeger connection..."}
{"level":"info","timestamp":"2025-08-17 18:20:17.475","message":"Jaeger connection test passed"}
{"level":"info","timestamp":"2025-08-17 18:20:17.476","message":"All service connections validated successfully"}
{"level":"info","timestamp":"2025-08-17 18:20:17.586","message":"Start to listening the incoming requests","protocol":"kratos"}
{"level":"info","timestamp":"2025-08-17 18:20:17.586","message":"","ts":"2025-08-17T18:20:17+08:00","caller":"http/server.go:330","service.id":"costalongdeMacBook-Pro.local","service.name":"apiserver","service.version":"v0.0.0-master+$Format:%h$","msg":"[HTTP] server listening on: [::]:8080"}
{"level":"info","timestamp":"2025-08-17 18:20:17.586","message":"","ts":"2025-08-17T18:20:17+08:00","caller":"grpc/server.go:220","service.id":"costalongdeMacBook-Pro.local","service.name":"apiserver","service.version":"v0.0.0-master+$Format:%h$","msg":"[gRPC] server listening on: [::]:9090"}
{"level":"error","timestamp":"2025-08-17 18:21:28.064","message":"GetUser","err":"test code error"}
{"level":"info","timestamp":"2025-08-17 18:21:28.075","message":"","kind":"server","component":"http","operation":"/apiserver.v1.ApiServer/GetUser","args":"id:\"1\"","code":0,"reason":"","stack":"","latency":0.010976}
{"level":"error","timestamp":"2025-08-17 18:22:26.914","message":"GetUser","err":"test code error"}
{"level":"error","timestamp":"2025-08-17 18:22:47.947","message":"GetUser","err":"test code error"}
{"level":"info","timestamp":"2025-08-17 18:22:47.958","message":"","kind":"server","component":"http","operation":"/apiserver.v1.ApiServer/GetUser","args":"id:\"1\"","code":0,"reason":"","stack":"","latency":0.011546125}
{"level":"error","timestamp":"2025-08-17 18:22:54.715","message":"GetUser","err":"test code error"}
{"level":"info","timestamp":"2025-08-17 18:24:01.613","message":"Shutting down server..."}
{"level":"info","timestamp":"2025-08-17 18:24:01.613","message":"","ts":"2025-08-17T18:24:01+08:00","caller":"http/server.go:345","service.id":"costalongdeMacBook-Pro.local","service.name":"apiserver","service.version":"v0.0.0-master+$Format:%h$","msg":"[HTTP] server stopping"}
{"level":"info","timestamp":"2025-08-17 18:24:01.613","message":"Gracefully stop kratos application"}
{"level":"info","timestamp":"2025-08-17 18:24:01.613","message":"Server exited successfully."}
{"level":"info","timestamp":"2025-08-17 18:24:04.517","caller":"log/log.go:190","message":"Starting application","name":"apiserver","version":"{\"gitVersion\":\"v0.0.0-master+$Format:%h$\",\"gitCommit\":\"$Format:%H$\",\"gitTreeState\":\"\",\"buildDate\":\"1970-01-01T00:00:00Z\",\"goVersion\":\"go1.25rc2\",\"compiler\":\"gc\",\"platform\":\"darwin/arm64\"}"}
{"level":"info","timestamp":"2025-08-17 18:24:04.517","caller":"log/log.go:190","message":"Golang settings","GOGC":"","GOMAXPROCS":"","GOTRACEBACK":""}
{"level":"info","timestamp":"2025-08-17 18:24:04.518","caller":"log/log.go:190","message":"Connection pool metrics collection is enabled through dependency injection"}
{"level":"info","timestamp":"2025-08-17 18:24:04.518","caller":"log/log.go:190","message":"Metrics will be automatically collected by the PoolMonitor when database connections are established"}
{"level":"info","timestamp":"2025-08-17 18:24:04.518","caller":"log/log.go:190","message":"Database pool monitoring enabled","slow_query_threshold":1000,"collect_interval":30000}
{"level":"info","timestamp":"2025-08-17 18:24:04.518","caller":"log/log.go:190","message":"Redis pool monitoring enabled","collect_interval":30000}
{"level":"info","timestamp":"2025-08-17 18:24:04.518","message":"Logger initialized","level":"info","format":"json"}
{"level":"info","timestamp":"2025-08-17 18:24:04.518","message":"Validating service connections before startup..."}
{"level":"info","timestamp":"2025-08-17 18:24:04.518","message":"Testing MySQL connection..."}
{"level":"info","timestamp":"2025-08-17 18:24:04.524","message":"MySQL connection test passed"}
{"level":"info","timestamp":"2025-08-17 18:24:04.524","message":"Testing Redis connection..."}
{"level":"info","timestamp":"2025-08-17 18:24:04.527","message":"Redis connection test passed"}
{"level":"info","timestamp":"2025-08-17 18:24:04.527","message":"Testing Jaeger connection..."}
{"level":"info","timestamp":"2025-08-17 18:24:04.527","message":"Jaeger connection test passed"}
{"level":"info","timestamp":"2025-08-17 18:24:04.527","message":"All service connections validated successfully"}
{"level":"info","timestamp":"2025-08-17 18:24:04.627","message":"Start to listening the incoming requests","protocol":"kratos"}
{"level":"info","timestamp":"2025-08-17 18:24:04.627","message":"","ts":"2025-08-17T18:24:04+08:00","caller":"grpc/server.go:220","service.id":"costalongdeMacBook-Pro.local","service.name":"apiserver","service.version":"v0.0.0-master+$Format:%h$","msg":"[gRPC] server listening on: [::]:9090"}
{"level":"info","timestamp":"2025-08-17 18:24:04.627","message":"","ts":"2025-08-17T18:24:04+08:00","caller":"http/server.go:330","service.id":"costalongdeMacBook-Pro.local","service.name":"apiserver","service.version":"v0.0.0-master+$Format:%h$","msg":"[HTTP] server listening on: [::]:8080"}
{"level":"error","timestamp":"2025-08-17 18:25:57.876","message":"GetUser","err":"test code error"}
{"level":"error","timestamp":"2025-08-17 18:26:09.711","message":"GetUser","err":"test code error"}
{"level":"info","timestamp":"2025-08-17 18:32:11.462","caller":"log/log.go:190","message":"Starting application","name":"apiserver","version":"{\"gitVersion\":\"v0.0.0-master+$Format:%h$\",\"gitCommit\":\"$Format:%H$\",\"gitTreeState\":\"\",\"buildDate\":\"1970-01-01T00:00:00Z\",\"goVersion\":\"go1.25rc2\",\"compiler\":\"gc\",\"platform\":\"darwin/arm64\"}"}
{"level":"info","timestamp":"2025-08-17 18:32:11.462","caller":"log/log.go:190","message":"Golang settings","GOGC":"","GOMAXPROCS":"","GOTRACEBACK":""}
{"level":"info","timestamp":"2025-08-17 18:32:11.462","caller":"log/log.go:190","message":"Connection pool metrics collection is enabled through dependency injection"}
{"level":"info","timestamp":"2025-08-17 18:32:11.462","caller":"log/log.go:190","message":"Metrics will be automatically collected by the PoolMonitor when database connections are established"}
{"level":"info","timestamp":"2025-08-17 18:32:11.462","caller":"log/log.go:190","message":"Database pool monitoring enabled","slow_query_threshold":1000,"collect_interval":30000}
{"level":"info","timestamp":"2025-08-17 18:32:11.462","caller":"log/log.go:190","message":"Redis pool monitoring enabled","collect_interval":30000}
{"level":"info","timestamp":"2025-08-17 18:32:11.463","message":"Logger initialized","level":"info","format":"json"}
{"level":"info","timestamp":"2025-08-17 18:32:11.463","message":"Validating service connections before startup..."}
{"level":"info","timestamp":"2025-08-17 18:32:11.463","message":"Testing MySQL connection..."}
{"level":"info","timestamp":"2025-08-17 18:32:11.469","message":"MySQL connection test passed"}
{"level":"info","timestamp":"2025-08-17 18:32:11.469","message":"Testing Redis connection..."}
{"level":"info","timestamp":"2025-08-17 18:32:11.472","message":"Redis connection test passed"}
{"level":"info","timestamp":"2025-08-17 18:32:11.472","message":"Testing Jaeger connection..."}
{"level":"info","timestamp":"2025-08-17 18:32:11.473","message":"Jaeger connection test passed"}
{"level":"info","timestamp":"2025-08-17 18:32:11.473","message":"All service connections validated successfully"}
{"level":"info","timestamp":"2025-08-17 18:32:11.584","message":"Start to listening the incoming requests","protocol":"kratos"}
{"level":"fatal","timestamp":"2025-08-17 18:32:11.585","message":"Failed to serve kratos application","err":"listen tcp 0.0.0.0:9090: bind: address already in use","stacktrace":"github.com/costa92/go-protoc/v2/pkg/log.Fatalw\n\t/Users/costalong/code/go/src/github.com/costa92/go-protoc/pkg/log/log.go:198\ngithub.com/costa92/go-protoc/v2/pkg/server.(*KratosServer).RunOrDie\n\t/Users/costalong/code/go/src/github.com/costa92/go-protoc/pkg/server/kratos_server.go:49"}
{"level":"info","timestamp":"2025-08-17 18:32:17.942","message":"Shutting down server..."}
{"level":"info","timestamp":"2025-08-17 18:32:17.942","message":"Gracefully stop kratos application"}
{"level":"info","timestamp":"2025-08-17 18:32:17.942","message":"","ts":"2025-08-17T18:32:17+08:00","caller":"http/server.go:345","service.id":"costalongdeMacBook-Pro.local","service.name":"apiserver","service.version":"v0.0.0-master+$Format:%h$","msg":"[HTTP] server stopping"}
{"level":"info","timestamp":"2025-08-17 18:32:17.942","message":"Server exited successfully."}
{"level":"info","timestamp":"2025-08-17 18:32:17.942","message":"","ts":"2025-08-17T18:32:17+08:00","caller":"grpc/server.go:232","service.id":"costalongdeMacBook-Pro.local","service.name":"apiserver","service.version":"v0.0.0-master+$Format:%h$","msg":"[gRPC] server stopping"}
{"level":"info","timestamp":"2025-08-17 18:32:35.121","caller":"log/log.go:190","message":"Starting application","name":"apiserver","version":"{\"gitVersion\":\"v0.0.0-master+$Format:%h$\",\"gitCommit\":\"$Format:%H$\",\"gitTreeState\":\"\",\"buildDate\":\"1970-01-01T00:00:00Z\",\"goVersion\":\"go1.25rc2\",\"compiler\":\"gc\",\"platform\":\"darwin/arm64\"}"}
{"level":"info","timestamp":"2025-08-17 18:32:35.121","caller":"log/log.go:190","message":"Golang settings","GOGC":"","GOMAXPROCS":"","GOTRACEBACK":""}
{"level":"info","timestamp":"2025-08-17 18:32:35.121","caller":"log/log.go:190","message":"Connection pool metrics collection is enabled through dependency injection"}
{"level":"info","timestamp":"2025-08-17 18:32:35.121","caller":"log/log.go:190","message":"Metrics will be automatically collected by the PoolMonitor when database connections are established"}
{"level":"info","timestamp":"2025-08-17 18:32:35.121","caller":"log/log.go:190","message":"Database pool monitoring enabled","slow_query_threshold":1000,"collect_interval":30000}
{"level":"info","timestamp":"2025-08-17 18:32:35.121","caller":"log/log.go:190","message":"Redis pool monitoring enabled","collect_interval":30000}
{"level":"info","timestamp":"2025-08-17 18:32:35.122","message":"Logger initialized","level":"info","format":"json"}
{"level":"info","timestamp":"2025-08-17 18:32:35.122","message":"Validating service connections before startup..."}
{"level":"info","timestamp":"2025-08-17 18:32:35.122","message":"Testing MySQL connection..."}
{"level":"info","timestamp":"2025-08-17 18:32:35.125","message":"MySQL connection test passed"}
{"level":"info","timestamp":"2025-08-17 18:32:35.125","message":"Testing Redis connection..."}
{"level":"info","timestamp":"2025-08-17 18:32:35.126","message":"Redis connection test passed"}
{"level":"info","timestamp":"2025-08-17 18:32:35.126","message":"Testing Jaeger connection..."}
{"level":"info","timestamp":"2025-08-17 18:32:35.126","message":"Jaeger connection test passed"}
{"level":"info","timestamp":"2025-08-17 18:32:35.126","message":"All service connections validated successfully"}
{"level":"info","timestamp":"2025-08-17 18:32:35.230","message":"Start to listening the incoming requests","protocol":"kratos"}
{"level":"info","timestamp":"2025-08-17 18:32:35.231","message":"","ts":"2025-08-17T18:32:35+08:00","caller":"http/server.go:330","service.id":"costalongdeMacBook-Pro.local","service.name":"apiserver","service.version":"v0.0.0-master+$Format:%h$","msg":"[HTTP] server listening on: [::]:8080"}
{"level":"info","timestamp":"2025-08-17 18:32:35.231","message":"","ts":"2025-08-17T18:32:35+08:00","caller":"grpc/server.go:220","service.id":"costalongdeMacBook-Pro.local","service.name":"apiserver","service.version":"v0.0.0-master+$Format:%h$","msg":"[gRPC] server listening on: [::]:9090"}
{"level":"info","timestamp":"2025-08-17 18:35:04.240","caller":"log/log.go:190","message":"Starting application","name":"apiserver","version":"{\"gitVersion\":\"v0.0.0-master+$Format:%h$\",\"gitCommit\":\"$Format:%H$\",\"gitTreeState\":\"\",\"buildDate\":\"1970-01-01T00:00:00Z\",\"goVersion\":\"go1.25rc2\",\"compiler\":\"gc\",\"platform\":\"darwin/arm64\"}"}
{"level":"info","timestamp":"2025-08-17 18:35:04.240","caller":"log/log.go:190","message":"Golang settings","GOGC":"","GOMAXPROCS":"","GOTRACEBACK":""}
{"level":"info","timestamp":"2025-08-17 18:35:04.242","caller":"log/log.go:190","message":"Connection pool metrics collection is enabled through dependency injection"}
{"level":"info","timestamp":"2025-08-17 18:35:04.242","caller":"log/log.go:190","message":"Metrics will be automatically collected by the PoolMonitor when database connections are established"}
{"level":"info","timestamp":"2025-08-17 18:35:04.242","caller":"log/log.go:190","message":"Database pool monitoring enabled","slow_query_threshold":1000,"collect_interval":30000}
{"level":"info","timestamp":"2025-08-17 18:35:04.242","caller":"log/log.go:190","message":"Redis pool monitoring enabled","collect_interval":30000}
{"level":"info","timestamp":"2025-08-17 18:35:04.242","message":"Logger initialized","level":"info","format":"json"}
{"level":"info","timestamp":"2025-08-17 18:35:04.242","message":"Validating service connections before startup..."}
{"level":"info","timestamp":"2025-08-17 18:35:04.242","message":"Testing MySQL connection..."}
{"level":"info","timestamp":"2025-08-17 18:35:04.252","message":"MySQL connection test passed"}
{"level":"info","timestamp":"2025-08-17 18:35:04.252","message":"Testing Redis connection..."}
{"level":"info","timestamp":"2025-08-17 18:35:04.259","message":"Redis connection test passed"}
{"level":"info","timestamp":"2025-08-17 18:35:04.259","message":"Testing Jaeger connection..."}
{"level":"info","timestamp":"2025-08-17 18:35:04.259","message":"Jaeger connection test passed"}
{"level":"info","timestamp":"2025-08-17 18:35:04.259","message":"All service connections validated successfully"}
{"level":"info","timestamp":"2025-08-17 18:35:04.379","message":"Start to listening the incoming requests","protocol":"kratos"}
{"level":"info","timestamp":"2025-08-17 18:35:04.380","message":"","ts":"2025-08-17T18:35:04+08:00","caller":"http/server.go:330","service.id":"costalongdeMacBook-Pro.local","service.name":"apiserver","service.version":"v0.0.0-master+$Format:%h$","msg":"[HTTP] server listening on: [::]:8080"}
{"level":"info","timestamp":"2025-08-17 18:35:04.380","message":"","ts":"2025-08-17T18:35:04+08:00","caller":"grpc/server.go:220","service.id":"costalongdeMacBook-Pro.local","service.name":"apiserver","service.version":"v0.0.0-master+$Format:%h$","msg":"[gRPC] server listening on: [::]:9090"}
{"level":"error","timestamp":"2025-08-17 18:37:16.320","message":"GetUser","err":"test code error"}
{"level":"info","timestamp":"2025-08-17 18:37:16.336","message":"","kind":"server","component":"http","operation":"/apiserver.v1.ApiServer/GetUser","args":"id:\"1\"","code":0,"reason":"","stack":"","latency":0.015843917}
{"level":"error","timestamp":"2025-08-17 18:37:37.582","message":"GetUser","err":"test code error"}
{"level":"error","timestamp":"2025-08-17 18:37:37.586","message":"","kind":"server","component":"http","operation":"/apiserver.v1.ApiServer/GetUser","args":"id:\"123\"","code":500,"reason":"","stack":"user not found","latency":0.004314709}
{"level":"error","timestamp":"2025-08-17 18:38:02.920","message":"GetUser","err":"test code error"}
{"level":"error","timestamp":"2025-08-17 18:38:02.926","message":"","kind":"server","component":"http","operation":"/apiserver.v1.ApiServer/GetUser","args":"id:\"456\"","code":500,"reason":"","stack":"user not found","latency":0.005966083}
{"level":"info","timestamp":"2025-08-17 18:38:51.784","message":"Shutting down server..."}
{"level":"info","timestamp":"2025-08-17 18:38:51.785","message":"Gracefully stop kratos application"}
{"level":"info","timestamp":"2025-08-17 18:38:51.785","message":"Server exited successfully."}
{"level":"info","timestamp":"2025-08-17 18:39:45.257","caller":"log/log.go:190","message":"Starting application","name":"apiserver","version":"{\"gitVersion\":\"v0.0.0-master+$Format:%h$\",\"gitCommit\":\"$Format:%H$\",\"gitTreeState\":\"\",\"buildDate\":\"1970-01-01T00:00:00Z\",\"goVersion\":\"go1.25rc2\",\"compiler\":\"gc\",\"platform\":\"darwin/arm64\"}"}
{"level":"info","timestamp":"2025-08-17 18:39:45.257","caller":"log/log.go:190","message":"Golang settings","GOGC":"","GOMAXPROCS":"","GOTRACEBACK":""}
{"level":"info","timestamp":"2025-08-17 18:39:45.257","caller":"log/log.go:190","message":"Connection pool metrics collection is enabled through dependency injection"}
{"level":"info","timestamp":"2025-08-17 18:39:45.257","caller":"log/log.go:190","message":"Metrics will be automatically collected by the PoolMonitor when database connections are established"}
{"level":"info","timestamp":"2025-08-17 18:39:45.257","caller":"log/log.go:190","message":"Database pool monitoring enabled","slow_query_threshold":1000,"collect_interval":30000}
{"level":"info","timestamp":"2025-08-17 18:39:45.257","caller":"log/log.go:190","message":"Redis pool monitoring enabled","collect_interval":30000}
{"level":"info","timestamp":"2025-08-17 18:39:45.258","message":"Logger initialized","level":"info","format":"json"}
{"level":"info","timestamp":"2025-08-17 18:39:45.258","message":"Validating service connections before startup..."}
{"level":"info","timestamp":"2025-08-17 18:39:45.258","message":"Testing MySQL connection..."}
{"level":"info","timestamp":"2025-08-17 18:39:45.263","message":"MySQL connection test passed"}
{"level":"info","timestamp":"2025-08-17 18:39:45.263","message":"Testing Redis connection..."}
{"level":"info","timestamp":"2025-08-17 18:39:45.266","message":"Redis connection test passed"}
{"level":"info","timestamp":"2025-08-17 18:39:45.266","message":"Testing Jaeger connection..."}
{"level":"info","timestamp":"2025-08-17 18:39:45.267","message":"Jaeger connection test passed"}
{"level":"info","timestamp":"2025-08-17 18:39:45.267","message":"All service connections validated successfully"}
{"level":"info","timestamp":"2025-08-17 18:39:45.364","message":"Start to listening the incoming requests","protocol":"kratos"}
{"level":"info","timestamp":"2025-08-17 18:39:45.365","message":"","ts":"2025-08-17T18:39:45+08:00","caller":"grpc/server.go:220","service.id":"costalongdeMacBook-Pro.local","service.name":"apiserver","service.version":"v0.0.0-master+$Format:%h$","msg":"[gRPC] server listening on: [::]:9090"}
{"level":"info","timestamp":"2025-08-17 18:39:45.365","message":"","ts":"2025-08-17T18:39:45+08:00","caller":"http/server.go:330","service.id":"costalongdeMacBook-Pro.local","service.name":"apiserver","service.version":"v0.0.0-master+$Format:%h$","msg":"[HTTP] server listening on: [::]:8080"}
{"level":"error","timestamp":"2025-08-17 18:41:47.448","message":"GetUser","err":"test code error"}
{"level":"error","timestamp":"2025-08-17 18:41:47.454","message":"","kind":"server","component":"http","operation":"/apiserver.v1.ApiServer/GetUser","args":"id:\"test-trace-id\"","code":500,"reason":"","stack":"user not found","latency":0.00615525}
{"level":"error","timestamp":"2025-08-17 18:42:21.506","message":"GetUser","err":"test code error"}
{"level":"error","timestamp":"2025-08-17 18:42:21.510","message":"","kind":"server","component":"http","operation":"/apiserver.v1.ApiServer/GetUser","args":"id:\"another-test\"","code":500,"reason":"","stack":"user not found","latency":0.004159625}
{"level":"info","timestamp":"2025-08-17 18:42:49.937","message":"","ts":"2025-08-17T18:42:49+08:00","caller":"http/server.go:345","service.id":"costalongdeMacBook-Pro.local","service.name":"apiserver","service.version":"v0.0.0-master+$Format:%h$","msg":"[HTTP] server stopping"}
{"level":"info","timestamp":"2025-08-17 18:42:49.937","message":"Shutting down server..."}
{"level":"info","timestamp":"2025-08-17 18:42:49.937","message":"Gracefully stop kratos application"}
{"level":"info","timestamp":"2025-08-17 18:42:49.937","message":"Server exited successfully."}
{"level":"info","timestamp":"2025-08-17 18:43:08.787","caller":"log/log.go:190","message":"Starting application","name":"apiserver","version":"{\"gitVersion\":\"v0.0.0-master+$Format:%h$\",\"gitCommit\":\"$Format:%H$\",\"gitTreeState\":\"\",\"buildDate\":\"1970-01-01T00:00:00Z\",\"goVersion\":\"go1.25rc2\",\"compiler\":\"gc\",\"platform\":\"darwin/arm64\"}"}
{"level":"info","timestamp":"2025-08-17 18:43:08.787","caller":"log/log.go:190","message":"Golang settings","GOGC":"","GOMAXPROCS":"","GOTRACEBACK":""}
{"level":"debug","timestamp":"2025-08-17 18:43:08.787","caller":"log/log.go:188","message":"CFG: http.timeout=10s"}
{"level":"debug","timestamp":"2025-08-17 18:43:08.787","caller":"log/log.go:188","message":"CFG: jaeger.sampler-type=const"}
{"level":"debug","timestamp":"2025-08-17 18:43:08.787","caller":"log/log.go:188","message":"CFG: sentry.traces-sample-rate=0.1"}
{"level":"debug","timestamp":"2025-08-17 18:43:08.787","caller":"log/log.go:188","message":"CFG: pool-monitor.enabled=true"}
{"level":"debug","timestamp":"2025-08-17 18:43:08.787","caller":"log/log.go:188","message":"CFG: http.network=tcp"}
{"level":"debug","timestamp":"2025-08-17 18:43:08.787","caller":"log/log.go:188","message":"CFG: sentry.debug=false"}
{"level":"debug","timestamp":"2025-08-17 18:43:08.787","caller":"log/log.go:188","message":"CFG: redis.dial-timeout=5s"}
{"level":"debug","timestamp":"2025-08-17 18:43:08.787","caller":"log/log.go:188","message":"CFG: jaeger.server=127.0.0.1:6831"}
{"level":"debug","timestamp":"2025-08-17 18:43:08.787","caller":"log/log.go:188","message":"CFG: sentry.enable-tracing=true"}
{"level":"debug","timestamp":"2025-08-17 18:43:08.787","caller":"log/log.go:188","message":"CFG: mysql.password=proj(#)666"}
{"level":"debug","timestamp":"2025-08-17 18:43:08.787","caller":"log/log.go:188","message":"CFG: sentry.enable-profiling=false"}
{"level":"debug","timestamp":"2025-08-17 18:43:08.787","caller":"log/log.go:188","message":"CFG: sentry.release="}
{"level":"debug","timestamp":"2025-08-17 18:43:08.787","caller":"log/log.go:188","message":"CFG: mysql.max-idle-connections=100"}
{"level":"debug","timestamp":"2025-08-17 18:43:08.787","caller":"log/log.go:188","message":"CFG: redis.max-retries=3"}
{"level":"debug","timestamp":"2025-08-17 18:43:08.787","caller":"log/log.go:188","message":"CFG: log.disable-caller=false"}
{"level":"debug","timestamp":"2025-08-17 18:43:08.787","caller":"log/log.go:188","message":"CFG: mysql.enable-trace=true"}
{"level":"debug","timestamp":"2025-08-17 18:43:08.787","caller":"log/log.go:188","message":"CFG: log.victoria-logs.timezone=UTC"}
{"level":"debug","timestamp":"2025-08-17 18:43:08.787","caller":"log/log.go:188","message":"CFG: grpc.addr=0.0.0.0:9090"}
{"level":"debug","timestamp":"2025-08-17 18:43:08.787","caller":"log/log.go:188","message":"CFG: mysql.log-mode=1"}
{"level":"debug","timestamp":"2025-08-17 18:43:08.787","caller":"log/log.go:188","message":"CFG: redis.pool-size=10"}
{"level":"debug","timestamp":"2025-08-17 18:43:08.787","caller":"log/log.go:188","message":"CFG: log.victoria-logs.service=apiserver"}
{"level":"debug","timestamp":"2025-08-17 18:43:08.787","caller":"log/log.go:188","message":"CFG: jwt.max-refresh=2h"}
{"level":"debug","timestamp":"2025-08-17 18:43:08.787","caller":"log/log.go:188","message":"CFG: log.victoria-logs.version=v2.0.0"}
{"level":"debug","timestamp":"2025-08-17 18:43:08.787","caller":"log/log.go:188","message":"CFG: redis.read-timeout=3s"}
{"level":"debug","timestamp":"2025-08-17 18:43:08.787","caller":"log/log.go:188","message":"CFG: jwt.key=onex(#)666"}
{"level":"debug","timestamp":"2025-08-17 18:43:08.787","caller":"log/log.go:188","message":"CFG: log.victoria-logs.enabled=true"}
{"level":"debug","timestamp":"2025-08-17 18:43:08.787","caller":"log/log.go:188","message":"CFG: sentry.attach-stacktrace=true"}
{"level":"debug","timestamp":"2025-08-17 18:43:08.787","caller":"log/log.go:188","message":"CFG: jaeger.service-name=apiserver"}
{"level":"debug","timestamp":"2025-08-17 18:43:08.787","caller":"log/log.go:188","message":"CFG: grpc.network=tcp"}
{"level":"debug","timestamp":"2025-08-17 18:43:08.787","caller":"log/log.go:188","message":"CFG: mysql.username=root"}
{"level":"debug","timestamp":"2025-08-17 18:43:08.787","caller":"log/log.go:188","message":"CFG: log.level=debug"}
{"level":"debug","timestamp":"2025-08-17 18:43:08.788","caller":"log/log.go:188","message":"CFG: log.victoria-logs.flush-interval=5"}
{"level":"debug","timestamp":"2025-08-17 18:43:08.788","caller":"log/log.go:188","message":"CFG: sentry.flush-timeout=5s"}
{"level":"debug","timestamp":"2025-08-17 18:43:08.788","caller":"log/log.go:188","message":"CFG: redis.username="}
{"level":"debug","timestamp":"2025-08-17 18:43:08.788","caller":"log/log.go:188","message":"CFG: v=0"}
{"level":"debug","timestamp":"2025-08-17 18:43:08.788","caller":"log/log.go:188","message":"CFG: pool-monitor.redis.enabled=true"}
{"level":"debug","timestamp":"2025-08-17 18:43:08.788","caller":"log/log.go:188","message":"CFG: log.victoria-logs.environment=development"}
{"level":"debug","timestamp":"2025-08-17 18:43:08.788","caller":"log/log.go:188","message":"CFG: sentry.profiles-sample-rate=0.1"}
{"level":"debug","timestamp":"2025-08-17 18:43:08.788","caller":"log/log.go:188","message":"CFG: log.output-paths=[stdout logs/app.log]"}
{"level":"debug","timestamp":"2025-08-17 18:43:08.788","caller":"log/log.go:188","message":"CFG: pool-monitor.database.enabled=true"}
{"level":"debug","timestamp":"2025-08-17 18:43:08.788","caller":"log/log.go:188","message":"CFG: log.victoria-logs.buffer-size=1000"}
{"level":"debug","timestamp":"2025-08-17 18:43:08.788","caller":"log/log.go:188","message":"CFG: jaeger.enabled=true"}
{"level":"debug","timestamp":"2025-08-17 18:43:08.788","caller":"log/log.go:188","message":"CFG: jwt.expired=2h"}
{"level":"debug","timestamp":"2025-08-17 18:43:08.788","caller":"log/log.go:188","message":"CFG: sentry.environment=development"}
{"level":"debug","timestamp":"2025-08-17 18:43:08.788","caller":"log/log.go:188","message":"CFG: log.disable-stacktrace=false"}
{"level":"debug","timestamp":"2025-08-17 18:43:08.788","caller":"log/log.go:188","message":"CFG: pool-monitor.database.slow-query=1s"}
{"level":"debug","timestamp":"2025-08-17 18:43:08.788","caller":"log/log.go:188","message":"CFG: sentry.dsn="}
{"level":"debug","timestamp":"2025-08-17 18:43:08.788","caller":"log/log.go:188","message":"CFG: help=false"}
{"level":"debug","timestamp":"2025-08-17 18:43:08.788","caller":"log/log.go:188","message":"CFG: jaeger.env=development"}
{"level":"debug","timestamp":"2025-08-17 18:43:08.788","caller":"log/log.go:188","message":"CFG: config=configs/apiserver.yaml"}
{"level":"debug","timestamp":"2025-08-17 18:43:08.788","caller":"log/log.go:188","message":"CFG: redis.enable-trace=true"}
{"level":"debug","timestamp":"2025-08-17 18:43:08.788","caller":"log/log.go:188","message":"CFG: jaeger.sampler-param=1"}
{"level":"debug","timestamp":"2025-08-17 18:43:08.788","caller":"log/log.go:188","message":"CFG: jaeger.agent-port=6831"}
{"level":"debug","timestamp":"2025-08-17 18:43:08.788","caller":"log/log.go:188","message":"CFG: sentry.send-default-pii=false"}
{"level":"debug","timestamp":"2025-08-17 18:43:08.788","caller":"log/log.go:188","message":"CFG: redis.write-timeout=3s"}
{"level":"debug","timestamp":"2025-08-17 18:43:08.788","caller":"log/log.go:188","message":"CFG: mysql.max-connection-life-time=10s"}
{"level":"debug","timestamp":"2025-08-17 18:43:08.788","caller":"log/log.go:188","message":"CFG: log.enable-color=false"}
{"level":"debug","timestamp":"2025-08-17 18:43:08.788","caller":"log/log.go:188","message":"CFG: pool-monitor.collect-interval=30s"}
{"level":"debug","timestamp":"2025-08-17 18:43:08.788","caller":"log/log.go:188","message":"CFG: redis.min-idle-conns=0"}
{"level":"debug","timestamp":"2025-08-17 18:43:08.788","caller":"log/log.go:188","message":"CFG: mysql.log-level=1"}
{"level":"debug","timestamp":"2025-08-17 18:43:08.788","caller":"log/log.go:188","message":"CFG: sentry.sample-rate=1"}
{"level":"debug","timestamp":"2025-08-17 18:43:08.788","caller":"log/log.go:188","message":"CFG: feature-gates="}
{"level":"debug","timestamp":"2025-08-17 18:43:08.788","caller":"log/log.go:188","message":"CFG: log-flush-frequency=5s"}
{"level":"debug","timestamp":"2025-08-17 18:43:08.788","caller":"log/log.go:188","message":"CFG: pool-monitor.namespace=apiserver"}
{"level":"debug","timestamp":"2025-08-17 18:43:08.788","caller":"log/log.go:188","message":"CFG: mysql.host=127.0.0.1"}
{"level":"debug","timestamp":"2025-08-17 18:43:08.788","caller":"log/log.go:188","message":"CFG: redis.addr=127.0.0.1:6379"}
{"level":"debug","timestamp":"2025-08-17 18:43:08.788","caller":"log/log.go:188","message":"CFG: redis.pool-timeout=4s"}
{"level":"debug","timestamp":"2025-08-17 18:43:08.788","caller":"log/log.go:188","message":"CFG: redis.database=0"}
{"level":"debug","timestamp":"2025-08-17 18:43:08.788","caller":"log/log.go:188","message":"CFG: log.victoria-logs.batch-size=100"}
{"level":"debug","timestamp":"2025-08-17 18:43:08.788","caller":"log/log.go:188","message":"CFG: version=false"}
{"level":"debug","timestamp":"2025-08-17 18:43:08.788","caller":"log/log.go:188","message":"CFG: mysql.database=protoc"}
{"level":"debug","timestamp":"2025-08-17 18:43:08.788","caller":"log/log.go:188","message":"CFG: vmodule="}
{"level":"debug","timestamp":"2025-08-17 18:43:08.788","caller":"log/log.go:188","message":"CFG: sentry.enabled=false"}
{"level":"debug","timestamp":"2025-08-17 18:43:08.788","caller":"log/log.go:188","message":"CFG: sentry.server-name="}
{"level":"debug","timestamp":"2025-08-17 18:43:08.788","caller":"log/log.go:188","message":"CFG: mysql.max-open-connections=100"}
{"level":"debug","timestamp":"2025-08-17 18:43:08.788","caller":"log/log.go:188","message":"CFG: jaeger.reporter-log-spans=true"}
{"level":"debug","timestamp":"2025-08-17 18:43:08.788","caller":"log/log.go:188","message":"CFG: jaeger.agent-host=127.0.0.1"}
{"level":"debug","timestamp":"2025-08-17 18:43:08.788","caller":"log/log.go:188","message":"CFG: jwt.signing-method=HS512"}
{"level":"debug","timestamp":"2025-08-17 18:43:08.788","caller":"log/log.go:188","message":"CFG: redis.password="}
{"level":"debug","timestamp":"2025-08-17 18:43:08.788","caller":"log/log.go:188","message":"CFG: sentry.max-breadcrumbs=100"}
{"level":"debug","timestamp":"2025-08-17 18:43:08.788","caller":"log/log.go:188","message":"CFG: log.victoria-logs.endpoint=http://127.0.0.1:9428"}
{"level":"debug","timestamp":"2025-08-17 18:43:08.788","caller":"log/log.go:188","message":"CFG: log.format=json"}
{"level":"debug","timestamp":"2025-08-17 18:43:08.788","caller":"log/log.go:188","message":"CFG: http.addr=0.0.0.0:8080"}
{"level":"debug","timestamp":"2025-08-17 18:43:08.788","caller":"log/log.go:188","message":"CFG: grpc.timeout=10s"}
{"level":"debug","timestamp":"2025-08-17 18:43:08.788","caller":"log/log.go:188","message":"CFG: log.victoria-logs.timeout=10"}
{"level":"debug","timestamp":"2025-08-17 18:43:08.788","caller":"log/log.go:188","message":"CFG: sentry.ignore-errors=[]"}
{"level":"info","timestamp":"2025-08-17 18:43:08.788","caller":"log/log.go:190","message":"Connection pool metrics collection is enabled through dependency injection"}
{"level":"info","timestamp":"2025-08-17 18:43:08.788","caller":"log/log.go:190","message":"Metrics will be automatically collected by the PoolMonitor when database connections are established"}
{"level":"info","timestamp":"2025-08-17 18:43:08.788","caller":"log/log.go:190","message":"Database pool monitoring enabled","slow_query_threshold":1000,"collect_interval":30000}
{"level":"info","timestamp":"2025-08-17 18:43:08.788","caller":"log/log.go:190","message":"Redis pool monitoring enabled","collect_interval":30000}
{"level":"info","timestamp":"2025-08-17 18:43:08.788","message":"Logger initialized","level":"debug","format":"json"}
{"level":"debug","timestamp":"2025-08-17 18:43:08.788","message":"Debug logging enabled","caller_skip":2,"enable_color":false}
{"level":"info","timestamp":"2025-08-17 18:43:08.788","message":"Validating service connections before startup..."}
{"level":"info","timestamp":"2025-08-17 18:43:08.789","message":"Testing MySQL connection..."}
{"level":"info","timestamp":"2025-08-17 18:43:08.794","message":"MySQL connection test passed"}
{"level":"info","timestamp":"2025-08-17 18:43:08.794","message":"Testing Redis connection..."}
{"level":"info","timestamp":"2025-08-17 18:43:08.797","message":"Redis connection test passed"}
{"level":"info","timestamp":"2025-08-17 18:43:08.797","message":"Testing Jaeger connection..."}
{"level":"info","timestamp":"2025-08-17 18:43:08.797","message":"Jaeger connection test passed"}
{"level":"info","timestamp":"2025-08-17 18:43:08.797","message":"All service connections validated successfully"}
{"level":"info","timestamp":"2025-08-17 18:43:08.897","message":"Start to listening the incoming requests","protocol":"kratos"}
{"level":"info","timestamp":"2025-08-17 18:43:08.898","message":"","ts":"2025-08-17T18:43:08+08:00","caller":"grpc/server.go:220","service.id":"costalongdeMacBook-Pro.local","service.name":"apiserver","service.version":"v0.0.0-master+$Format:%h$","msg":"[gRPC] server listening on: [::]:9090"}
{"level":"info","timestamp":"2025-08-17 18:43:08.898","message":"","ts":"2025-08-17T18:43:08+08:00","caller":"http/server.go:330","service.id":"costalongdeMacBook-Pro.local","service.name":"apiserver","service.version":"v0.0.0-master+$Format:%h$","msg":"[HTTP] server listening on: [::]:8080"}
{"level":"error","timestamp":"2025-08-17 18:43:10.995","message":"GetUser","err":"test code error"}
{"level":"error","timestamp":"2025-08-17 18:43:11.000","message":"","kind":"server","component":"http","operation":"/apiserver.v1.ApiServer/GetUser","args":"id:\"debug-test\"","code":500,"reason":"","stack":"user not found","latency":0.004814}
{"level":"info","timestamp":"2025-08-17 18:43:43.697","message":"Shutting down server..."}
{"level":"info","timestamp":"2025-08-17 18:43:43.697","message":"","ts":"2025-08-17T18:43:43+08:00","caller":"http/server.go:345","service.id":"costalongdeMacBook-Pro.local","service.name":"apiserver","service.version":"v0.0.0-master+$Format:%h$","msg":"[HTTP] server stopping"}
{"level":"info","timestamp":"2025-08-17 18:43:43.697","message":"Gracefully stop kratos application"}
{"level":"info","timestamp":"2025-08-17 18:43:43.697","message":"Server exited successfully."}
{"level":"debug","timestamp":"2025-08-17 18:44:21.418","caller":"app/app.go:341","message":"Context extractors configured","count":2}
{"level":"debug","timestamp":"2025-08-17 18:44:21.418","caller":"app/app.go:341","message":"Context extractor registered","field":"x-trace-id"}
{"level":"debug","timestamp":"2025-08-17 18:44:21.418","caller":"app/app.go:341","message":"Context extractor registered","field":"x-user-id"}
{"level":"info","timestamp":"2025-08-17 18:44:21.418","caller":"log/log.go:200","message":"Starting application","name":"apiserver","version":"{\"gitVersion\":\"v0.0.0-master+$Format:%h$\",\"gitCommit\":\"$Format:%H$\",\"gitTreeState\":\"\",\"buildDate\":\"1970-01-01T00:00:00Z\",\"goVersion\":\"go1.25rc2\",\"compiler\":\"gc\",\"platform\":\"darwin/arm64\"}"}
{"level":"info","timestamp":"2025-08-17 18:44:21.418","caller":"log/log.go:200","message":"Golang settings","GOGC":"","GOMAXPROCS":"","GOTRACEBACK":""}
{"level":"debug","timestamp":"2025-08-17 18:44:21.418","caller":"log/log.go:198","message":"CFG: redis.dial-timeout=5s"}
{"level":"debug","timestamp":"2025-08-17 18:44:21.418","caller":"log/log.go:198","message":"CFG: http.addr=0.0.0.0:8080"}
{"level":"debug","timestamp":"2025-08-17 18:44:21.419","caller":"log/log.go:198","message":"CFG: v=0"}
{"level":"debug","timestamp":"2025-08-17 18:44:21.419","caller":"log/log.go:198","message":"CFG: jaeger.enabled=true"}
{"level":"debug","timestamp":"2025-08-17 18:44:21.419","caller":"log/log.go:198","message":"CFG: mysql.log-level=1"}
{"level":"debug","timestamp":"2025-08-17 18:44:21.419","caller":"log/log.go:198","message":"CFG: log.format=json"}
{"level":"debug","timestamp":"2025-08-17 18:44:21.419","caller":"log/log.go:198","message":"CFG: vmodule="}
{"level":"debug","timestamp":"2025-08-17 18:44:21.419","caller":"log/log.go:198","message":"CFG: pool-monitor.collect-interval=30s"}
{"level":"debug","timestamp":"2025-08-17 18:44:21.419","caller":"log/log.go:198","message":"CFG: log.victoria-logs.endpoint=http://127.0.0.1:9428"}
{"level":"debug","timestamp":"2025-08-17 18:44:21.419","caller":"log/log.go:198","message":"CFG: jaeger.server=127.0.0.1:6831"}
{"level":"debug","timestamp":"2025-08-17 18:44:21.419","caller":"log/log.go:198","message":"CFG: log.disable-caller=false"}
{"level":"debug","timestamp":"2025-08-17 18:44:21.419","caller":"log/log.go:198","message":"CFG: jaeger.reporter-log-spans=true"}
{"level":"debug","timestamp":"2025-08-17 18:44:21.419","caller":"log/log.go:198","message":"CFG: jaeger.agent-host=127.0.0.1"}
{"level":"debug","timestamp":"2025-08-17 18:44:21.419","caller":"log/log.go:198","message":"CFG: grpc.network=tcp"}
{"level":"debug","timestamp":"2025-08-17 18:44:21.419","caller":"log/log.go:198","message":"CFG: sentry.flush-timeout=5s"}
{"level":"debug","timestamp":"2025-08-17 18:44:21.419","caller":"log/log.go:198","message":"CFG: redis.enable-trace=true"}
{"level":"debug","timestamp":"2025-08-17 18:44:21.419","caller":"log/log.go:198","message":"CFG: http.network=tcp"}
{"level":"debug","timestamp":"2025-08-17 18:44:21.419","caller":"log/log.go:198","message":"CFG: log.victoria-logs.flush-interval=5"}
{"level":"debug","timestamp":"2025-08-17 18:44:21.419","caller":"log/log.go:198","message":"CFG: log-flush-frequency=5s"}
{"level":"debug","timestamp":"2025-08-17 18:44:21.419","caller":"log/log.go:198","message":"CFG: version=false"}
{"level":"debug","timestamp":"2025-08-17 18:44:21.419","caller":"log/log.go:198","message":"CFG: log.enable-color=false"}
{"level":"debug","timestamp":"2025-08-17 18:44:21.419","caller":"log/log.go:198","message":"CFG: sentry.profiles-sample-rate=0.1"}
{"level":"debug","timestamp":"2025-08-17 18:44:21.419","caller":"log/log.go:198","message":"CFG: redis.pool-timeout=4s"}
{"level":"debug","timestamp":"2025-08-17 18:44:21.419","caller":"log/log.go:198","message":"CFG: sentry.enable-profiling=false"}
{"level":"debug","timestamp":"2025-08-17 18:44:21.419","caller":"log/log.go:198","message":"CFG: log.output-paths=[stdout logs/app.log]"}
{"level":"debug","timestamp":"2025-08-17 18:44:21.419","caller":"log/log.go:198","message":"CFG: mysql.enable-trace=true"}
{"level":"debug","timestamp":"2025-08-17 18:44:21.419","caller":"log/log.go:198","message":"CFG: pool-monitor.enabled=true"}
{"level":"debug","timestamp":"2025-08-17 18:44:21.419","caller":"log/log.go:198","message":"CFG: mysql.max-open-connections=100"}
{"level":"debug","timestamp":"2025-08-17 18:44:21.419","caller":"log/log.go:198","message":"CFG: sentry.release="}
{"level":"debug","timestamp":"2025-08-17 18:44:21.419","caller":"log/log.go:198","message":"CFG: sentry.server-name="}
{"level":"debug","timestamp":"2025-08-17 18:44:21.419","caller":"log/log.go:198","message":"CFG: mysql.username=root"}
{"level":"debug","timestamp":"2025-08-17 18:44:21.419","caller":"log/log.go:198","message":"CFG: pool-monitor.redis.enabled=true"}
{"level":"debug","timestamp":"2025-08-17 18:44:21.419","caller":"log/log.go:198","message":"CFG: pool-monitor.database.slow-query=1s"}
{"level":"debug","timestamp":"2025-08-17 18:44:21.419","caller":"log/log.go:198","message":"CFG: redis.write-timeout=3s"}
{"level":"debug","timestamp":"2025-08-17 18:44:21.419","caller":"log/log.go:198","message":"CFG: redis.max-retries=3"}
{"level":"debug","timestamp":"2025-08-17 18:44:21.419","caller":"log/log.go:198","message":"CFG: redis.database=0"}
{"level":"debug","timestamp":"2025-08-17 18:44:21.419","caller":"log/log.go:198","message":"CFG: feature-gates="}
{"level":"debug","timestamp":"2025-08-17 18:44:21.419","caller":"log/log.go:198","message":"CFG: log.victoria-logs.batch-size=100"}
{"level":"debug","timestamp":"2025-08-17 18:44:21.419","caller":"log/log.go:198","message":"CFG: redis.password="}
{"level":"debug","timestamp":"2025-08-17 18:44:21.419","caller":"log/log.go:198","message":"CFG: jwt.signing-method=HS512"}
{"level":"debug","timestamp":"2025-08-17 18:44:21.419","caller":"log/log.go:198","message":"CFG: sentry.enable-tracing=true"}
{"level":"debug","timestamp":"2025-08-17 18:44:21.419","caller":"log/log.go:198","message":"CFG: jaeger.sampler-param=1"}
{"level":"debug","timestamp":"2025-08-17 18:44:21.419","caller":"log/log.go:198","message":"CFG: redis.min-idle-conns=0"}
{"level":"debug","timestamp":"2025-08-17 18:44:21.419","caller":"log/log.go:198","message":"CFG: jaeger.env=development"}
{"level":"debug","timestamp":"2025-08-17 18:44:21.419","caller":"log/log.go:198","message":"CFG: redis.read-timeout=3s"}
{"level":"debug","timestamp":"2025-08-17 18:44:21.419","caller":"log/log.go:198","message":"CFG: mysql.password=proj(#)666"}
{"level":"debug","timestamp":"2025-08-17 18:44:21.419","caller":"log/log.go:198","message":"CFG: http.timeout=10s"}
{"level":"debug","timestamp":"2025-08-17 18:44:21.419","caller":"log/log.go:198","message":"CFG: sentry.enabled=false"}
{"level":"debug","timestamp":"2025-08-17 18:44:21.419","caller":"log/log.go:198","message":"CFG: sentry.traces-sample-rate=0.1"}
{"level":"debug","timestamp":"2025-08-17 18:44:21.419","caller":"log/log.go:198","message":"CFG: mysql.max-idle-connections=100"}
{"level":"debug","timestamp":"2025-08-17 18:44:21.419","caller":"log/log.go:198","message":"CFG: redis.username="}
{"level":"debug","timestamp":"2025-08-17 18:44:21.419","caller":"log/log.go:198","message":"CFG: jaeger.agent-port=6831"}
{"level":"debug","timestamp":"2025-08-17 18:44:21.419","caller":"log/log.go:198","message":"CFG: log.victoria-logs.version=v2.0.0"}
{"level":"debug","timestamp":"2025-08-17 18:44:21.419","caller":"log/log.go:198","message":"CFG: jwt.expired=2h"}
{"level":"debug","timestamp":"2025-08-17 18:44:21.419","caller":"log/log.go:198","message":"CFG: log.disable-stacktrace=false"}
{"level":"debug","timestamp":"2025-08-17 18:44:21.419","caller":"log/log.go:198","message":"CFG: sentry.sample-rate=1"}
{"level":"debug","timestamp":"2025-08-17 18:44:21.419","caller":"log/log.go:198","message":"CFG: sentry.max-breadcrumbs=100"}
{"level":"debug","timestamp":"2025-08-17 18:44:21.420","caller":"log/log.go:198","message":"CFG: pool-monitor.namespace=apiserver"}
{"level":"debug","timestamp":"2025-08-17 18:44:21.420","caller":"log/log.go:198","message":"CFG: mysql.host=127.0.0.1"}
{"level":"debug","timestamp":"2025-08-17 18:44:21.420","caller":"log/log.go:198","message":"CFG: config=configs/apiserver.yaml"}
{"level":"debug","timestamp":"2025-08-17 18:44:21.420","caller":"log/log.go:198","message":"CFG: mysql.max-connection-life-time=10s"}
{"level":"debug","timestamp":"2025-08-17 18:44:21.420","caller":"log/log.go:198","message":"CFG: log.victoria-logs.timeout=10"}
{"level":"debug","timestamp":"2025-08-17 18:44:21.420","caller":"log/log.go:198","message":"CFG: help=false"}
{"level":"debug","timestamp":"2025-08-17 18:44:21.420","caller":"log/log.go:198","message":"CFG: log.level=debug"}
{"level":"debug","timestamp":"2025-08-17 18:44:21.420","caller":"log/log.go:198","message":"CFG: log.victoria-logs.buffer-size=1000"}
{"level":"debug","timestamp":"2025-08-17 18:44:21.420","caller":"log/log.go:198","message":"CFG: sentry.send-default-pii=false"}
{"level":"debug","timestamp":"2025-08-17 18:44:21.420","caller":"log/log.go:198","message":"CFG: jaeger.sampler-type=const"}
{"level":"debug","timestamp":"2025-08-17 18:44:21.420","caller":"log/log.go:198","message":"CFG: sentry.debug=false"}
{"level":"debug","timestamp":"2025-08-17 18:44:21.420","caller":"log/log.go:198","message":"CFG: jwt.key=onex(#)666"}
{"level":"debug","timestamp":"2025-08-17 18:44:21.420","caller":"log/log.go:198","message":"CFG: sentry.dsn="}
{"level":"debug","timestamp":"2025-08-17 18:44:21.420","caller":"log/log.go:198","message":"CFG: grpc.addr=0.0.0.0:9090"}
{"level":"debug","timestamp":"2025-08-17 18:44:21.420","caller":"log/log.go:198","message":"CFG: grpc.timeout=10s"}
{"level":"debug","timestamp":"2025-08-17 18:44:21.420","caller":"log/log.go:198","message":"CFG: log.victoria-logs.service=apiserver"}
{"level":"debug","timestamp":"2025-08-17 18:44:21.420","caller":"log/log.go:198","message":"CFG: redis.addr=127.0.0.1:6379"}
{"level":"debug","timestamp":"2025-08-17 18:44:21.420","caller":"log/log.go:198","message":"CFG: jaeger.service-name=apiserver"}
{"level":"debug","timestamp":"2025-08-17 18:44:21.420","caller":"log/log.go:198","message":"CFG: sentry.attach-stacktrace=true"}
{"level":"debug","timestamp":"2025-08-17 18:44:21.420","caller":"log/log.go:198","message":"CFG: redis.pool-size=10"}
{"level":"debug","timestamp":"2025-08-17 18:44:21.420","caller":"log/log.go:198","message":"CFG: log.victoria-logs.timezone=UTC"}
{"level":"debug","timestamp":"2025-08-17 18:44:21.420","caller":"log/log.go:198","message":"CFG: jwt.max-refresh=2h"}
{"level":"debug","timestamp":"2025-08-17 18:44:21.420","caller":"log/log.go:198","message":"CFG: sentry.environment=development"}
{"level":"debug","timestamp":"2025-08-17 18:44:21.420","caller":"log/log.go:198","message":"CFG: mysql.log-mode=1"}
{"level":"debug","timestamp":"2025-08-17 18:44:21.420","caller":"log/log.go:198","message":"CFG: log.victoria-logs.environment=development"}
{"level":"debug","timestamp":"2025-08-17 18:44:21.420","caller":"log/log.go:198","message":"CFG: mysql.database=protoc"}
{"level":"debug","timestamp":"2025-08-17 18:44:21.420","caller":"log/log.go:198","message":"CFG: sentry.ignore-errors=[]"}
{"level":"debug","timestamp":"2025-08-17 18:44:21.420","caller":"log/log.go:198","message":"CFG: pool-monitor.database.enabled=true"}
{"level":"debug","timestamp":"2025-08-17 18:44:21.420","caller":"log/log.go:198","message":"CFG: log.victoria-logs.enabled=true"}
{"level":"info","timestamp":"2025-08-17 18:44:21.420","caller":"log/log.go:200","message":"Connection pool metrics collection is enabled through dependency injection"}
{"level":"info","timestamp":"2025-08-17 18:44:21.420","caller":"log/log.go:200","message":"Metrics will be automatically collected by the PoolMonitor when database connections are established"}
{"level":"info","timestamp":"2025-08-17 18:44:21.420","caller":"log/log.go:200","message":"Database pool monitoring enabled","slow_query_threshold":1000,"collect_interval":30000}
{"level":"info","timestamp":"2025-08-17 18:44:21.420","caller":"log/log.go:200","message":"Redis pool monitoring enabled","collect_interval":30000}
{"level":"debug","timestamp":"2025-08-17 18:44:21.420","message":"No context extractors configured"}
{"level":"info","timestamp":"2025-08-17 18:44:21.420","message":"Logger initialized","level":"debug","format":"json"}
{"level":"debug","timestamp":"2025-08-17 18:44:21.420","message":"Debug logging enabled","caller_skip":2,"enable_color":false}
{"level":"info","timestamp":"2025-08-17 18:44:21.420","message":"Validating service connections before startup..."}
{"level":"info","timestamp":"2025-08-17 18:44:21.420","message":"Testing MySQL connection..."}
{"level":"info","timestamp":"2025-08-17 18:44:21.427","message":"MySQL connection test passed"}
{"level":"info","timestamp":"2025-08-17 18:44:21.427","message":"Testing Redis connection..."}
{"level":"info","timestamp":"2025-08-17 18:44:21.430","message":"Redis connection test passed"}
{"level":"info","timestamp":"2025-08-17 18:44:21.430","message":"Testing Jaeger connection..."}
{"level":"info","timestamp":"2025-08-17 18:44:21.430","message":"Jaeger connection test passed"}
{"level":"info","timestamp":"2025-08-17 18:44:21.430","message":"All service connections validated successfully"}
{"level":"info","timestamp":"2025-08-17 18:44:21.527","message":"Start to listening the incoming requests","protocol":"kratos"}
{"level":"info","timestamp":"2025-08-17 18:44:21.528","message":"","ts":"2025-08-17T18:44:21+08:00","caller":"grpc/server.go:220","service.id":"costalongdeMacBook-Pro.local","service.name":"apiserver","service.version":"v0.0.0-master+$Format:%h$","msg":"[gRPC] server listening on: [::]:9090"}
{"level":"info","timestamp":"2025-08-17 18:44:21.528","message":"","ts":"2025-08-17T18:44:21+08:00","caller":"http/server.go:330","service.id":"costalongdeMacBook-Pro.local","service.name":"apiserver","service.version":"v0.0.0-master+$Format:%h$","msg":"[HTTP] server listening on: [::]:8080"}
{"level":"error","timestamp":"2025-08-17 18:44:36.188","message":"GetUser","err":"test code error"}
{"level":"error","timestamp":"2025-08-17 18:44:36.195","message":"","kind":"server","component":"http","operation":"/apiserver.v1.ApiServer/GetUser","args":"id:\"final-test\"","code":500,"reason":"","stack":"user not found","latency":0.00667725}
{"level":"error","timestamp":"2025-08-17 18:44:47.584","message":"GetUser","err":"test code error"}
{"level":"error","timestamp":"2025-08-17 18:46:16.500","message":"GetUser","err":"test code error"}
{"level":"error","timestamp":"2025-08-17 18:46:16.504","message":"","kind":"server","component":"http","operation":"/apiserver.v1.ApiServer/GetUser","args":"id:\"trace-debug\"","code":500,"reason":"","stack":"user not found","latency":0.004051625}
{"level":"info","timestamp":"2025-08-17 18:46:45.454","message":"Shutting down server..."}
{"level":"info","timestamp":"2025-08-17 18:46:45.454","message":"Gracefully stop kratos application"}
{"level":"info","timestamp":"2025-08-17 18:46:45.454","message":"Server exited successfully."}
{"level":"debug","timestamp":"2025-08-17 18:47:20.982","caller":"app/app.go:341","message":"Context extractors configured","count":2}
{"level":"debug","timestamp":"2025-08-17 18:47:20.983","caller":"app/app.go:341","message":"Context extractor registered","field":"x-trace-id"}
{"level":"debug","timestamp":"2025-08-17 18:47:20.983","caller":"app/app.go:341","message":"Context extractor registered","field":"x-user-id"}
{"level":"info","timestamp":"2025-08-17 18:47:20.983","caller":"log/log.go:200","message":"Starting application","name":"apiserver","version":"{\"gitVersion\":\"v0.0.0-master+$Format:%h$\",\"gitCommit\":\"$Format:%H$\",\"gitTreeState\":\"\",\"buildDate\":\"1970-01-01T00:00:00Z\",\"goVersion\":\"go1.25rc2\",\"compiler\":\"gc\",\"platform\":\"darwin/arm64\"}"}
{"level":"info","timestamp":"2025-08-17 18:47:20.983","caller":"log/log.go:200","message":"Golang settings","GOGC":"","GOMAXPROCS":"","GOTRACEBACK":""}
{"level":"debug","timestamp":"2025-08-17 18:47:20.983","caller":"log/log.go:198","message":"CFG: mysql.max-open-connections=100"}
{"level":"debug","timestamp":"2025-08-17 18:47:20.983","caller":"log/log.go:198","message":"CFG: redis.min-idle-conns=0"}
{"level":"debug","timestamp":"2025-08-17 18:47:20.983","caller":"log/log.go:198","message":"CFG: pool-monitor.database.enabled=true"}
{"level":"debug","timestamp":"2025-08-17 18:47:20.983","caller":"log/log.go:198","message":"CFG: http.addr=0.0.0.0:8080"}
{"level":"debug","timestamp":"2025-08-17 18:47:20.983","caller":"log/log.go:198","message":"CFG: redis.read-timeout=3s"}
{"level":"debug","timestamp":"2025-08-17 18:47:20.983","caller":"log/log.go:198","message":"CFG: log.enable-color=false"}
{"level":"debug","timestamp":"2025-08-17 18:47:20.983","caller":"log/log.go:198","message":"CFG: log.output-paths=[stdout logs/app.log]"}
{"level":"debug","timestamp":"2025-08-17 18:47:20.983","caller":"log/log.go:198","message":"CFG: grpc.timeout=10s"}
{"level":"debug","timestamp":"2025-08-17 18:47:20.983","caller":"log/log.go:198","message":"CFG: jwt.max-refresh=2h"}
{"level":"debug","timestamp":"2025-08-17 18:47:20.983","caller":"log/log.go:198","message":"CFG: jwt.key=onex(#)666"}
{"level":"debug","timestamp":"2025-08-17 18:47:20.983","caller":"log/log.go:198","message":"CFG: mysql.password=proj(#)666"}
{"level":"debug","timestamp":"2025-08-17 18:47:20.983","caller":"log/log.go:198","message":"CFG: sentry.environment=development"}
{"level":"debug","timestamp":"2025-08-17 18:47:20.983","caller":"log/log.go:198","message":"CFG: v=0"}
{"level":"debug","timestamp":"2025-08-17 18:47:20.983","caller":"log/log.go:198","message":"CFG: sentry.profiles-sample-rate=0.1"}
{"level":"debug","timestamp":"2025-08-17 18:47:20.983","caller":"log/log.go:198","message":"CFG: pool-monitor.database.slow-query=1s"}
{"level":"debug","timestamp":"2025-08-17 18:47:20.983","caller":"log/log.go:198","message":"CFG: pool-monitor.redis.enabled=true"}
{"level":"debug","timestamp":"2025-08-17 18:47:20.983","caller":"log/log.go:198","message":"CFG: config=configs/apiserver.yaml"}
{"level":"debug","timestamp":"2025-08-17 18:47:20.983","caller":"log/log.go:198","message":"CFG: log.victoria-logs.environment=development"}
{"level":"debug","timestamp":"2025-08-17 18:47:20.983","caller":"log/log.go:198","message":"CFG: mysql.enable-trace=true"}
{"level":"debug","timestamp":"2025-08-17 18:47:20.983","caller":"log/log.go:198","message":"CFG: jaeger.agent-port=6831"}
{"level":"debug","timestamp":"2025-08-17 18:47:20.983","caller":"log/log.go:198","message":"CFG: grpc.addr=0.0.0.0:9090"}
{"level":"debug","timestamp":"2025-08-17 18:47:20.983","caller":"log/log.go:198","message":"CFG: redis.database=0"}
{"level":"debug","timestamp":"2025-08-17 18:47:20.983","caller":"log/log.go:198","message":"CFG: jwt.expired=2h"}
{"level":"debug","timestamp":"2025-08-17 18:47:20.983","caller":"log/log.go:198","message":"CFG: sentry.attach-stacktrace=true"}
{"level":"debug","timestamp":"2025-08-17 18:47:20.983","caller":"log/log.go:198","message":"CFG: mysql.database=protoc"}
{"level":"debug","timestamp":"2025-08-17 18:47:20.983","caller":"log/log.go:198","message":"CFG: redis.username="}
{"level":"debug","timestamp":"2025-08-17 18:47:20.983","caller":"log/log.go:198","message":"CFG: jaeger.server=127.0.0.1:6831"}
{"level":"debug","timestamp":"2025-08-17 18:47:20.983","caller":"log/log.go:198","message":"CFG: sentry.release="}
{"level":"debug","timestamp":"2025-08-17 18:47:20.983","caller":"log/log.go:198","message":"CFG: sentry.ignore-errors=[]"}
{"level":"debug","timestamp":"2025-08-17 18:47:20.983","caller":"log/log.go:198","message":"CFG: log.victoria-logs.version=v2.0.0"}
{"level":"debug","timestamp":"2025-08-17 18:47:20.983","caller":"log/log.go:198","message":"CFG: log.victoria-logs.batch-size=100"}
{"level":"debug","timestamp":"2025-08-17 18:47:20.983","caller":"log/log.go:198","message":"CFG: pool-monitor.enabled=true"}
{"level":"debug","timestamp":"2025-08-17 18:47:20.983","caller":"log/log.go:198","message":"CFG: log.victoria-logs.buffer-size=1000"}
{"level":"debug","timestamp":"2025-08-17 18:47:20.983","caller":"log/log.go:198","message":"CFG: help=false"}
{"level":"debug","timestamp":"2025-08-17 18:47:20.984","caller":"log/log.go:198","message":"CFG: sentry.traces-sample-rate=0.1"}
{"level":"debug","timestamp":"2025-08-17 18:47:20.984","caller":"log/log.go:198","message":"CFG: sentry.dsn="}
{"level":"debug","timestamp":"2025-08-17 18:47:20.984","caller":"log/log.go:198","message":"CFG: log.format=json"}
{"level":"debug","timestamp":"2025-08-17 18:47:20.984","caller":"log/log.go:198","message":"CFG: sentry.max-breadcrumbs=100"}
{"level":"debug","timestamp":"2025-08-17 18:47:20.984","caller":"log/log.go:198","message":"CFG: log.victoria-logs.endpoint=http://127.0.0.1:9428"}
{"level":"debug","timestamp":"2025-08-17 18:47:20.984","caller":"log/log.go:198","message":"CFG: grpc.network=tcp"}
{"level":"debug","timestamp":"2025-08-17 18:47:20.984","caller":"log/log.go:198","message":"CFG: redis.enable-trace=true"}
{"level":"debug","timestamp":"2025-08-17 18:47:20.984","caller":"log/log.go:198","message":"CFG: jaeger.sampler-param=1"}
{"level":"debug","timestamp":"2025-08-17 18:47:20.984","caller":"log/log.go:198","message":"CFG: sentry.debug=false"}
{"level":"debug","timestamp":"2025-08-17 18:47:20.984","caller":"log/log.go:198","message":"CFG: redis.password="}
{"level":"debug","timestamp":"2025-08-17 18:47:20.984","caller":"log/log.go:198","message":"CFG: http.network=tcp"}
{"level":"debug","timestamp":"2025-08-17 18:47:20.984","caller":"log/log.go:198","message":"CFG: sentry.sample-rate=1"}
{"level":"debug","timestamp":"2025-08-17 18:47:20.984","caller":"log/log.go:198","message":"CFG: mysql.max-idle-connections=100"}
{"level":"debug","timestamp":"2025-08-17 18:47:20.984","caller":"log/log.go:198","message":"CFG: sentry.send-default-pii=false"}
{"level":"debug","timestamp":"2025-08-17 18:47:20.984","caller":"log/log.go:198","message":"CFG: mysql.username=root"}
{"level":"debug","timestamp":"2025-08-17 18:47:20.984","caller":"log/log.go:198","message":"CFG: jaeger.enabled=true"}
{"level":"debug","timestamp":"2025-08-17 18:47:20.984","caller":"log/log.go:198","message":"CFG: pool-monitor.collect-interval=30s"}
{"level":"debug","timestamp":"2025-08-17 18:47:20.984","caller":"log/log.go:198","message":"CFG: sentry.enable-tracing=true"}
{"level":"debug","timestamp":"2025-08-17 18:47:20.984","caller":"log/log.go:198","message":"CFG: sentry.flush-timeout=5s"}
{"level":"debug","timestamp":"2025-08-17 18:47:20.984","caller":"log/log.go:198","message":"CFG: feature-gates="}
{"level":"debug","timestamp":"2025-08-17 18:47:20.984","caller":"log/log.go:198","message":"CFG: http.timeout=10s"}
{"level":"debug","timestamp":"2025-08-17 18:47:20.984","caller":"log/log.go:198","message":"CFG: redis.dial-timeout=5s"}
{"level":"debug","timestamp":"2025-08-17 18:47:20.984","caller":"log/log.go:198","message":"CFG: jaeger.env=development"}
{"level":"debug","timestamp":"2025-08-17 18:47:20.984","caller":"log/log.go:198","message":"CFG: mysql.max-connection-life-time=10s"}
{"level":"debug","timestamp":"2025-08-17 18:47:20.984","caller":"log/log.go:198","message":"CFG: jwt.signing-method=HS512"}
{"level":"debug","timestamp":"2025-08-17 18:47:20.984","caller":"log/log.go:198","message":"CFG: log.victoria-logs.timeout=10"}
{"level":"debug","timestamp":"2025-08-17 18:47:20.984","caller":"log/log.go:198","message":"CFG: mysql.log-mode=1"}
{"level":"debug","timestamp":"2025-08-17 18:47:20.984","caller":"log/log.go:198","message":"CFG: log-flush-frequency=5s"}
{"level":"debug","timestamp":"2025-08-17 18:47:20.984","caller":"log/log.go:198","message":"CFG: sentry.enable-profiling=false"}
{"level":"debug","timestamp":"2025-08-17 18:47:20.984","caller":"log/log.go:198","message":"CFG: redis.max-retries=3"}
{"level":"debug","timestamp":"2025-08-17 18:47:20.984","caller":"log/log.go:198","message":"CFG: redis.pool-timeout=4s"}
{"level":"debug","timestamp":"2025-08-17 18:47:20.984","caller":"log/log.go:198","message":"CFG: jaeger.reporter-log-spans=true"}
{"level":"debug","timestamp":"2025-08-17 18:47:20.984","caller":"log/log.go:198","message":"CFG: jaeger.agent-host=127.0.0.1"}
{"level":"debug","timestamp":"2025-08-17 18:47:20.984","caller":"log/log.go:198","message":"CFG: redis.addr=127.0.0.1:6379"}
{"level":"debug","timestamp":"2025-08-17 18:47:20.984","caller":"log/log.go:198","message":"CFG: log.disable-caller=false"}
{"level":"debug","timestamp":"2025-08-17 18:47:20.984","caller":"log/log.go:198","message":"CFG: pool-monitor.namespace=apiserver"}
{"level":"debug","timestamp":"2025-08-17 18:47:20.984","caller":"log/log.go:198","message":"CFG: log.level=debug"}
{"level":"debug","timestamp":"2025-08-17 18:47:20.984","caller":"log/log.go:198","message":"CFG: version=false"}
{"level":"debug","timestamp":"2025-08-17 18:47:20.984","caller":"log/log.go:198","message":"CFG: mysql.log-level=1"}
{"level":"debug","timestamp":"2025-08-17 18:47:20.984","caller":"log/log.go:198","message":"CFG: log.victoria-logs.timezone=UTC"}
{"level":"debug","timestamp":"2025-08-17 18:47:20.984","caller":"log/log.go:198","message":"CFG: vmodule="}
{"level":"debug","timestamp":"2025-08-17 18:47:20.984","caller":"log/log.go:198","message":"CFG: jaeger.sampler-type=const"}
{"level":"debug","timestamp":"2025-08-17 18:47:20.984","caller":"log/log.go:198","message":"CFG: log.disable-stacktrace=false"}
{"level":"debug","timestamp":"2025-08-17 18:47:20.984","caller":"log/log.go:198","message":"CFG: jaeger.service-name=apiserver"}
{"level":"debug","timestamp":"2025-08-17 18:47:20.984","caller":"log/log.go:198","message":"CFG: sentry.enabled=false"}
{"level":"debug","timestamp":"2025-08-17 18:47:20.984","caller":"log/log.go:198","message":"CFG: redis.write-timeout=3s"}
{"level":"debug","timestamp":"2025-08-17 18:47:20.984","caller":"log/log.go:198","message":"CFG: mysql.host=127.0.0.1"}
{"level":"debug","timestamp":"2025-08-17 18:47:20.984","caller":"log/log.go:198","message":"CFG: log.victoria-logs.enabled=true"}
{"level":"debug","timestamp":"2025-08-17 18:47:20.984","caller":"log/log.go:198","message":"CFG: sentry.server-name="}
{"level":"debug","timestamp":"2025-08-17 18:47:20.984","caller":"log/log.go:198","message":"CFG: log.victoria-logs.flush-interval=5"}
{"level":"debug","timestamp":"2025-08-17 18:47:20.984","caller":"log/log.go:198","message":"CFG: redis.pool-size=10"}
{"level":"debug","timestamp":"2025-08-17 18:47:20.984","caller":"log/log.go:198","message":"CFG: log.victoria-logs.service=apiserver"}
{"level":"info","timestamp":"2025-08-17 18:47:20.984","caller":"log/log.go:200","message":"Connection pool metrics collection is enabled through dependency injection"}
{"level":"info","timestamp":"2025-08-17 18:47:20.984","caller":"log/log.go:200","message":"Metrics will be automatically collected by the PoolMonitor when database connections are established"}
{"level":"info","timestamp":"2025-08-17 18:47:20.984","caller":"log/log.go:200","message":"Database pool monitoring enabled","slow_query_threshold":1000,"collect_interval":30000}
{"level":"info","timestamp":"2025-08-17 18:47:20.984","caller":"log/log.go:200","message":"Redis pool monitoring enabled","collect_interval":30000}
{"level":"debug","timestamp":"2025-08-17 18:47:20.984","message":"No context extractors configured"}
{"level":"info","timestamp":"2025-08-17 18:47:20.985","message":"Logger initialized","level":"debug","format":"json"}
{"level":"debug","timestamp":"2025-08-17 18:47:20.985","message":"Debug logging enabled","caller_skip":2,"enable_color":false}
{"level":"info","timestamp":"2025-08-17 18:47:20.985","message":"Validating service connections before startup..."}
{"level":"info","timestamp":"2025-08-17 18:47:20.985","message":"Testing MySQL connection..."}
{"level":"info","timestamp":"2025-08-17 18:47:20.991","message":"MySQL connection test passed"}
{"level":"info","timestamp":"2025-08-17 18:47:20.991","message":"Testing Redis connection..."}
{"level":"info","timestamp":"2025-08-17 18:47:20.995","message":"Redis connection test passed"}
{"level":"info","timestamp":"2025-08-17 18:47:20.995","message":"Testing Jaeger connection..."}
{"level":"info","timestamp":"2025-08-17 18:47:20.995","message":"Jaeger connection test passed"}
{"level":"info","timestamp":"2025-08-17 18:47:20.995","message":"All service connections validated successfully"}
{"level":"info","timestamp":"2025-08-17 18:47:21.091","message":"Start to listening the incoming requests","protocol":"kratos"}
{"level":"info","timestamp":"2025-08-17 18:47:21.092","message":"","ts":"2025-08-17T18:47:21+08:00","caller":"grpc/server.go:220","service.id":"costalongdeMacBook-Pro.local","service.name":"apiserver","service.version":"v0.0.0-master+$Format:%h$","msg":"[gRPC] server listening on: [::]:9090"}
{"level":"info","timestamp":"2025-08-17 18:47:21.092","message":"","ts":"2025-08-17T18:47:21+08:00","caller":"http/server.go:330","service.id":"costalongdeMacBook-Pro.local","service.name":"apiserver","service.version":"v0.0.0-master+$Format:%h$","msg":"[HTTP] server listening on: [::]:8080"}
{"level":"error","timestamp":"2025-08-17 18:47:26.438","message":"GetUser","err":"test code error"}
{"level":"error","timestamp":"2025-08-17 18:47:26.444","message":"","kind":"server","component":"http","operation":"/apiserver.v1.ApiServer/GetUser","args":"id:\"debug-context\"","code":500,"reason":"","stack":"user not found","latency":0.005061166}
{"level":"error","timestamp":"2025-08-17 18:47:43.706","message":"GetUser","err":"test code error"}
{"level":"error","timestamp":"2025-08-17 18:47:43.709","message":"","kind":"server","component":"http","operation":"/apiserver.v1.ApiServer/GetUser","args":"id:\"final-debug\"","code":500,"reason":"","stack":"user not found","latency":0.002991166}
{"level":"info","timestamp":"2025-08-17 18:48:34.464","message":"Shutting down server..."}
{"level":"info","timestamp":"2025-08-17 18:48:34.464","message":"Gracefully stop kratos application"}
{"level":"info","timestamp":"2025-08-17 18:48:34.464","message":"Server exited successfully."}
{"level":"debug","timestamp":"2025-08-17 18:49:10.197","caller":"app/app.go:341","message":"Context extractors configured","count":2,"logger_addr":"0x1400037f188"}
{"level":"debug","timestamp":"2025-08-17 18:49:10.198","caller":"app/app.go:341","message":"Context extractor registered","field":"x-user-id","logger_addr":"0x1400037f188"}
{"level":"debug","timestamp":"2025-08-17 18:49:10.198","caller":"app/app.go:341","message":"Context extractor registered","field":"x-trace-id","logger_addr":"0x1400037f188"}
{"level":"info","timestamp":"2025-08-17 18:49:10.198","caller":"log/log.go:201","message":"Starting application","name":"apiserver","version":"{\"gitVersion\":\"v0.0.0-master+$Format:%h$\",\"gitCommit\":\"$Format:%H$\",\"gitTreeState\":\"\",\"buildDate\":\"1970-01-01T00:00:00Z\",\"goVersion\":\"go1.25rc2\",\"compiler\":\"gc\",\"platform\":\"darwin/arm64\"}"}
{"level":"info","timestamp":"2025-08-17 18:49:10.198","caller":"log/log.go:201","message":"Golang settings","GOGC":"","GOMAXPROCS":"","GOTRACEBACK":""}
{"level":"debug","timestamp":"2025-08-17 18:49:10.198","caller":"log/log.go:199","message":"CFG: sentry.enable-tracing=true"}
{"level":"debug","timestamp":"2025-08-17 18:49:10.198","caller":"log/log.go:199","message":"CFG: mysql.enable-trace=true"}
{"level":"debug","timestamp":"2025-08-17 18:49:10.198","caller":"log/log.go:199","message":"CFG: pool-monitor.database.slow-query=1s"}
{"level":"debug","timestamp":"2025-08-17 18:49:10.198","caller":"log/log.go:199","message":"CFG: config=configs/apiserver.yaml"}
{"level":"debug","timestamp":"2025-08-17 18:49:10.198","caller":"log/log.go:199","message":"CFG: log.victoria-logs.environment=development"}
{"level":"debug","timestamp":"2025-08-17 18:49:10.198","caller":"log/log.go:199","message":"CFG: mysql.log-level=1"}
{"level":"debug","timestamp":"2025-08-17 18:49:10.198","caller":"log/log.go:199","message":"CFG: jaeger.sampler-type=const"}
{"level":"debug","timestamp":"2025-08-17 18:49:10.198","caller":"log/log.go:199","message":"CFG: log.level=debug"}
{"level":"debug","timestamp":"2025-08-17 18:49:10.198","caller":"log/log.go:199","message":"CFG: sentry.traces-sample-rate=0.1"}
{"level":"debug","timestamp":"2025-08-17 18:49:10.198","caller":"log/log.go:199","message":"CFG: jwt.signing-method=HS512"}
{"level":"debug","timestamp":"2025-08-17 18:49:10.198","caller":"log/log.go:199","message":"CFG: mysql.max-open-connections=100"}
{"level":"debug","timestamp":"2025-08-17 18:49:10.198","caller":"log/log.go:199","message":"CFG: feature-gates="}
{"level":"debug","timestamp":"2025-08-17 18:49:10.198","caller":"log/log.go:199","message":"CFG: log.victoria-logs.batch-size=100"}
{"level":"debug","timestamp":"2025-08-17 18:49:10.198","caller":"log/log.go:199","message":"CFG: pool-monitor.redis.enabled=true"}
{"level":"debug","timestamp":"2025-08-17 18:49:10.198","caller":"log/log.go:199","message":"CFG: jaeger.reporter-log-spans=true"}
{"level":"debug","timestamp":"2025-08-17 18:49:10.198","caller":"log/log.go:199","message":"CFG: vmodule="}
{"level":"debug","timestamp":"2025-08-17 18:49:10.198","caller":"log/log.go:199","message":"CFG: redis.pool-size=10"}
{"level":"debug","timestamp":"2025-08-17 18:49:10.198","caller":"log/log.go:199","message":"CFG: sentry.ignore-errors=[]"}
{"level":"debug","timestamp":"2025-08-17 18:49:10.198","caller":"log/log.go:199","message":"CFG: pool-monitor.enabled=true"}
{"level":"debug","timestamp":"2025-08-17 18:49:10.198","caller":"log/log.go:199","message":"CFG: log.victoria-logs.buffer-size=1000"}
{"level":"debug","timestamp":"2025-08-17 18:49:10.198","caller":"log/log.go:199","message":"CFG: jaeger.service-name=apiserver"}
{"level":"debug","timestamp":"2025-08-17 18:49:10.198","caller":"log/log.go:199","message":"CFG: log.enable-color=false"}
{"level":"debug","timestamp":"2025-08-17 18:49:10.198","caller":"log/log.go:199","message":"CFG: log.victoria-logs.timezone=UTC"}
{"level":"debug","timestamp":"2025-08-17 18:49:10.198","caller":"log/log.go:199","message":"CFG: sentry.dsn="}
{"level":"debug","timestamp":"2025-08-17 18:49:10.198","caller":"log/log.go:199","message":"CFG: http.timeout=10s"}
{"level":"debug","timestamp":"2025-08-17 18:49:10.198","caller":"log/log.go:199","message":"CFG: sentry.enable-profiling=false"}
{"level":"debug","timestamp":"2025-08-17 18:49:10.198","caller":"log/log.go:199","message":"CFG: sentry.attach-stacktrace=true"}
{"level":"debug","timestamp":"2025-08-17 18:49:10.198","caller":"log/log.go:199","message":"CFG: redis.password="}
{"level":"debug","timestamp":"2025-08-17 18:49:10.198","caller":"log/log.go:199","message":"CFG: version=false"}
{"level":"debug","timestamp":"2025-08-17 18:49:10.198","caller":"log/log.go:199","message":"CFG: pool-monitor.collect-interval=30s"}
{"level":"debug","timestamp":"2025-08-17 18:49:10.198","caller":"log/log.go:199","message":"CFG: jaeger.server=127.0.0.1:6831"}
{"level":"debug","timestamp":"2025-08-17 18:49:10.198","caller":"log/log.go:199","message":"CFG: log.disable-caller=false"}
{"level":"debug","timestamp":"2025-08-17 18:49:10.198","caller":"log/log.go:199","message":"CFG: log-flush-frequency=5s"}
{"level":"debug","timestamp":"2025-08-17 18:49:10.198","caller":"log/log.go:199","message":"CFG: sentry.profiles-sample-rate=0.1"}
{"level":"debug","timestamp":"2025-08-17 18:49:10.198","caller":"log/log.go:199","message":"CFG: jaeger.env=development"}
{"level":"debug","timestamp":"2025-08-17 18:49:10.198","caller":"log/log.go:199","message":"CFG: redis.dial-timeout=5s"}
{"level":"debug","timestamp":"2025-08-17 18:49:10.198","caller":"log/log.go:199","message":"CFG: sentry.debug=false"}
{"level":"debug","timestamp":"2025-08-17 18:49:10.198","caller":"log/log.go:199","message":"CFG: log.disable-stacktrace=false"}
{"level":"debug","timestamp":"2025-08-17 18:49:10.198","caller":"log/log.go:199","message":"CFG: grpc.addr=0.0.0.0:9090"}
{"level":"debug","timestamp":"2025-08-17 18:49:10.198","caller":"log/log.go:199","message":"CFG: sentry.flush-timeout=5s"}
{"level":"debug","timestamp":"2025-08-17 18:49:10.198","caller":"log/log.go:199","message":"CFG: redis.addr=127.0.0.1:6379"}
{"level":"debug","timestamp":"2025-08-17 18:49:10.198","caller":"log/log.go:199","message":"CFG: v=0"}
{"level":"debug","timestamp":"2025-08-17 18:49:10.198","caller":"log/log.go:199","message":"CFG: log.victoria-logs.flush-interval=5"}
{"level":"debug","timestamp":"2025-08-17 18:49:10.198","caller":"log/log.go:199","message":"CFG: http.addr=0.0.0.0:8080"}
{"level":"debug","timestamp":"2025-08-17 18:49:10.198","caller":"log/log.go:199","message":"CFG: mysql.host=127.0.0.1"}
{"level":"debug","timestamp":"2025-08-17 18:49:10.198","caller":"log/log.go:199","message":"CFG: log.victoria-logs.endpoint=http://127.0.0.1:9428"}
{"level":"debug","timestamp":"2025-08-17 18:49:10.198","caller":"log/log.go:199","message":"CFG: log.format=json"}
{"level":"debug","timestamp":"2025-08-17 18:49:10.199","caller":"log/log.go:199","message":"CFG: redis.enable-trace=true"}
{"level":"debug","timestamp":"2025-08-17 18:49:10.199","caller":"log/log.go:199","message":"CFG: redis.min-idle-conns=0"}
{"level":"debug","timestamp":"2025-08-17 18:49:10.199","caller":"log/log.go:199","message":"CFG: pool-monitor.namespace=apiserver"}
{"level":"debug","timestamp":"2025-08-17 18:49:10.199","caller":"log/log.go:199","message":"CFG: redis.database=0"}
{"level":"debug","timestamp":"2025-08-17 18:49:10.199","caller":"log/log.go:199","message":"CFG: redis.write-timeout=3s"}
{"level":"debug","timestamp":"2025-08-17 18:49:10.199","caller":"log/log.go:199","message":"CFG: redis.read-timeout=3s"}
{"level":"debug","timestamp":"2025-08-17 18:49:10.199","caller":"log/log.go:199","message":"CFG: sentry.release="}
{"level":"debug","timestamp":"2025-08-17 18:49:10.199","caller":"log/log.go:199","message":"CFG: jaeger.agent-port=6831"}
{"level":"debug","timestamp":"2025-08-17 18:49:10.199","caller":"log/log.go:199","message":"CFG: redis.max-retries=3"}
{"level":"debug","timestamp":"2025-08-17 18:49:10.199","caller":"log/log.go:199","message":"CFG: sentry.send-default-pii=false"}
{"level":"debug","timestamp":"2025-08-17 18:49:10.199","caller":"log/log.go:199","message":"CFG: log.output-paths=[stdout logs/app.log]"}
{"level":"debug","timestamp":"2025-08-17 18:49:10.199","caller":"log/log.go:199","message":"CFG: sentry.sample-rate=1"}
{"level":"debug","timestamp":"2025-08-17 18:49:10.199","caller":"log/log.go:199","message":"CFG: log.victoria-logs.version=v2.0.0"}
{"level":"debug","timestamp":"2025-08-17 18:49:10.199","caller":"log/log.go:199","message":"CFG: jwt.max-refresh=2h"}
{"level":"debug","timestamp":"2025-08-17 18:49:10.199","caller":"log/log.go:199","message":"CFG: jwt.expired=2h"}
{"level":"debug","timestamp":"2025-08-17 18:49:10.199","caller":"log/log.go:199","message":"CFG: mysql.max-connection-life-time=10s"}
{"level":"debug","timestamp":"2025-08-17 18:49:10.199","caller":"log/log.go:199","message":"CFG: jaeger.enabled=true"}
{"level":"debug","timestamp":"2025-08-17 18:49:10.199","caller":"log/log.go:199","message":"CFG: redis.pool-timeout=4s"}
{"level":"debug","timestamp":"2025-08-17 18:49:10.199","caller":"log/log.go:199","message":"CFG: mysql.log-mode=1"}
{"level":"debug","timestamp":"2025-08-17 18:49:10.199","caller":"log/log.go:199","message":"CFG: log.victoria-logs.timeout=10"}
{"level":"debug","timestamp":"2025-08-17 18:49:10.199","caller":"log/log.go:199","message":"CFG: mysql.username=root"}
{"level":"debug","timestamp":"2025-08-17 18:49:10.199","caller":"log/log.go:199","message":"CFG: mysql.password=proj(#)666"}
{"level":"debug","timestamp":"2025-08-17 18:49:10.199","caller":"log/log.go:199","message":"CFG: log.victoria-logs.enabled=true"}
{"level":"debug","timestamp":"2025-08-17 18:49:10.199","caller":"log/log.go:199","message":"CFG: sentry.server-name="}
{"level":"debug","timestamp":"2025-08-17 18:49:10.199","caller":"log/log.go:199","message":"CFG: mysql.max-idle-connections=100"}
{"level":"debug","timestamp":"2025-08-17 18:49:10.199","caller":"log/log.go:199","message":"CFG: sentry.enabled=false"}
{"level":"debug","timestamp":"2025-08-17 18:49:10.199","caller":"log/log.go:199","message":"CFG: mysql.database=protoc"}
{"level":"debug","timestamp":"2025-08-17 18:49:10.199","caller":"log/log.go:199","message":"CFG: grpc.timeout=10s"}
{"level":"debug","timestamp":"2025-08-17 18:49:10.199","caller":"log/log.go:199","message":"CFG: pool-monitor.database.enabled=true"}
{"level":"debug","timestamp":"2025-08-17 18:49:10.199","caller":"log/log.go:199","message":"CFG: grpc.network=tcp"}
{"level":"debug","timestamp":"2025-08-17 18:49:10.199","caller":"log/log.go:199","message":"CFG: sentry.environment=development"}
{"level":"debug","timestamp":"2025-08-17 18:49:10.199","caller":"log/log.go:199","message":"CFG: help=false"}
{"level":"debug","timestamp":"2025-08-17 18:49:10.199","caller":"log/log.go:199","message":"CFG: log.victoria-logs.service=apiserver"}
{"level":"debug","timestamp":"2025-08-17 18:49:10.199","caller":"log/log.go:199","message":"CFG: jaeger.sampler-param=1"}
{"level":"debug","timestamp":"2025-08-17 18:49:10.199","caller":"log/log.go:199","message":"CFG: jaeger.agent-host=127.0.0.1"}
{"level":"debug","timestamp":"2025-08-17 18:49:10.199","caller":"log/log.go:199","message":"CFG: redis.username="}
{"level":"debug","timestamp":"2025-08-17 18:49:10.199","caller":"log/log.go:199","message":"CFG: http.network=tcp"}
{"level":"debug","timestamp":"2025-08-17 18:49:10.199","caller":"log/log.go:199","message":"CFG: jwt.key=onex(#)666"}
{"level":"debug","timestamp":"2025-08-17 18:49:10.199","caller":"log/log.go:199","message":"CFG: sentry.max-breadcrumbs=100"}
{"level":"info","timestamp":"2025-08-17 18:49:10.199","caller":"log/log.go:201","message":"Connection pool metrics collection is enabled through dependency injection"}
{"level":"info","timestamp":"2025-08-17 18:49:10.199","caller":"log/log.go:201","message":"Metrics will be automatically collected by the PoolMonitor when database connections are established"}
{"level":"info","timestamp":"2025-08-17 18:49:10.199","caller":"log/log.go:201","message":"Database pool monitoring enabled","slow_query_threshold":1000,"collect_interval":30000}
{"level":"info","timestamp":"2025-08-17 18:49:10.199","caller":"log/log.go:201","message":"Redis pool monitoring enabled","collect_interval":30000}
{"level":"debug","timestamp":"2025-08-17 18:49:10.199","message":"No context extractors configured","logger_addr":"0x1400077c528"}
{"level":"info","timestamp":"2025-08-17 18:49:10.199","message":"Logger initialized","level":"debug","format":"json"}
{"level":"debug","timestamp":"2025-08-17 18:49:10.199","message":"Debug logging enabled","caller_skip":2,"enable_color":false}
{"level":"info","timestamp":"2025-08-17 18:49:10.199","message":"Validating service connections before startup..."}
{"level":"info","timestamp":"2025-08-17 18:49:10.199","message":"Testing MySQL connection..."}
{"level":"info","timestamp":"2025-08-17 18:49:10.206","message":"MySQL connection test passed"}
{"level":"info","timestamp":"2025-08-17 18:49:10.206","message":"Testing Redis connection..."}
{"level":"info","timestamp":"2025-08-17 18:49:10.209","message":"Redis connection test passed"}
{"level":"info","timestamp":"2025-08-17 18:49:10.209","message":"Testing Jaeger connection..."}
{"level":"info","timestamp":"2025-08-17 18:49:10.209","message":"Jaeger connection test passed"}
{"level":"info","timestamp":"2025-08-17 18:49:10.209","message":"All service connections validated successfully"}
{"level":"info","timestamp":"2025-08-17 18:49:10.308","message":"Start to listening the incoming requests","protocol":"kratos"}
{"level":"info","timestamp":"2025-08-17 18:49:10.308","message":"","ts":"2025-08-17T18:49:10+08:00","caller":"grpc/server.go:220","service.id":"costalongdeMacBook-Pro.local","service.name":"apiserver","service.version":"v0.0.0-master+$Format:%h$","msg":"[gRPC] server listening on: [::]:9090"}
{"level":"info","timestamp":"2025-08-17 18:49:10.308","message":"","ts":"2025-08-17T18:49:10+08:00","caller":"http/server.go:330","service.id":"costalongdeMacBook-Pro.local","service.name":"apiserver","service.version":"v0.0.0-master+$Format:%h$","msg":"[HTTP] server listening on: [::]:8080"}
{"level":"error","timestamp":"2025-08-17 18:49:26.753","message":"GetUser","err":"test code error"}
{"level":"debug","timestamp":"2025-08-17 18:49:26.757","message":"W() method called","logger_addr":"0x1400077c528","extractor_count":0}
{"level":"error","timestamp":"2025-08-17 18:49:26.757","message":"","kind":"server","component":"http","operation":"/apiserver.v1.ApiServer/GetUser","args":"id:\"logger-test\"","code":500,"reason":"","stack":"user not found","latency":0.003864375}
{"level":"info","timestamp":"2025-08-17 18:50:24.692","message":"Shutting down server..."}
{"level":"info","timestamp":"2025-08-17 18:50:24.692","message":"","ts":"2025-08-17T18:50:24+08:00","caller":"http/server.go:345","service.id":"costalongdeMacBook-Pro.local","service.name":"apiserver","service.version":"v0.0.0-master+$Format:%h$","msg":"[HTTP] server stopping"}
{"level":"info","timestamp":"2025-08-17 18:50:24.692","message":"Gracefully stop kratos application"}
{"level":"info","timestamp":"2025-08-17 18:50:24.692","message":"Server exited successfully."}
{"level":"debug","timestamp":"2025-08-17 18:51:18.586","caller":"app/app.go:341","message":"Context extractors configured","count":2,"logger_addr":"0x14000981338"}
{"level":"debug","timestamp":"2025-08-17 18:51:18.586","caller":"app/app.go:341","message":"Context extractor registered","field":"x-trace-id","logger_addr":"0x14000981338"}
{"level":"debug","timestamp":"2025-08-17 18:51:18.586","caller":"app/app.go:341","message":"Context extractor registered","field":"x-user-id","logger_addr":"0x14000981338"}
{"level":"info","timestamp":"2025-08-17 18:51:18.586","caller":"log/log.go:201","message":"Starting application","name":"apiserver","version":"{\"gitVersion\":\"v0.0.0-master+$Format:%h$\",\"gitCommit\":\"$Format:%H$\",\"gitTreeState\":\"\",\"buildDate\":\"1970-01-01T00:00:00Z\",\"goVersion\":\"go1.25rc2\",\"compiler\":\"gc\",\"platform\":\"darwin/arm64\"}"}
{"level":"info","timestamp":"2025-08-17 18:51:18.586","caller":"log/log.go:201","message":"Golang settings","GOGC":"","GOMAXPROCS":"","GOTRACEBACK":""}
{"level":"debug","timestamp":"2025-08-17 18:51:18.587","caller":"log/log.go:199","message":"CFG: jaeger.service-name=apiserver"}
{"level":"debug","timestamp":"2025-08-17 18:51:18.587","caller":"log/log.go:199","message":"CFG: grpc.addr=0.0.0.0:9090"}
{"level":"debug","timestamp":"2025-08-17 18:51:18.587","caller":"log/log.go:199","message":"CFG: sentry.dsn="}
{"level":"debug","timestamp":"2025-08-17 18:51:18.587","caller":"log/log.go:199","message":"CFG: sentry.traces-sample-rate=0.1"}
{"level":"debug","timestamp":"2025-08-17 18:51:18.587","caller":"log/log.go:199","message":"CFG: grpc.network=tcp"}
{"level":"debug","timestamp":"2025-08-17 18:51:18.587","caller":"log/log.go:199","message":"CFG: sentry.environment=development"}
{"level":"debug","timestamp":"2025-08-17 18:51:18.587","caller":"log/log.go:199","message":"CFG: mysql.database=protoc"}
{"level":"debug","timestamp":"2025-08-17 18:51:18.587","caller":"log/log.go:199","message":"CFG: log.disable-caller=false"}
{"level":"debug","timestamp":"2025-08-17 18:51:18.587","caller":"log/log.go:199","message":"CFG: help=false"}
{"level":"debug","timestamp":"2025-08-17 18:51:18.587","caller":"log/log.go:199","message":"CFG: sentry.profiles-sample-rate=0.1"}
{"level":"debug","timestamp":"2025-08-17 18:51:18.587","caller":"log/log.go:199","message":"CFG: log-flush-frequency=5s"}
{"level":"debug","timestamp":"2025-08-17 18:51:18.587","caller":"log/log.go:199","message":"CFG: log.output-paths=[stdout logs/app.log]"}
{"level":"debug","timestamp":"2025-08-17 18:51:18.587","caller":"log/log.go:199","message":"CFG: jaeger.enabled=true"}
{"level":"debug","timestamp":"2025-08-17 18:51:18.587","caller":"log/log.go:199","message":"CFG: log.disable-stacktrace=false"}
{"level":"debug","timestamp":"2025-08-17 18:51:18.587","caller":"log/log.go:199","message":"CFG: mysql.max-connection-life-time=10s"}
{"level":"debug","timestamp":"2025-08-17 18:51:18.587","caller":"log/log.go:199","message":"CFG: http.timeout=10s"}
{"level":"debug","timestamp":"2025-08-17 18:51:18.587","caller":"log/log.go:199","message":"CFG: sentry.attach-stacktrace=true"}
{"level":"debug","timestamp":"2025-08-17 18:51:18.587","caller":"log/log.go:199","message":"CFG: redis.write-timeout=3s"}
{"level":"debug","timestamp":"2025-08-17 18:51:18.588","caller":"log/log.go:199","message":"CFG: redis.enable-trace=true"}
{"level":"debug","timestamp":"2025-08-17 18:51:18.588","caller":"log/log.go:199","message":"CFG: jaeger.sampler-param=1"}
{"level":"debug","timestamp":"2025-08-17 18:51:18.588","caller":"log/log.go:199","message":"CFG: jaeger.reporter-log-spans=true"}
{"level":"debug","timestamp":"2025-08-17 18:51:18.588","caller":"log/log.go:199","message":"CFG: mysql.max-open-connections=100"}
{"level":"debug","timestamp":"2025-08-17 18:51:18.588","caller":"log/log.go:199","message":"CFG: version=false"}
{"level":"debug","timestamp":"2025-08-17 18:51:18.588","caller":"log/log.go:199","message":"CFG: mysql.username=root"}
{"level":"debug","timestamp":"2025-08-17 18:51:18.588","caller":"log/log.go:199","message":"CFG: jaeger.env=development"}
{"level":"debug","timestamp":"2025-08-17 18:51:18.588","caller":"log/log.go:199","message":"CFG: pool-monitor.collect-interval=30s"}
{"level":"debug","timestamp":"2025-08-17 18:51:18.588","caller":"log/log.go:199","message":"CFG: redis.pool-size=10"}
{"level":"debug","timestamp":"2025-08-17 18:51:18.588","caller":"log/log.go:199","message":"CFG: pool-monitor.database.slow-query=1s"}
{"level":"debug","timestamp":"2025-08-17 18:51:18.588","caller":"log/log.go:199","message":"CFG: sentry.debug=false"}
{"level":"debug","timestamp":"2025-08-17 18:51:18.588","caller":"log/log.go:199","message":"CFG: log.victoria-logs.enabled=true"}
{"level":"debug","timestamp":"2025-08-17 18:51:18.588","caller":"log/log.go:199","message":"CFG: sentry.enable-tracing=true"}
{"level":"debug","timestamp":"2025-08-17 18:51:18.588","caller":"log/log.go:199","message":"CFG: mysql.enable-trace=true"}
{"level":"debug","timestamp":"2025-08-17 18:51:18.588","caller":"log/log.go:199","message":"CFG: redis.database=0"}
{"level":"debug","timestamp":"2025-08-17 18:51:18.588","caller":"log/log.go:199","message":"CFG: redis.read-timeout=3s"}
{"level":"debug","timestamp":"2025-08-17 18:51:18.588","caller":"log/log.go:199","message":"CFG: sentry.enabled=false"}
{"level":"debug","timestamp":"2025-08-17 18:51:18.588","caller":"log/log.go:199","message":"CFG: pool-monitor.enabled=true"}
{"level":"debug","timestamp":"2025-08-17 18:51:18.588","caller":"log/log.go:199","message":"CFG: redis.username="}
{"level":"debug","timestamp":"2025-08-17 18:51:18.588","caller":"log/log.go:199","message":"CFG: jwt.signing-method=HS512"}
{"level":"debug","timestamp":"2025-08-17 18:51:18.588","caller":"log/log.go:199","message":"CFG: http.network=tcp"}
{"level":"debug","timestamp":"2025-08-17 18:51:18.588","caller":"log/log.go:199","message":"CFG: log.victoria-logs.timezone=UTC"}
{"level":"debug","timestamp":"2025-08-17 18:51:18.588","caller":"log/log.go:199","message":"CFG: log.victoria-logs.timeout=10"}
{"level":"debug","timestamp":"2025-08-17 18:51:18.588","caller":"log/log.go:199","message":"CFG: sentry.sample-rate=1"}
{"level":"debug","timestamp":"2025-08-17 18:51:18.588","caller":"log/log.go:199","message":"CFG: mysql.host=127.0.0.1"}
{"level":"debug","timestamp":"2025-08-17 18:51:18.588","caller":"log/log.go:199","message":"CFG: mysql.log-mode=1"}
{"level":"debug","timestamp":"2025-08-17 18:51:18.588","caller":"log/log.go:199","message":"CFG: jwt.max-refresh=2h"}
{"level":"debug","timestamp":"2025-08-17 18:51:18.588","caller":"log/log.go:199","message":"CFG: jaeger.agent-port=6831"}
{"level":"debug","timestamp":"2025-08-17 18:51:18.588","caller":"log/log.go:199","message":"CFG: jwt.expired=2h"}
{"level":"debug","timestamp":"2025-08-17 18:51:18.588","caller":"log/log.go:199","message":"CFG: grpc.timeout=10s"}
{"level":"debug","timestamp":"2025-08-17 18:51:18.588","caller":"log/log.go:199","message":"CFG: http.addr=0.0.0.0:8080"}
{"level":"debug","timestamp":"2025-08-17 18:51:18.588","caller":"log/log.go:199","message":"CFG: sentry.max-breadcrumbs=100"}
{"level":"debug","timestamp":"2025-08-17 18:51:18.588","caller":"log/log.go:199","message":"CFG: feature-gates="}
{"level":"debug","timestamp":"2025-08-17 18:51:18.588","caller":"log/log.go:199","message":"CFG: pool-monitor.namespace=apiserver"}
{"level":"debug","timestamp":"2025-08-17 18:51:18.588","caller":"log/log.go:199","message":"CFG: mysql.password=proj(#)666"}
{"level":"debug","timestamp":"2025-08-17 18:51:18.588","caller":"log/log.go:199","message":"CFG: config=configs/apiserver.yaml"}
{"level":"debug","timestamp":"2025-08-17 18:51:18.588","caller":"log/log.go:199","message":"CFG: sentry.flush-timeout=5s"}
{"level":"debug","timestamp":"2025-08-17 18:51:18.588","caller":"log/log.go:199","message":"CFG: log.victoria-logs.service=apiserver"}
{"level":"debug","timestamp":"2025-08-17 18:51:18.588","caller":"log/log.go:199","message":"CFG: log.victoria-logs.batch-size=100"}
{"level":"debug","timestamp":"2025-08-17 18:51:18.588","caller":"log/log.go:199","message":"CFG: v=0"}
{"level":"debug","timestamp":"2025-08-17 18:51:18.588","caller":"log/log.go:199","message":"CFG: log.level=debug"}
{"level":"debug","timestamp":"2025-08-17 18:51:18.588","caller":"log/log.go:199","message":"CFG: redis.addr=127.0.0.1:6379"}
{"level":"debug","timestamp":"2025-08-17 18:51:18.588","caller":"log/log.go:199","message":"CFG: mysql.max-idle-connections=100"}
{"level":"debug","timestamp":"2025-08-17 18:51:18.588","caller":"log/log.go:199","message":"CFG: redis.min-idle-conns=0"}
{"level":"debug","timestamp":"2025-08-17 18:51:18.588","caller":"log/log.go:199","message":"CFG: sentry.ignore-errors=[]"}
{"level":"debug","timestamp":"2025-08-17 18:51:18.588","caller":"log/log.go:199","message":"CFG: redis.pool-timeout=4s"}
{"level":"debug","timestamp":"2025-08-17 18:51:18.588","caller":"log/log.go:199","message":"CFG: redis.password="}
{"level":"debug","timestamp":"2025-08-17 18:51:18.589","caller":"log/log.go:199","message":"CFG: log.victoria-logs.version=v2.0.0"}
{"level":"debug","timestamp":"2025-08-17 18:51:18.589","caller":"log/log.go:199","message":"CFG: log.victoria-logs.environment=development"}
{"level":"debug","timestamp":"2025-08-17 18:51:18.589","caller":"log/log.go:199","message":"CFG: log.format=json"}
{"level":"debug","timestamp":"2025-08-17 18:51:18.589","caller":"log/log.go:199","message":"CFG: sentry.enable-profiling=false"}
{"level":"debug","timestamp":"2025-08-17 18:51:18.589","caller":"log/log.go:199","message":"CFG: sentry.server-name="}
{"level":"debug","timestamp":"2025-08-17 18:51:18.589","caller":"log/log.go:199","message":"CFG: sentry.release="}
{"level":"debug","timestamp":"2025-08-17 18:51:18.589","caller":"log/log.go:199","message":"CFG: mysql.log-level=1"}
{"level":"debug","timestamp":"2025-08-17 18:51:18.589","caller":"log/log.go:199","message":"CFG: jaeger.sampler-type=const"}
{"level":"debug","timestamp":"2025-08-17 18:51:18.589","caller":"log/log.go:199","message":"CFG: jwt.key=onex(#)666"}
{"level":"debug","timestamp":"2025-08-17 18:51:18.589","caller":"log/log.go:199","message":"CFG: jaeger.server=127.0.0.1:6831"}
{"level":"debug","timestamp":"2025-08-17 18:51:18.589","caller":"log/log.go:199","message":"CFG: vmodule="}
{"level":"debug","timestamp":"2025-08-17 18:51:18.589","caller":"log/log.go:199","message":"CFG: log.victoria-logs.buffer-size=1000"}
{"level":"debug","timestamp":"2025-08-17 18:51:18.589","caller":"log/log.go:199","message":"CFG: log.victoria-logs.flush-interval=5"}
{"level":"debug","timestamp":"2025-08-17 18:51:18.589","caller":"log/log.go:199","message":"CFG: redis.max-retries=3"}
{"level":"debug","timestamp":"2025-08-17 18:51:18.589","caller":"log/log.go:199","message":"CFG: pool-monitor.redis.enabled=true"}
{"level":"debug","timestamp":"2025-08-17 18:51:18.589","caller":"log/log.go:199","message":"CFG: redis.dial-timeout=5s"}
{"level":"debug","timestamp":"2025-08-17 18:51:18.589","caller":"log/log.go:199","message":"CFG: pool-monitor.database.enabled=true"}
{"level":"debug","timestamp":"2025-08-17 18:51:18.589","caller":"log/log.go:199","message":"CFG: sentry.send-default-pii=false"}
{"level":"debug","timestamp":"2025-08-17 18:51:18.589","caller":"log/log.go:199","message":"CFG: log.victoria-logs.endpoint=http://127.0.0.1:9428"}
{"level":"debug","timestamp":"2025-08-17 18:51:18.589","caller":"log/log.go:199","message":"CFG: log.enable-color=false"}
{"level":"debug","timestamp":"2025-08-17 18:51:18.589","caller":"log/log.go:199","message":"CFG: jaeger.agent-host=127.0.0.1"}
{"level":"info","timestamp":"2025-08-17 18:51:18.589","caller":"log/log.go:201","message":"Connection pool metrics collection is enabled through dependency injection"}
{"level":"info","timestamp":"2025-08-17 18:51:18.589","caller":"log/log.go:201","message":"Metrics will be automatically collected by the PoolMonitor when database connections are established"}
{"level":"info","timestamp":"2025-08-17 18:51:18.589","caller":"log/log.go:201","message":"Database pool monitoring enabled","slow_query_threshold":1000,"collect_interval":30000}
{"level":"info","timestamp":"2025-08-17 18:51:18.589","caller":"log/log.go:201","message":"Redis pool monitoring enabled","collect_interval":30000}
{"level":"info","timestamp":"2025-08-17 18:51:18.589","caller":"log/log.go:201","message":"Logger configuration","level":"debug","format":"json"}
{"level":"debug","timestamp":"2025-08-17 18:51:18.589","caller":"log/log.go:199","message":"Debug logging enabled","caller_skip":2,"enable_color":false}
{"level":"info","timestamp":"2025-08-17 18:51:18.589","caller":"log/log.go:201","message":"Validating service connections before startup..."}
{"level":"info","timestamp":"2025-08-17 18:51:18.589","caller":"log/log.go:201","message":"Testing MySQL connection..."}
{"level":"info","timestamp":"2025-08-17 18:51:18.594","caller":"log/log.go:201","message":"MySQL connection test passed"}
{"level":"info","timestamp":"2025-08-17 18:51:18.594","caller":"log/log.go:201","message":"Testing Redis connection..."}
{"level":"info","timestamp":"2025-08-17 18:51:18.596","caller":"log/log.go:201","message":"Redis connection test passed"}
{"level":"info","timestamp":"2025-08-17 18:51:18.596","caller":"log/log.go:201","message":"Testing Jaeger connection..."}
{"level":"info","timestamp":"2025-08-17 18:51:18.596","caller":"log/log.go:201","message":"Jaeger connection test passed"}
{"level":"info","timestamp":"2025-08-17 18:51:18.596","caller":"log/log.go:201","message":"All service connections validated successfully"}
{"level":"info","timestamp":"2025-08-17 18:51:18.694","caller":"log/log.go:201","message":"Start to listening the incoming requests","protocol":"kratos"}
{"level":"info","timestamp":"2025-08-17 18:51:18.694","caller":"log/global.go:75","message":"","ts":"2025-08-17T18:51:18+08:00","caller":"http/server.go:330","service.id":"costalongdeMacBook-Pro.local","service.name":"apiserver","service.version":"v0.0.0-master+$Format:%h$","msg":"[HTTP] server listening on: [::]:8080"}
{"level":"info","timestamp":"2025-08-17 18:51:18.694","caller":"log/global.go:75","message":"","ts":"2025-08-17T18:51:18+08:00","caller":"grpc/server.go:220","service.id":"costalongdeMacBook-Pro.local","service.name":"apiserver","service.version":"v0.0.0-master+$Format:%h$","msg":"[gRPC] server listening on: [::]:9090"}
{"level":"error","timestamp":"2025-08-17 18:54:50.290","caller":"log/log.go:205","message":"GetUser","err":"test code error"}
{"level":"debug","timestamp":"2025-08-17 18:54:50.296","caller":"logging/logging.go:50","message":"W() method called","logger_addr":"0x14000981338","extractor_count":2}
{"level":"debug","timestamp":"2025-08-17 18:54:50.296","caller":"logging/logging.go:50","message":"Context field extracted","x-trace-id":"71f409b1bad53014f4ec1b2fc984bf8f","field":"x-trace-id","value":"71f409b1bad53014f4ec1b2fc984bf8f"}
{"level":"debug","timestamp":"2025-08-17 18:54:50.296","caller":"logging/logging.go:50","message":"Context field empty","x-trace-id":"71f409b1bad53014f4ec1b2fc984bf8f","field":"x-user-id"}
{"level":"error","timestamp":"2025-08-17 18:54:50.296","caller":"runtime/asm_arm64.s:1268","message":"","x-trace-id":"71f409b1bad53014f4ec1b2fc984bf8f","kind":"server","component":"http","operation":"/apiserver.v1.ApiServer/GetUser","args":"id:\"123\"","code":500,"reason":"","stack":"user not found","latency":0.005723875}
{"level":"error","timestamp":"2025-08-17 18:55:51.587","caller":"log/log.go:205","message":"GetUser","err":"test code error"}
{"level":"info","timestamp":"2025-08-17 18:58:29.782","caller":"log/log.go:201","message":"Shutting down server..."}
{"level":"info","timestamp":"2025-08-17 18:58:29.783","caller":"log/log.go:201","message":"Gracefully stop kratos application"}
{"level":"info","timestamp":"2025-08-17 18:58:29.783","caller":"log/log.go:201","message":"Server exited successfully."}
{"level":"debug","timestamp":"2025-08-17 18:58:45.939","caller":"app/app.go:341","message":"Context extractors configured","count":2,"logger_addr":"0x140006f8210"}
{"level":"debug","timestamp":"2025-08-17 18:58:45.939","caller":"app/app.go:341","message":"Context extractor registered","field":"x-trace-id","logger_addr":"0x140006f8210"}
{"level":"debug","timestamp":"2025-08-17 18:58:45.939","caller":"app/app.go:341","message":"Context extractor registered","field":"x-user-id","logger_addr":"0x140006f8210"}
{"level":"info","timestamp":"2025-08-17 18:58:45.939","caller":"log/log.go:201","message":"Starting application","name":"apiserver","version":"{\"gitVersion\":\"v0.0.0-master+$Format:%h$\",\"gitCommit\":\"$Format:%H$\",\"gitTreeState\":\"\",\"buildDate\":\"1970-01-01T00:00:00Z\",\"goVersion\":\"go1.25rc2\",\"compiler\":\"gc\",\"platform\":\"darwin/arm64\"}"}
{"level":"info","timestamp":"2025-08-17 18:58:45.939","caller":"log/log.go:201","message":"Golang settings","GOGC":"","GOMAXPROCS":"","GOTRACEBACK":""}
{"level":"debug","timestamp":"2025-08-17 18:58:45.940","caller":"log/log.go:199","message":"CFG: redis.enable-trace=true"}
{"level":"debug","timestamp":"2025-08-17 18:58:45.940","caller":"log/log.go:199","message":"CFG: pool-monitor.collect-interval=30s"}
{"level":"debug","timestamp":"2025-08-17 18:58:45.940","caller":"log/log.go:199","message":"CFG: mysql.enable-trace=true"}
{"level":"debug","timestamp":"2025-08-17 18:58:45.940","caller":"log/log.go:199","message":"CFG: jaeger.service-name=apiserver"}
{"level":"debug","timestamp":"2025-08-17 18:58:45.940","caller":"log/log.go:199","message":"CFG: redis.write-timeout=3s"}
{"level":"debug","timestamp":"2025-08-17 18:58:45.940","caller":"log/log.go:199","message":"CFG: redis.addr=127.0.0.1:6379"}
{"level":"debug","timestamp":"2025-08-17 18:58:45.940","caller":"log/log.go:199","message":"CFG: jaeger.agent-port=6831"}
{"level":"debug","timestamp":"2025-08-17 18:58:45.940","caller":"log/log.go:199","message":"CFG: log.victoria-logs.timezone=UTC"}
{"level":"debug","timestamp":"2025-08-17 18:58:45.940","caller":"log/log.go:199","message":"CFG: redis.min-idle-conns=0"}
{"level":"debug","timestamp":"2025-08-17 18:58:45.940","caller":"log/log.go:199","message":"CFG: redis.pool-size=10"}
{"level":"debug","timestamp":"2025-08-17 18:58:45.940","caller":"log/log.go:199","message":"CFG: log.output-paths=[stdout logs/app.log]"}
{"level":"debug","timestamp":"2025-08-17 18:58:45.940","caller":"log/log.go:199","message":"CFG: redis.pool-timeout=4s"}
{"level":"debug","timestamp":"2025-08-17 18:58:45.940","caller":"log/log.go:199","message":"CFG: sentry.environment=development"}
{"level":"debug","timestamp":"2025-08-17 18:58:45.940","caller":"log/log.go:199","message":"CFG: sentry.enable-tracing=true"}
{"level":"debug","timestamp":"2025-08-17 18:58:45.940","caller":"log/log.go:199","message":"CFG: log.victoria-logs.buffer-size=1000"}
{"level":"debug","timestamp":"2025-08-17 18:58:45.940","caller":"log/log.go:199","message":"CFG: log.disable-stacktrace=false"}
{"level":"debug","timestamp":"2025-08-17 18:58:45.940","caller":"log/log.go:199","message":"CFG: sentry.dsn="}
{"level":"debug","timestamp":"2025-08-17 18:58:45.940","caller":"log/log.go:199","message":"CFG: feature-gates="}
{"level":"debug","timestamp":"2025-08-17 18:58:45.940","caller":"log/log.go:199","message":"CFG: redis.max-retries=3"}
{"level":"debug","timestamp":"2025-08-17 18:58:45.940","caller":"log/log.go:199","message":"CFG: sentry.enable-profiling=false"}
{"level":"debug","timestamp":"2025-08-17 18:58:45.940","caller":"log/log.go:199","message":"CFG: log.victoria-logs.service=apiserver"}
{"level":"debug","timestamp":"2025-08-17 18:58:45.940","caller":"log/log.go:199","message":"CFG: jaeger.server=127.0.0.1:6831"}
{"level":"debug","timestamp":"2025-08-17 18:58:45.940","caller":"log/log.go:199","message":"CFG: sentry.traces-sample-rate=0.1"}
{"level":"debug","timestamp":"2025-08-17 18:58:45.940","caller":"log/log.go:199","message":"CFG: http.network=tcp"}
{"level":"debug","timestamp":"2025-08-17 18:58:45.940","caller":"log/log.go:199","message":"CFG: log.victoria-logs.enabled=true"}
{"level":"debug","timestamp":"2025-08-17 18:58:45.940","caller":"log/log.go:199","message":"CFG: pool-monitor.database.slow-query=1s"}
{"level":"debug","timestamp":"2025-08-17 18:58:45.940","caller":"log/log.go:199","message":"CFG: log.disable-caller=false"}
{"level":"debug","timestamp":"2025-08-17 18:58:45.940","caller":"log/log.go:199","message":"CFG: grpc.addr=0.0.0.0:9090"}
{"level":"debug","timestamp":"2025-08-17 18:58:45.940","caller":"log/log.go:199","message":"CFG: log.victoria-logs.environment=development"}
{"level":"debug","timestamp":"2025-08-17 18:58:45.940","caller":"log/log.go:199","message":"CFG: sentry.flush-timeout=5s"}
{"level":"debug","timestamp":"2025-08-17 18:58:45.940","caller":"log/log.go:199","message":"CFG: redis.database=0"}
{"level":"debug","timestamp":"2025-08-17 18:58:45.940","caller":"log/log.go:199","message":"CFG: pool-monitor.enabled=true"}
{"level":"debug","timestamp":"2025-08-17 18:58:45.940","caller":"log/log.go:199","message":"CFG: version=false"}
{"level":"debug","timestamp":"2025-08-17 18:58:45.940","caller":"log/log.go:199","message":"CFG: mysql.log-mode=1"}
{"level":"debug","timestamp":"2025-08-17 18:58:45.940","caller":"log/log.go:199","message":"CFG: sentry.ignore-errors=[]"}
{"level":"debug","timestamp":"2025-08-17 18:58:45.940","caller":"log/log.go:199","message":"CFG: jaeger.enabled=true"}
{"level":"debug","timestamp":"2025-08-17 18:58:45.940","caller":"log/log.go:199","message":"CFG: mysql.password=proj(#)666"}
{"level":"debug","timestamp":"2025-08-17 18:58:45.940","caller":"log/log.go:199","message":"CFG: v=0"}
{"level":"debug","timestamp":"2025-08-17 18:58:45.940","caller":"log/log.go:199","message":"CFG: log.enable-color=false"}
{"level":"debug","timestamp":"2025-08-17 18:58:45.940","caller":"log/log.go:199","message":"CFG: vmodule="}
{"level":"debug","timestamp":"2025-08-17 18:58:45.940","caller":"log/log.go:199","message":"CFG: jwt.signing-method=HS512"}
{"level":"debug","timestamp":"2025-08-17 18:58:45.940","caller":"log/log.go:199","message":"CFG: log.level=debug"}
{"level":"debug","timestamp":"2025-08-17 18:58:45.940","caller":"log/log.go:199","message":"CFG: mysql.max-idle-connections=100"}
{"level":"debug","timestamp":"2025-08-17 18:58:45.940","caller":"log/log.go:199","message":"CFG: jaeger.sampler-param=1"}
{"level":"debug","timestamp":"2025-08-17 18:58:45.940","caller":"log/log.go:199","message":"CFG: redis.dial-timeout=5s"}
{"level":"debug","timestamp":"2025-08-17 18:58:45.940","caller":"log/log.go:199","message":"CFG: log.victoria-logs.batch-size=100"}
{"level":"debug","timestamp":"2025-08-17 18:58:45.940","caller":"log/log.go:199","message":"CFG: pool-monitor.namespace=apiserver"}
{"level":"debug","timestamp":"2025-08-17 18:58:45.940","caller":"log/log.go:199","message":"CFG: log.victoria-logs.timeout=10"}
{"level":"debug","timestamp":"2025-08-17 18:58:45.940","caller":"log/log.go:199","message":"CFG: config=configs/apiserver.yaml"}
{"level":"debug","timestamp":"2025-08-17 18:58:45.940","caller":"log/log.go:199","message":"CFG: pool-monitor.database.enabled=true"}
{"level":"debug","timestamp":"2025-08-17 18:58:45.940","caller":"log/log.go:199","message":"CFG: sentry.send-default-pii=false"}
{"level":"debug","timestamp":"2025-08-17 18:58:45.940","caller":"log/log.go:199","message":"CFG: help=false"}
{"level":"debug","timestamp":"2025-08-17 18:58:45.940","caller":"log/log.go:199","message":"CFG: mysql.max-connection-life-time=10s"}
{"level":"debug","timestamp":"2025-08-17 18:58:45.940","caller":"log/log.go:199","message":"CFG: log.victoria-logs.flush-interval=5"}
{"level":"debug","timestamp":"2025-08-17 18:58:45.940","caller":"log/log.go:199","message":"CFG: sentry.sample-rate=1"}
{"level":"debug","timestamp":"2025-08-17 18:58:45.940","caller":"log/log.go:199","message":"CFG: mysql.host=127.0.0.1"}
{"level":"debug","timestamp":"2025-08-17 18:58:45.940","caller":"log/log.go:199","message":"CFG: sentry.profiles-sample-rate=0.1"}
{"level":"debug","timestamp":"2025-08-17 18:58:45.940","caller":"log/log.go:199","message":"CFG: http.timeout=10s"}
{"level":"debug","timestamp":"2025-08-17 18:58:45.941","caller":"log/log.go:199","message":"CFG: jaeger.env=development"}
{"level":"debug","timestamp":"2025-08-17 18:58:45.941","caller":"log/log.go:199","message":"CFG: redis.password="}
{"level":"debug","timestamp":"2025-08-17 18:58:45.941","caller":"log/log.go:199","message":"CFG: jaeger.reporter-log-spans=true"}
{"level":"debug","timestamp":"2025-08-17 18:58:45.941","caller":"log/log.go:199","message":"CFG: pool-monitor.redis.enabled=true"}
{"level":"debug","timestamp":"2025-08-17 18:58:45.941","caller":"log/log.go:199","message":"CFG: log.victoria-logs.version=v2.0.0"}
{"level":"debug","timestamp":"2025-08-17 18:58:45.941","caller":"log/log.go:199","message":"CFG: log.victoria-logs.endpoint=http://127.0.0.1:9428"}
{"level":"debug","timestamp":"2025-08-17 18:58:45.941","caller":"log/log.go:199","message":"CFG: jaeger.sampler-type=const"}
{"level":"debug","timestamp":"2025-08-17 18:58:45.941","caller":"log/log.go:199","message":"CFG: log.format=json"}
{"level":"debug","timestamp":"2025-08-17 18:58:45.941","caller":"log/log.go:199","message":"CFG: log-flush-frequency=5s"}
{"level":"debug","timestamp":"2025-08-17 18:58:45.941","caller":"log/log.go:199","message":"CFG: sentry.server-name="}
{"level":"debug","timestamp":"2025-08-17 18:58:45.941","caller":"log/log.go:199","message":"CFG: sentry.attach-stacktrace=true"}
{"level":"debug","timestamp":"2025-08-17 18:58:45.941","caller":"log/log.go:199","message":"CFG: sentry.max-breadcrumbs=100"}
{"level":"debug","timestamp":"2025-08-17 18:58:45.941","caller":"log/log.go:199","message":"CFG: redis.read-timeout=3s"}
{"level":"debug","timestamp":"2025-08-17 18:58:45.941","caller":"log/log.go:199","message":"CFG: sentry.debug=false"}
{"level":"debug","timestamp":"2025-08-17 18:58:45.941","caller":"log/log.go:199","message":"CFG: sentry.enabled=false"}
{"level":"debug","timestamp":"2025-08-17 18:58:45.941","caller":"log/log.go:199","message":"CFG: jwt.key=onex(#)666"}
{"level":"debug","timestamp":"2025-08-17 18:58:45.941","caller":"log/log.go:199","message":"CFG: jwt.expired=2h"}
{"level":"debug","timestamp":"2025-08-17 18:58:45.941","caller":"log/log.go:199","message":"CFG: jwt.max-refresh=2h"}
{"level":"debug","timestamp":"2025-08-17 18:58:45.941","caller":"log/log.go:199","message":"CFG: grpc.timeout=10s"}
{"level":"debug","timestamp":"2025-08-17 18:58:45.941","caller":"log/log.go:199","message":"CFG: sentry.release="}
{"level":"debug","timestamp":"2025-08-17 18:58:45.941","caller":"log/log.go:199","message":"CFG: mysql.max-open-connections=100"}
{"level":"debug","timestamp":"2025-08-17 18:58:45.941","caller":"log/log.go:199","message":"CFG: jaeger.agent-host=127.0.0.1"}
{"level":"debug","timestamp":"2025-08-17 18:58:45.941","caller":"log/log.go:199","message":"CFG: redis.username="}
{"level":"debug","timestamp":"2025-08-17 18:58:45.941","caller":"log/log.go:199","message":"CFG: http.addr=0.0.0.0:8080"}
{"level":"debug","timestamp":"2025-08-17 18:58:45.941","caller":"log/log.go:199","message":"CFG: mysql.username=root"}
{"level":"debug","timestamp":"2025-08-17 18:58:45.941","caller":"log/log.go:199","message":"CFG: grpc.network=tcp"}
{"level":"debug","timestamp":"2025-08-17 18:58:45.941","caller":"log/log.go:199","message":"CFG: mysql.database=protoc"}
{"level":"debug","timestamp":"2025-08-17 18:58:45.941","caller":"log/log.go:199","message":"CFG: mysql.log-level=1"}
{"level":"info","timestamp":"2025-08-17 18:58:45.941","caller":"log/log.go:201","message":"Connection pool metrics collection is enabled through dependency injection"}
{"level":"info","timestamp":"2025-08-17 18:58:45.941","caller":"log/log.go:201","message":"Metrics will be automatically collected by the PoolMonitor when database connections are established"}
{"level":"info","timestamp":"2025-08-17 18:58:45.941","caller":"log/log.go:201","message":"Database pool monitoring enabled","slow_query_threshold":1000,"collect_interval":30000}
{"level":"info","timestamp":"2025-08-17 18:58:45.941","caller":"log/log.go:201","message":"Redis pool monitoring enabled","collect_interval":30000}
{"level":"info","timestamp":"2025-08-17 18:58:45.941","caller":"log/log.go:201","message":"Logger configuration","level":"debug","format":"json"}
{"level":"debug","timestamp":"2025-08-17 18:58:45.941","caller":"log/log.go:199","message":"Debug logging enabled","caller_skip":2,"enable_color":false}
{"level":"info","timestamp":"2025-08-17 18:58:45.941","caller":"log/log.go:201","message":"Validating service connections before startup..."}
{"level":"info","timestamp":"2025-08-17 18:58:45.941","caller":"log/log.go:201","message":"Testing MySQL connection..."}
{"level":"info","timestamp":"2025-08-17 18:58:45.947","caller":"log/log.go:201","message":"MySQL connection test passed"}
{"level":"info","timestamp":"2025-08-17 18:58:45.947","caller":"log/log.go:201","message":"Testing Redis connection..."}
{"level":"info","timestamp":"2025-08-17 18:58:45.950","caller":"log/log.go:201","message":"Redis connection test passed"}
{"level":"info","timestamp":"2025-08-17 18:58:45.950","caller":"log/log.go:201","message":"Testing Jaeger connection..."}
{"level":"info","timestamp":"2025-08-17 18:58:45.950","caller":"log/log.go:201","message":"Jaeger connection test passed"}
{"level":"info","timestamp":"2025-08-17 18:58:45.950","caller":"log/log.go:201","message":"All service connections validated successfully"}
{"level":"info","timestamp":"2025-08-17 18:58:46.046","caller":"log/log.go:201","message":"Start to listening the incoming requests","protocol":"kratos"}
{"level":"info","timestamp":"2025-08-17 18:58:46.046","caller":"log/global.go:75","message":"","ts":"2025-08-17T18:58:46+08:00","caller":"grpc/server.go:220","service.id":"costalongdeMacBook-Pro.local","service.name":"apiserver","service.version":"v0.0.0-master+$Format:%h$","msg":"[gRPC] server listening on: [::]:9090"}
{"level":"info","timestamp":"2025-08-17 18:58:46.047","caller":"log/global.go:75","message":"","ts":"2025-08-17T18:58:46+08:00","caller":"http/server.go:330","service.id":"costalongdeMacBook-Pro.local","service.name":"apiserver","service.version":"v0.0.0-master+$Format:%h$","msg":"[HTTP] server listening on: [::]:8080"}
{"level":"error","timestamp":"2025-08-17 18:59:06.364","caller":"log/log.go:205","message":"GetUser","err":"test code error"}
{"level":"debug","timestamp":"2025-08-17 18:59:06.370","caller":"logging/logging.go:50","message":"W() method called","logger_addr":"0x140006f8210","extractor_count":2}
{"level":"debug","timestamp":"2025-08-17 18:59:06.370","caller":"logging/logging.go:50","message":"Context field extracted","x-trace-id":"bc4277f7b7a29e2334782d0a1a9821a0","field":"x-trace-id","value":"bc4277f7b7a29e2334782d0a1a9821a0"}
{"level":"debug","timestamp":"2025-08-17 18:59:06.370","caller":"logging/logging.go:50","message":"Context field empty","x-trace-id":"bc4277f7b7a29e2334782d0a1a9821a0","field":"x-user-id"}
{"level":"error","timestamp":"2025-08-17 18:59:06.370","caller":"runtime/asm_arm64.s:1268","message":"","x-trace-id":"bc4277f7b7a29e2334782d0a1a9821a0","kind":"server","component":"http","operation":"/apiserver.v1.ApiServer/GetUser","args":"id:\"123\"","code":500,"reason":"","stack":"user not found","latency":0.005346584}
{"level":"info","timestamp":"2025-08-17 18:59:49.070","caller":"log/log.go:201","message":"Shutting down server..."}
{"level":"info","timestamp":"2025-08-17 18:59:49.070","caller":"log/global.go:70","message":"","ts":"2025-08-17T18:59:49+08:00","caller":"http/server.go:345","service.id":"costalongdeMacBook-Pro.local","service.name":"apiserver","service.version":"v0.0.0-master+$Format:%h$","msg":"[HTTP] server stopping"}
{"level":"info","timestamp":"2025-08-17 18:59:49.070","caller":"log/log.go:201","message":"Gracefully stop kratos application"}
{"level":"info","timestamp":"2025-08-17 18:59:49.070","caller":"log/log.go:201","message":"Server exited successfully."}
{"level":"debug","timestamp":"2025-08-17 19:00:20.550","caller":"app/app.go:341","message":"Context extractors configured","count":2,"logger_addr":"0x1400088a570"}
{"level":"debug","timestamp":"2025-08-17 19:00:20.550","caller":"app/app.go:341","message":"Context extractor registered","field":"x-trace-id","logger_addr":"0x1400088a570"}
{"level":"debug","timestamp":"2025-08-17 19:00:20.550","caller":"app/app.go:341","message":"Context extractor registered","field":"x-user-id","logger_addr":"0x1400088a570"}
{"level":"info","timestamp":"2025-08-17 19:00:20.550","caller":"log/log.go:211","message":"Starting application","name":"apiserver","version":"{\"gitVersion\":\"v0.0.0-master+$Format:%h$\",\"gitCommit\":\"$Format:%H$\",\"gitTreeState\":\"\",\"buildDate\":\"1970-01-01T00:00:00Z\",\"goVersion\":\"go1.25rc2\",\"compiler\":\"gc\",\"platform\":\"darwin/arm64\"}"}
{"level":"info","timestamp":"2025-08-17 19:00:20.550","caller":"log/log.go:211","message":"Golang settings","GOGC":"","GOMAXPROCS":"","GOTRACEBACK":""}
{"level":"debug","timestamp":"2025-08-17 19:00:20.550","caller":"log/log.go:209","message":"CFG: sentry.enable-tracing=true"}
{"level":"debug","timestamp":"2025-08-17 19:00:20.550","caller":"log/log.go:209","message":"CFG: jaeger.agent-host=127.0.0.1"}
{"level":"debug","timestamp":"2025-08-17 19:00:20.550","caller":"log/log.go:209","message":"CFG: jaeger.env=development"}
{"level":"debug","timestamp":"2025-08-17 19:00:20.550","caller":"log/log.go:209","message":"CFG: jaeger.server=127.0.0.1:6831"}
{"level":"debug","timestamp":"2025-08-17 19:00:20.550","caller":"log/log.go:209","message":"CFG: mysql.log-mode=1"}
{"level":"debug","timestamp":"2025-08-17 19:00:20.550","caller":"log/log.go:209","message":"CFG: redis.enable-trace=true"}
{"level":"debug","timestamp":"2025-08-17 19:00:20.551","caller":"log/log.go:209","message":"CFG: jwt.max-refresh=2h"}
{"level":"debug","timestamp":"2025-08-17 19:00:20.551","caller":"log/log.go:209","message":"CFG: sentry.send-default-pii=false"}
{"level":"debug","timestamp":"2025-08-17 19:00:20.551","caller":"log/log.go:209","message":"CFG: jwt.key=onex(#)666"}
{"level":"debug","timestamp":"2025-08-17 19:00:20.551","caller":"log/log.go:209","message":"CFG: redis.database=0"}
{"level":"debug","timestamp":"2025-08-17 19:00:20.551","caller":"log/log.go:209","message":"CFG: redis.addr=127.0.0.1:6379"}
{"level":"debug","timestamp":"2025-08-17 19:00:20.551","caller":"log/log.go:209","message":"CFG: http.network=tcp"}
{"level":"debug","timestamp":"2025-08-17 19:00:20.551","caller":"log/log.go:209","message":"CFG: log.victoria-logs.environment=development"}
{"level":"debug","timestamp":"2025-08-17 19:00:20.551","caller":"log/log.go:209","message":"CFG: sentry.server-name="}
{"level":"debug","timestamp":"2025-08-17 19:00:20.551","caller":"log/log.go:209","message":"CFG: jaeger.enabled=true"}
{"level":"debug","timestamp":"2025-08-17 19:00:20.551","caller":"log/log.go:209","message":"CFG: log.victoria-logs.enabled=true"}
{"level":"debug","timestamp":"2025-08-17 19:00:20.551","caller":"log/log.go:209","message":"CFG: mysql.database=protoc"}
{"level":"debug","timestamp":"2025-08-17 19:00:20.551","caller":"log/log.go:209","message":"CFG: grpc.network=tcp"}
{"level":"debug","timestamp":"2025-08-17 19:00:20.551","caller":"log/log.go:209","message":"CFG: jaeger.agent-port=6831"}
{"level":"debug","timestamp":"2025-08-17 19:00:20.551","caller":"log/log.go:209","message":"CFG: log.victoria-logs.version=v2.0.0"}
{"level":"debug","timestamp":"2025-08-17 19:00:20.551","caller":"log/log.go:209","message":"CFG: config=configs/apiserver.yaml"}
{"level":"debug","timestamp":"2025-08-17 19:00:20.551","caller":"log/log.go:209","message":"CFG: mysql.max-open-connections=100"}
{"level":"debug","timestamp":"2025-08-17 19:00:20.551","caller":"log/log.go:209","message":"CFG: log.victoria-logs.endpoint=http://127.0.0.1:9428"}
{"level":"debug","timestamp":"2025-08-17 19:00:20.551","caller":"log/log.go:209","message":"CFG: sentry.profiles-sample-rate=0.1"}
{"level":"debug","timestamp":"2025-08-17 19:00:20.551","caller":"log/log.go:209","message":"CFG: log.victoria-logs.service=apiserver"}
{"level":"debug","timestamp":"2025-08-17 19:00:20.551","caller":"log/log.go:209","message":"CFG: jwt.expired=2h"}
{"level":"debug","timestamp":"2025-08-17 19:00:20.551","caller":"log/log.go:209","message":"CFG: redis.dial-timeout=5s"}
{"level":"debug","timestamp":"2025-08-17 19:00:20.551","caller":"log/log.go:209","message":"CFG: sentry.dsn="}
{"level":"debug","timestamp":"2025-08-17 19:00:20.551","caller":"log/log.go:209","message":"CFG: log.victoria-logs.flush-interval=5"}
{"level":"debug","timestamp":"2025-08-17 19:00:20.551","caller":"log/log.go:209","message":"CFG: log.level=debug"}
{"level":"debug","timestamp":"2025-08-17 19:00:20.551","caller":"log/log.go:209","message":"CFG: sentry.enabled=false"}
{"level":"debug","timestamp":"2025-08-17 19:00:20.551","caller":"log/log.go:209","message":"CFG: log.output-paths=[stdout logs/app.log]"}
{"level":"debug","timestamp":"2025-08-17 19:00:20.551","caller":"log/log.go:209","message":"CFG: mysql.log-level=1"}
{"level":"debug","timestamp":"2025-08-17 19:00:20.551","caller":"log/log.go:209","message":"CFG: mysql.max-connection-life-time=10s"}
{"level":"debug","timestamp":"2025-08-17 19:00:20.551","caller":"log/log.go:209","message":"CFG: redis.pool-size=10"}
{"level":"debug","timestamp":"2025-08-17 19:00:20.551","caller":"log/log.go:209","message":"CFG: pool-monitor.database.slow-query=1s"}
{"level":"debug","timestamp":"2025-08-17 19:00:20.551","caller":"log/log.go:209","message":"CFG: sentry.environment=development"}
{"level":"debug","timestamp":"2025-08-17 19:00:20.551","caller":"log/log.go:209","message":"CFG: redis.password="}
{"level":"debug","timestamp":"2025-08-17 19:00:20.551","caller":"log/log.go:209","message":"CFG: pool-monitor.collect-interval=30s"}
{"level":"debug","timestamp":"2025-08-17 19:00:20.551","caller":"log/log.go:209","message":"CFG: version=false"}
{"level":"debug","timestamp":"2025-08-17 19:00:20.551","caller":"log/log.go:209","message":"CFG: log.victoria-logs.batch-size=100"}
{"level":"debug","timestamp":"2025-08-17 19:00:20.551","caller":"log/log.go:209","message":"CFG: log.victoria-logs.timezone=UTC"}
{"level":"debug","timestamp":"2025-08-17 19:00:20.551","caller":"log/log.go:209","message":"CFG: log.disable-caller=false"}
{"level":"debug","timestamp":"2025-08-17 19:00:20.551","caller":"log/log.go:209","message":"CFG: sentry.attach-stacktrace=true"}
{"level":"debug","timestamp":"2025-08-17 19:00:20.551","caller":"log/log.go:209","message":"CFG: sentry.max-breadcrumbs=100"}
{"level":"debug","timestamp":"2025-08-17 19:00:20.551","caller":"log/log.go:209","message":"CFG: redis.max-retries=3"}
{"level":"debug","timestamp":"2025-08-17 19:00:20.551","caller":"log/log.go:209","message":"CFG: mysql.username=root"}
{"level":"debug","timestamp":"2025-08-17 19:00:20.551","caller":"log/log.go:209","message":"CFG: log.enable-color=false"}
{"level":"debug","timestamp":"2025-08-17 19:00:20.551","caller":"log/log.go:209","message":"CFG: v=0"}
{"level":"debug","timestamp":"2025-08-17 19:00:20.551","caller":"log/log.go:209","message":"CFG: http.timeout=10s"}
{"level":"debug","timestamp":"2025-08-17 19:00:20.551","caller":"log/log.go:209","message":"CFG: sentry.release="}
{"level":"debug","timestamp":"2025-08-17 19:00:20.551","caller":"log/log.go:209","message":"CFG: pool-monitor.namespace=apiserver"}
{"level":"debug","timestamp":"2025-08-17 19:00:20.551","caller":"log/log.go:209","message":"CFG: jaeger.service-name=apiserver"}
{"level":"debug","timestamp":"2025-08-17 19:00:20.551","caller":"log/log.go:209","message":"CFG: sentry.ignore-errors=[]"}
{"level":"debug","timestamp":"2025-08-17 19:00:20.551","caller":"log/log.go:209","message":"CFG: sentry.enable-profiling=false"}
{"level":"debug","timestamp":"2025-08-17 19:00:20.551","caller":"log/log.go:209","message":"CFG: log.format=json"}
{"level":"debug","timestamp":"2025-08-17 19:00:20.551","caller":"log/log.go:209","message":"CFG: pool-monitor.redis.enabled=true"}
{"level":"debug","timestamp":"2025-08-17 19:00:20.551","caller":"log/log.go:209","message":"CFG: log.disable-stacktrace=false"}
{"level":"debug","timestamp":"2025-08-17 19:00:20.551","caller":"log/log.go:209","message":"CFG: jaeger.reporter-log-spans=true"}
{"level":"debug","timestamp":"2025-08-17 19:00:20.551","caller":"log/log.go:209","message":"CFG: grpc.addr=0.0.0.0:9090"}
{"level":"debug","timestamp":"2025-08-17 19:00:20.551","caller":"log/log.go:209","message":"CFG: help=false"}
{"level":"debug","timestamp":"2025-08-17 19:00:20.551","caller":"log/log.go:209","message":"CFG: jaeger.sampler-param=1"}
{"level":"debug","timestamp":"2025-08-17 19:00:20.551","caller":"log/log.go:209","message":"CFG: redis.pool-timeout=4s"}
{"level":"debug","timestamp":"2025-08-17 19:00:20.551","caller":"log/log.go:209","message":"CFG: mysql.host=127.0.0.1"}
{"level":"debug","timestamp":"2025-08-17 19:00:20.551","caller":"log/log.go:209","message":"CFG: redis.write-timeout=3s"}
{"level":"debug","timestamp":"2025-08-17 19:00:20.551","caller":"log/log.go:209","message":"CFG: log.victoria-logs.timeout=10"}
{"level":"debug","timestamp":"2025-08-17 19:00:20.551","caller":"log/log.go:209","message":"CFG: mysql.max-idle-connections=100"}
{"level":"debug","timestamp":"2025-08-17 19:00:20.551","caller":"log/log.go:209","message":"CFG: log.victoria-logs.buffer-size=1000"}
{"level":"debug","timestamp":"2025-08-17 19:00:20.551","caller":"log/log.go:209","message":"CFG: jwt.signing-method=HS512"}
{"level":"debug","timestamp":"2025-08-17 19:00:20.551","caller":"log/log.go:209","message":"CFG: grpc.timeout=10s"}
{"level":"debug","timestamp":"2025-08-17 19:00:20.551","caller":"log/log.go:209","message":"CFG: sentry.flush-timeout=5s"}
{"level":"debug","timestamp":"2025-08-17 19:00:20.551","caller":"log/log.go:209","message":"CFG: feature-gates="}
{"level":"debug","timestamp":"2025-08-17 19:00:20.551","caller":"log/log.go:209","message":"CFG: mysql.password=proj(#)666"}
{"level":"debug","timestamp":"2025-08-17 19:00:20.551","caller":"log/log.go:209","message":"CFG: jaeger.sampler-type=const"}
{"level":"debug","timestamp":"2025-08-17 19:00:20.551","caller":"log/log.go:209","message":"CFG: pool-monitor.database.enabled=true"}
{"level":"debug","timestamp":"2025-08-17 19:00:20.551","caller":"log/log.go:209","message":"CFG: sentry.sample-rate=1"}
{"level":"debug","timestamp":"2025-08-17 19:00:20.551","caller":"log/log.go:209","message":"CFG: redis.read-timeout=3s"}
{"level":"debug","timestamp":"2025-08-17 19:00:20.551","caller":"log/log.go:209","message":"CFG: pool-monitor.enabled=true"}
{"level":"debug","timestamp":"2025-08-17 19:00:20.551","caller":"log/log.go:209","message":"CFG: mysql.enable-trace=true"}
{"level":"debug","timestamp":"2025-08-17 19:00:20.551","caller":"log/log.go:209","message":"CFG: http.addr=0.0.0.0:8080"}
{"level":"debug","timestamp":"2025-08-17 19:00:20.551","caller":"log/log.go:209","message":"CFG: redis.min-idle-conns=0"}
{"level":"debug","timestamp":"2025-08-17 19:00:20.551","caller":"log/log.go:209","message":"CFG: sentry.debug=false"}
{"level":"debug","timestamp":"2025-08-17 19:00:20.551","caller":"log/log.go:209","message":"CFG: log-flush-frequency=5s"}
{"level":"debug","timestamp":"2025-08-17 19:00:20.551","caller":"log/log.go:209","message":"CFG: redis.username="}
{"level":"debug","timestamp":"2025-08-17 19:00:20.551","caller":"log/log.go:209","message":"CFG: vmodule="}
{"level":"debug","timestamp":"2025-08-17 19:00:20.551","caller":"log/log.go:209","message":"CFG: sentry.traces-sample-rate=0.1"}
{"level":"info","timestamp":"2025-08-17 19:00:20.551","caller":"log/log.go:211","message":"Connection pool metrics collection is enabled through dependency injection"}
{"level":"info","timestamp":"2025-08-17 19:00:20.551","caller":"log/log.go:211","message":"Metrics will be automatically collected by the PoolMonitor when database connections are established"}
{"level":"info","timestamp":"2025-08-17 19:00:20.551","caller":"log/log.go:211","message":"Database pool monitoring enabled","slow_query_threshold":1000,"collect_interval":30000}
{"level":"info","timestamp":"2025-08-17 19:00:20.551","caller":"log/log.go:211","message":"Redis pool monitoring enabled","collect_interval":30000}
{"level":"info","timestamp":"2025-08-17 19:00:20.552","caller":"log/log.go:211","message":"Logger configuration","level":"debug","format":"json"}
{"level":"debug","timestamp":"2025-08-17 19:00:20.552","caller":"log/log.go:209","message":"Debug logging enabled","caller_skip":2,"enable_color":false}
{"level":"info","timestamp":"2025-08-17 19:00:20.552","caller":"log/log.go:211","message":"Validating service connections before startup..."}
{"level":"info","timestamp":"2025-08-17 19:00:20.552","caller":"log/log.go:211","message":"Testing MySQL connection..."}
{"level":"info","timestamp":"2025-08-17 19:00:20.557","caller":"log/log.go:211","message":"MySQL connection test passed"}
{"level":"info","timestamp":"2025-08-17 19:00:20.557","caller":"log/log.go:211","message":"Testing Redis connection..."}
{"level":"info","timestamp":"2025-08-17 19:00:20.560","caller":"log/log.go:211","message":"Redis connection test passed"}
{"level":"info","timestamp":"2025-08-17 19:00:20.560","caller":"log/log.go:211","message":"Testing Jaeger connection..."}
{"level":"info","timestamp":"2025-08-17 19:00:20.560","caller":"log/log.go:211","message":"Jaeger connection test passed"}
{"level":"info","timestamp":"2025-08-17 19:00:20.560","caller":"log/log.go:211","message":"All service connections validated successfully"}
{"level":"info","timestamp":"2025-08-17 19:00:20.654","caller":"log/log.go:211","message":"Start to listening the incoming requests","protocol":"kratos"}
{"level":"info","timestamp":"2025-08-17 19:00:20.654","caller":"log/global.go:75","message":"","ts":"2025-08-17T19:00:20+08:00","caller":"http/server.go:330","service.id":"costalongdeMacBook-Pro.local","service.name":"apiserver","service.version":"v0.0.0-master+$Format:%h$","msg":"[HTTP] server listening on: [::]:8080"}
{"level":"info","timestamp":"2025-08-17 19:00:20.654","caller":"log/global.go:75","message":"","ts":"2025-08-17T19:00:20+08:00","caller":"grpc/server.go:220","service.id":"costalongdeMacBook-Pro.local","service.name":"apiserver","service.version":"v0.0.0-master+$Format:%h$","msg":"[gRPC] server listening on: [::]:9090"}
{"level":"info","timestamp":"2025-08-17 19:02:01.977","caller":"log/log.go:211","message":"Shutting down server..."}
{"level":"info","timestamp":"2025-08-17 19:02:01.978","caller":"log/log.go:211","message":"Gracefully stop kratos application"}
{"level":"info","timestamp":"2025-08-17 19:02:01.978","caller":"log/log.go:211","message":"Server exited successfully."}
{"level":"debug","timestamp":"2025-08-17 19:02:28.615","message":"Context extractors configured","count":2,"logger_addr":"0x140007b8318"}
{"level":"debug","timestamp":"2025-08-17 19:02:28.615","message":"Context extractor registered","field":"x-trace-id","logger_addr":"0x140007b8318"}
{"level":"debug","timestamp":"2025-08-17 19:02:28.615","message":"Context extractor registered","field":"x-user-id","logger_addr":"0x140007b8318"}
{"level":"info","timestamp":"2025-08-17 19:02:28.615","message":"Starting application","name":"apiserver","version":"{\"gitVersion\":\"v0.0.0-master+$Format:%h$\",\"gitCommit\":\"$Format:%H$\",\"gitTreeState\":\"\",\"buildDate\":\"1970-01-01T00:00:00Z\",\"goVersion\":\"go1.25rc2\",\"compiler\":\"gc\",\"platform\":\"darwin/arm64\"}"}
{"level":"info","timestamp":"2025-08-17 19:02:28.615","message":"Golang settings","GOGC":"","GOMAXPROCS":"","GOTRACEBACK":""}
{"level":"debug","timestamp":"2025-08-17 19:02:28.615","message":"CFG: sentry.max-breadcrumbs=100"}
{"level":"debug","timestamp":"2025-08-17 19:02:28.615","message":"CFG: log.victoria-logs.environment=development"}
{"level":"debug","timestamp":"2025-08-17 19:02:28.615","message":"CFG: mysql.username=root"}
{"level":"debug","timestamp":"2025-08-17 19:02:28.615","message":"CFG: http.timeout=10s"}
{"level":"debug","timestamp":"2025-08-17 19:02:28.615","message":"CFG: sentry.send-default-pii=false"}
{"level":"debug","timestamp":"2025-08-17 19:02:28.615","message":"CFG: feature-gates="}
{"level":"debug","timestamp":"2025-08-17 19:02:28.615","message":"CFG: jaeger.agent-host=127.0.0.1"}
{"level":"debug","timestamp":"2025-08-17 19:02:28.615","message":"CFG: jaeger.sampler-param=1"}
{"level":"debug","timestamp":"2025-08-17 19:02:28.615","message":"CFG: log-flush-frequency=5s"}
{"level":"debug","timestamp":"2025-08-17 19:02:28.615","message":"CFG: http.network=tcp"}
{"level":"debug","timestamp":"2025-08-17 19:02:28.615","message":"CFG: jaeger.server=127.0.0.1:6831"}
{"level":"debug","timestamp":"2025-08-17 19:02:28.615","message":"CFG: version=false"}
{"level":"debug","timestamp":"2025-08-17 19:02:28.615","message":"CFG: redis.database=0"}
{"level":"debug","timestamp":"2025-08-17 19:02:28.615","message":"CFG: redis.max-retries=3"}
{"level":"debug","timestamp":"2025-08-17 19:02:28.615","message":"CFG: redis.min-idle-conns=0"}
{"level":"debug","timestamp":"2025-08-17 19:02:28.615","message":"CFG: mysql.log-level=1"}
{"level":"debug","timestamp":"2025-08-17 19:02:28.615","message":"CFG: sentry.debug=false"}
{"level":"debug","timestamp":"2025-08-17 19:02:28.616","message":"CFG: pool-monitor.enabled=true"}
{"level":"debug","timestamp":"2025-08-17 19:02:28.616","message":"CFG: mysql.max-idle-connections=100"}
{"level":"debug","timestamp":"2025-08-17 19:02:28.616","message":"CFG: jwt.max-refresh=2h"}
{"level":"debug","timestamp":"2025-08-17 19:02:28.616","message":"CFG: log.disable-caller=false"}
{"level":"debug","timestamp":"2025-08-17 19:02:28.616","message":"CFG: mysql.database=protoc"}
{"level":"debug","timestamp":"2025-08-17 19:02:28.616","message":"CFG: jaeger.enabled=true"}
{"level":"debug","timestamp":"2025-08-17 19:02:28.616","message":"CFG: jwt.key=onex(#)666"}
{"level":"debug","timestamp":"2025-08-17 19:02:28.616","message":"CFG: sentry.profiles-sample-rate=0.1"}
{"level":"debug","timestamp":"2025-08-17 19:02:28.616","message":"CFG: pool-monitor.database.slow-query=1s"}
{"level":"debug","timestamp":"2025-08-17 19:02:28.616","message":"CFG: redis.enable-trace=true"}
{"level":"debug","timestamp":"2025-08-17 19:02:28.616","message":"CFG: jaeger.reporter-log-spans=true"}
{"level":"debug","timestamp":"2025-08-17 19:02:28.616","message":"CFG: config=configs/apiserver.yaml"}
{"level":"debug","timestamp":"2025-08-17 19:02:28.616","message":"CFG: grpc.network=tcp"}
{"level":"debug","timestamp":"2025-08-17 19:02:28.616","message":"CFG: sentry.sample-rate=1"}
{"level":"debug","timestamp":"2025-08-17 19:02:28.616","message":"CFG: sentry.flush-timeout=5s"}
{"level":"debug","timestamp":"2025-08-17 19:02:28.616","message":"CFG: log.victoria-logs.timezone=UTC"}
{"level":"debug","timestamp":"2025-08-17 19:02:28.616","message":"CFG: log.victoria-logs.service=apiserver"}
{"level":"debug","timestamp":"2025-08-17 19:02:28.616","message":"CFG: sentry.attach-stacktrace=true"}
{"level":"debug","timestamp":"2025-08-17 19:02:28.616","message":"CFG: jaeger.env=development"}
{"level":"debug","timestamp":"2025-08-17 19:02:28.616","message":"CFG: sentry.server-name="}
{"level":"debug","timestamp":"2025-08-17 19:02:28.616","message":"CFG: log.victoria-logs.batch-size=100"}
{"level":"debug","timestamp":"2025-08-17 19:02:28.616","message":"CFG: pool-monitor.redis.enabled=true"}
{"level":"debug","timestamp":"2025-08-17 19:02:28.616","message":"CFG: log.format=json"}
{"level":"debug","timestamp":"2025-08-17 19:02:28.616","message":"CFG: redis.pool-size=10"}
{"level":"debug","timestamp":"2025-08-17 19:02:28.616","message":"CFG: jaeger.agent-port=6831"}
{"level":"debug","timestamp":"2025-08-17 19:02:28.616","message":"CFG: log.victoria-logs.flush-interval=5"}
{"level":"debug","timestamp":"2025-08-17 19:02:28.616","message":"CFG: v=0"}
{"level":"debug","timestamp":"2025-08-17 19:02:28.616","message":"CFG: log.victoria-logs.version=v2.0.0"}
{"level":"debug","timestamp":"2025-08-17 19:02:28.616","message":"CFG: http.addr=0.0.0.0:8080"}
{"level":"debug","timestamp":"2025-08-17 19:02:28.616","message":"CFG: jaeger.service-name=apiserver"}
{"level":"debug","timestamp":"2025-08-17 19:02:28.616","message":"CFG: mysql.host=127.0.0.1"}
{"level":"debug","timestamp":"2025-08-17 19:02:28.616","message":"CFG: sentry.dsn="}
{"level":"debug","timestamp":"2025-08-17 19:02:28.616","message":"CFG: redis.password="}
{"level":"debug","timestamp":"2025-08-17 19:02:28.616","message":"CFG: redis.dial-timeout=5s"}
{"level":"debug","timestamp":"2025-08-17 19:02:28.616","message":"CFG: sentry.enable-tracing=true"}
{"level":"debug","timestamp":"2025-08-17 19:02:28.616","message":"CFG: jwt.signing-method=HS512"}
{"level":"debug","timestamp":"2025-08-17 19:02:28.616","message":"CFG: jwt.expired=2h"}
{"level":"debug","timestamp":"2025-08-17 19:02:28.616","message":"CFG: grpc.addr=0.0.0.0:9090"}
{"level":"debug","timestamp":"2025-08-17 19:02:28.616","message":"CFG: log.victoria-logs.endpoint=http://127.0.0.1:9428"}
{"level":"debug","timestamp":"2025-08-17 19:02:28.617","message":"CFG: mysql.password=proj(#)666"}
{"level":"debug","timestamp":"2025-08-17 19:02:28.617","message":"CFG: redis.username="}
{"level":"debug","timestamp":"2025-08-17 19:02:28.617","message":"CFG: log.enable-color=false"}
{"level":"debug","timestamp":"2025-08-17 19:02:28.617","message":"CFG: sentry.enable-profiling=false"}
{"level":"debug","timestamp":"2025-08-17 19:02:28.617","message":"CFG: pool-monitor.namespace=apiserver"}
{"level":"debug","timestamp":"2025-08-17 19:02:28.617","message":"CFG: redis.write-timeout=3s"}
{"level":"debug","timestamp":"2025-08-17 19:02:28.617","message":"CFG: help=false"}
{"level":"debug","timestamp":"2025-08-17 19:02:28.617","message":"CFG: log.victoria-logs.enabled=true"}
{"level":"debug","timestamp":"2025-08-17 19:02:28.617","message":"CFG: log.victoria-logs.timeout=10"}
{"level":"debug","timestamp":"2025-08-17 19:02:28.617","message":"CFG: mysql.max-connection-life-time=10s"}
{"level":"debug","timestamp":"2025-08-17 19:02:28.617","message":"CFG: log.disable-stacktrace=false"}
{"level":"debug","timestamp":"2025-08-17 19:02:28.617","message":"CFG: sentry.ignore-errors=[]"}
{"level":"debug","timestamp":"2025-08-17 19:02:28.617","message":"CFG: sentry.environment=development"}
{"level":"debug","timestamp":"2025-08-17 19:02:28.617","message":"CFG: vmodule="}
{"level":"debug","timestamp":"2025-08-17 19:02:28.617","message":"CFG: log.victoria-logs.buffer-size=1000"}
{"level":"debug","timestamp":"2025-08-17 19:02:28.617","message":"CFG: grpc.timeout=10s"}
{"level":"debug","timestamp":"2025-08-17 19:02:28.617","message":"CFG: mysql.enable-trace=true"}
{"level":"debug","timestamp":"2025-08-17 19:02:28.617","message":"CFG: jaeger.sampler-type=const"}
{"level":"debug","timestamp":"2025-08-17 19:02:28.617","message":"CFG: log.level=debug"}
{"level":"debug","timestamp":"2025-08-17 19:02:28.617","message":"CFG: sentry.enabled=false"}
{"level":"debug","timestamp":"2025-08-17 19:02:28.617","message":"CFG: redis.addr=127.0.0.1:6379"}
{"level":"debug","timestamp":"2025-08-17 19:02:28.617","message":"CFG: pool-monitor.database.enabled=true"}
{"level":"debug","timestamp":"2025-08-17 19:02:28.617","message":"CFG: redis.read-timeout=3s"}
{"level":"debug","timestamp":"2025-08-17 19:02:28.617","message":"CFG: mysql.max-open-connections=100"}
{"level":"debug","timestamp":"2025-08-17 19:02:28.617","message":"CFG: log.output-paths=[stdout logs/app.log]"}
{"level":"debug","timestamp":"2025-08-17 19:02:28.617","message":"CFG: sentry.traces-sample-rate=0.1"}
{"level":"debug","timestamp":"2025-08-17 19:02:28.617","message":"CFG: sentry.release="}
{"level":"debug","timestamp":"2025-08-17 19:02:28.617","message":"CFG: mysql.log-mode=1"}
{"level":"debug","timestamp":"2025-08-17 19:02:28.617","message":"CFG: pool-monitor.collect-interval=30s"}
{"level":"debug","timestamp":"2025-08-17 19:02:28.617","message":"CFG: redis.pool-timeout=4s"}
{"level":"info","timestamp":"2025-08-17 19:02:28.617","message":"Connection pool metrics collection is enabled through dependency injection"}
{"level":"info","timestamp":"2025-08-17 19:02:28.617","message":"Metrics will be automatically collected by the PoolMonitor when database connections are established"}
{"level":"info","timestamp":"2025-08-17 19:02:28.617","message":"Database pool monitoring enabled","slow_query_threshold":1000,"collect_interval":30000}
{"level":"info","timestamp":"2025-08-17 19:02:28.617","message":"Redis pool monitoring enabled","collect_interval":30000}
{"level":"info","timestamp":"2025-08-17 19:02:28.617","message":"Logger configuration","level":"debug","format":"json"}
{"level":"debug","timestamp":"2025-08-17 19:02:28.617","message":"Debug logging enabled","caller_skip":2,"enable_color":false}
{"level":"info","timestamp":"2025-08-17 19:02:28.617","message":"Validating service connections before startup..."}
{"level":"info","timestamp":"2025-08-17 19:02:28.617","message":"Testing MySQL connection..."}
{"level":"info","timestamp":"2025-08-17 19:02:28.623","message":"MySQL connection test passed"}
{"level":"info","timestamp":"2025-08-17 19:02:28.623","message":"Testing Redis connection..."}
{"level":"info","timestamp":"2025-08-17 19:02:28.627","message":"Redis connection test passed"}
{"level":"info","timestamp":"2025-08-17 19:02:28.628","message":"Testing Jaeger connection..."}
{"level":"info","timestamp":"2025-08-17 19:02:28.628","message":"Jaeger connection test passed"}
{"level":"info","timestamp":"2025-08-17 19:02:28.628","message":"All service connections validated successfully"}
{"level":"info","timestamp":"2025-08-17 19:02:28.725","message":"Start to listening the incoming requests","protocol":"kratos"}
{"level":"info","timestamp":"2025-08-17 19:02:28.725","message":"","ts":"2025-08-17T19:02:28+08:00","caller":"http/server.go:330","service.id":"costalongdeMacBook-Pro.local","service.name":"apiserver","service.version":"v0.0.0-master+$Format:%h$","msg":"[HTTP] server listening on: [::]:8080"}
{"level":"info","timestamp":"2025-08-17 19:02:28.725","message":"","ts":"2025-08-17T19:02:28+08:00","caller":"grpc/server.go:220","service.id":"costalongdeMacBook-Pro.local","service.name":"apiserver","service.version":"v0.0.0-master+$Format:%h$","msg":"[gRPC] server listening on: [::]:9090"}
{"level":"error","timestamp":"2025-08-17 19:02:42.265","message":"GetUser","err":"test code error"}
{"level":"debug","timestamp":"2025-08-17 19:02:42.270","message":"W() method called","logger_addr":"0x140007b8318","extractor_count":2}
{"level":"debug","timestamp":"2025-08-17 19:02:42.271","message":"Context field extracted","x-trace-id":"2408451f39b547787954dad2cf091445","field":"x-trace-id","value":"2408451f39b547787954dad2cf091445"}
{"level":"debug","timestamp":"2025-08-17 19:02:42.271","message":"Context field empty","x-trace-id":"2408451f39b547787954dad2cf091445","field":"x-user-id"}
{"level":"error","timestamp":"2025-08-17 19:02:42.271","message":"","x-trace-id":"2408451f39b547787954dad2cf091445","kind":"server","component":"http","operation":"/apiserver.v1.ApiServer/GetUser","args":"id:\"123\"","code":500,"reason":"","stack":"user not found","latency":0.005099583}
{"level":"debug","timestamp":"2025-08-17 20:28:03.635","caller":"app/app.go:341","message":"Context extractors configured","count":2,"logger_addr":"0x140008ca318"}
{"level":"debug","timestamp":"2025-08-17 20:28:03.636","caller":"app/app.go:341","message":"Context extractor registered","field":"x-trace-id","logger_addr":"0x140008ca318"}
{"level":"debug","timestamp":"2025-08-17 20:28:03.636","caller":"app/app.go:341","message":"Context extractor registered","field":"x-user-id","logger_addr":"0x140008ca318"}
{"level":"info","timestamp":"2025-08-17 20:28:03.636","caller":"log/log.go:201","message":"Starting application","name":"apiserver","version":"{\"gitVersion\":\"v0.0.0-master+$Format:%h$\",\"gitCommit\":\"$Format:%H$\",\"gitTreeState\":\"\",\"buildDate\":\"1970-01-01T00:00:00Z\",\"goVersion\":\"go1.25rc2\",\"compiler\":\"gc\",\"platform\":\"darwin/arm64\"}"}
{"level":"info","timestamp":"2025-08-17 20:28:03.636","caller":"log/log.go:201","message":"Golang settings","GOGC":"","GOMAXPROCS":"","GOTRACEBACK":""}
{"level":"debug","timestamp":"2025-08-17 20:28:03.636","caller":"log/log.go:199","message":"CFG: mysql.log-level=1"}
{"level":"debug","timestamp":"2025-08-17 20:28:03.636","caller":"log/log.go:199","message":"CFG: redis.dial-timeout=5s"}
{"level":"debug","timestamp":"2025-08-17 20:28:03.636","caller":"log/log.go:199","message":"CFG: log.level=debug"}
{"level":"debug","timestamp":"2025-08-17 20:28:03.636","caller":"log/log.go:199","message":"CFG: sentry.traces-sample-rate=0.1"}
{"level":"debug","timestamp":"2025-08-17 20:28:03.636","caller":"log/log.go:199","message":"CFG: log.disable-caller=false"}
{"level":"debug","timestamp":"2025-08-17 20:28:03.636","caller":"log/log.go:199","message":"CFG: log.victoria-logs.flush-interval=5"}
{"level":"debug","timestamp":"2025-08-17 20:28:03.636","caller":"log/log.go:199","message":"CFG: sentry.flush-timeout=5s"}
{"level":"debug","timestamp":"2025-08-17 20:28:03.636","caller":"log/log.go:199","message":"CFG: pool-monitor.database.slow-query=1s"}
{"level":"debug","timestamp":"2025-08-17 20:28:03.636","caller":"log/log.go:199","message":"CFG: sentry.attach-stacktrace=true"}
{"level":"debug","timestamp":"2025-08-17 20:28:03.636","caller":"log/log.go:199","message":"CFG: redis.pool-timeout=4s"}
{"level":"debug","timestamp":"2025-08-17 20:28:03.636","caller":"log/log.go:199","message":"CFG: vmodule="}
{"level":"debug","timestamp":"2025-08-17 20:28:03.636","caller":"log/log.go:199","message":"CFG: help=false"}
{"level":"debug","timestamp":"2025-08-17 20:28:03.636","caller":"log/log.go:199","message":"CFG: log.victoria-logs.environment=development"}
{"level":"debug","timestamp":"2025-08-17 20:28:03.636","caller":"log/log.go:199","message":"CFG: config=configs/apiserver.yaml"}
{"level":"debug","timestamp":"2025-08-17 20:28:03.636","caller":"log/log.go:199","message":"CFG: jaeger.agent-host=127.0.0.1"}
{"level":"debug","timestamp":"2025-08-17 20:28:03.636","caller":"log/log.go:199","message":"CFG: jaeger.server=127.0.0.1:6831"}
{"level":"debug","timestamp":"2025-08-17 20:28:03.636","caller":"log/log.go:199","message":"CFG: log.victoria-logs.timeout=10"}
{"level":"debug","timestamp":"2025-08-17 20:28:03.636","caller":"log/log.go:199","message":"CFG: sentry.dsn="}
{"level":"debug","timestamp":"2025-08-17 20:28:03.636","caller":"log/log.go:199","message":"CFG: mysql.max-connection-life-time=10s"}
{"level":"debug","timestamp":"2025-08-17 20:28:03.637","caller":"log/log.go:199","message":"CFG: log.victoria-logs.service=apiserver"}
{"level":"debug","timestamp":"2025-08-17 20:28:03.637","caller":"log/log.go:199","message":"CFG: grpc.addr=0.0.0.0:9090"}
{"level":"debug","timestamp":"2025-08-17 20:28:03.637","caller":"log/log.go:199","message":"CFG: jwt.expired=2h"}
{"level":"debug","timestamp":"2025-08-17 20:28:03.637","caller":"log/log.go:199","message":"CFG: redis.max-retries=3"}
{"level":"debug","timestamp":"2025-08-17 20:28:03.637","caller":"log/log.go:199","message":"CFG: mysql.password=proj(#)666"}
{"level":"debug","timestamp":"2025-08-17 20:28:03.637","caller":"log/log.go:199","message":"CFG: redis.addr=127.0.0.1:6379"}
{"level":"debug","timestamp":"2025-08-17 20:28:03.637","caller":"log/log.go:199","message":"CFG: pool-monitor.enabled=true"}
{"level":"debug","timestamp":"2025-08-17 20:28:03.637","caller":"log/log.go:199","message":"CFG: sentry.server-name="}
{"level":"debug","timestamp":"2025-08-17 20:28:03.637","caller":"log/log.go:199","message":"CFG: sentry.enable-tracing=true"}
{"level":"debug","timestamp":"2025-08-17 20:28:03.637","caller":"log/log.go:199","message":"CFG: version=false"}
{"level":"debug","timestamp":"2025-08-17 20:28:03.637","caller":"log/log.go:199","message":"CFG: sentry.profiles-sample-rate=0.1"}
{"level":"debug","timestamp":"2025-08-17 20:28:03.637","caller":"log/log.go:199","message":"CFG: sentry.send-default-pii=false"}
{"level":"debug","timestamp":"2025-08-17 20:28:03.637","caller":"log/log.go:199","message":"CFG: pool-monitor.namespace=apiserver"}
{"level":"debug","timestamp":"2025-08-17 20:28:03.637","caller":"log/log.go:199","message":"CFG: jaeger.sampler-param=1"}
{"level":"debug","timestamp":"2025-08-17 20:28:03.637","caller":"log/log.go:199","message":"CFG: log-flush-frequency=5s"}
{"level":"debug","timestamp":"2025-08-17 20:28:03.637","caller":"log/log.go:199","message":"CFG: sentry.debug=false"}
{"level":"debug","timestamp":"2025-08-17 20:28:03.637","caller":"log/log.go:199","message":"CFG: log.victoria-logs.batch-size=100"}
{"level":"debug","timestamp":"2025-08-17 20:28:03.637","caller":"log/log.go:199","message":"CFG: mysql.max-idle-connections=100"}
{"level":"debug","timestamp":"2025-08-17 20:28:03.637","caller":"log/log.go:199","message":"CFG: redis.username="}
{"level":"debug","timestamp":"2025-08-17 20:28:03.637","caller":"log/log.go:199","message":"CFG: redis.min-idle-conns=0"}
{"level":"debug","timestamp":"2025-08-17 20:28:03.637","caller":"log/log.go:199","message":"CFG: sentry.enabled=false"}
{"level":"debug","timestamp":"2025-08-17 20:28:03.637","caller":"log/log.go:199","message":"CFG: pool-monitor.collect-interval=30s"}
{"level":"debug","timestamp":"2025-08-17 20:28:03.637","caller":"log/log.go:199","message":"CFG: log.victoria-logs.timezone=UTC"}
{"level":"debug","timestamp":"2025-08-17 20:28:03.637","caller":"log/log.go:199","message":"CFG: feature-gates="}
{"level":"debug","timestamp":"2025-08-17 20:28:03.637","caller":"log/log.go:199","message":"CFG: log.format=json"}
{"level":"debug","timestamp":"2025-08-17 20:28:03.637","caller":"log/log.go:199","message":"CFG: mysql.database=protoc"}
{"level":"debug","timestamp":"2025-08-17 20:28:03.637","caller":"log/log.go:199","message":"CFG: sentry.enable-profiling=false"}
{"level":"debug","timestamp":"2025-08-17 20:28:03.637","caller":"log/log.go:199","message":"CFG: jwt.signing-method=HS512"}
{"level":"debug","timestamp":"2025-08-17 20:28:03.637","caller":"log/log.go:199","message":"CFG: mysql.max-open-connections=100"}
{"level":"debug","timestamp":"2025-08-17 20:28:03.637","caller":"log/log.go:199","message":"CFG: mysql.enable-trace=true"}
{"level":"debug","timestamp":"2025-08-17 20:28:03.637","caller":"log/log.go:199","message":"CFG: sentry.ignore-errors=[]"}
{"level":"debug","timestamp":"2025-08-17 20:28:03.637","caller":"log/log.go:199","message":"CFG: v=0"}
{"level":"debug","timestamp":"2025-08-17 20:28:03.637","caller":"log/log.go:199","message":"CFG: log.victoria-logs.buffer-size=1000"}
{"level":"debug","timestamp":"2025-08-17 20:28:03.637","caller":"log/log.go:199","message":"CFG: jwt.max-refresh=2h"}
{"level":"debug","timestamp":"2025-08-17 20:28:03.637","caller":"log/log.go:199","message":"CFG: grpc.timeout=10s"}
{"level":"debug","timestamp":"2025-08-17 20:28:03.637","caller":"log/log.go:199","message":"CFG: pool-monitor.database.enabled=true"}
{"level":"debug","timestamp":"2025-08-17 20:28:03.637","caller":"log/log.go:199","message":"CFG: log.output-paths=[stdout logs/app.log]"}
{"level":"debug","timestamp":"2025-08-17 20:28:03.637","caller":"log/log.go:199","message":"CFG: jaeger.reporter-log-spans=true"}
{"level":"debug","timestamp":"2025-08-17 20:28:03.637","caller":"log/log.go:199","message":"CFG: redis.pool-size=10"}
{"level":"debug","timestamp":"2025-08-17 20:28:03.637","caller":"log/log.go:199","message":"CFG: jaeger.service-name=apiserver"}
{"level":"debug","timestamp":"2025-08-17 20:28:03.637","caller":"log/log.go:199","message":"CFG: http.timeout=10s"}
{"level":"debug","timestamp":"2025-08-17 20:28:03.637","caller":"log/log.go:199","message":"CFG: log.victoria-logs.enabled=true"}
{"level":"debug","timestamp":"2025-08-17 20:28:03.637","caller":"log/log.go:199","message":"CFG: http.network=tcp"}
{"level":"debug","timestamp":"2025-08-17 20:28:03.637","caller":"log/log.go:199","message":"CFG: mysql.log-mode=1"}
{"level":"debug","timestamp":"2025-08-17 20:28:03.637","caller":"log/log.go:199","message":"CFG: sentry.environment=development"}
{"level":"debug","timestamp":"2025-08-17 20:28:03.637","caller":"log/log.go:199","message":"CFG: redis.write-timeout=3s"}
{"level":"debug","timestamp":"2025-08-17 20:28:03.637","caller":"log/log.go:199","message":"CFG: redis.enable-trace=true"}
{"level":"debug","timestamp":"2025-08-17 20:28:03.638","caller":"log/log.go:199","message":"CFG: sentry.max-breadcrumbs=100"}
{"level":"debug","timestamp":"2025-08-17 20:28:03.638","caller":"log/log.go:199","message":"CFG: jaeger.enabled=true"}
{"level":"debug","timestamp":"2025-08-17 20:28:03.638","caller":"log/log.go:199","message":"CFG: grpc.network=tcp"}
{"level":"debug","timestamp":"2025-08-17 20:28:03.638","caller":"log/log.go:199","message":"CFG: sentry.release="}
{"level":"debug","timestamp":"2025-08-17 20:28:03.638","caller":"log/log.go:199","message":"CFG: jwt.key=onex(#)666"}
{"level":"debug","timestamp":"2025-08-17 20:28:03.638","caller":"log/log.go:199","message":"CFG: log.enable-color=false"}
{"level":"debug","timestamp":"2025-08-17 20:28:03.638","caller":"log/log.go:199","message":"CFG: log.disable-stacktrace=false"}
{"level":"debug","timestamp":"2025-08-17 20:28:03.638","caller":"log/log.go:199","message":"CFG: redis.database=0"}
{"level":"debug","timestamp":"2025-08-17 20:28:03.638","caller":"log/log.go:199","message":"CFG: sentry.sample-rate=1"}
{"level":"debug","timestamp":"2025-08-17 20:28:03.638","caller":"log/log.go:199","message":"CFG: log.victoria-logs.endpoint=http://127.0.0.1:9428"}
{"level":"debug","timestamp":"2025-08-17 20:28:03.638","caller":"log/log.go:199","message":"CFG: jaeger.agent-port=6831"}
{"level":"debug","timestamp":"2025-08-17 20:28:03.638","caller":"log/log.go:199","message":"CFG: pool-monitor.redis.enabled=true"}
{"level":"debug","timestamp":"2025-08-17 20:28:03.638","caller":"log/log.go:199","message":"CFG: log.victoria-logs.version=v2.0.0"}
{"level":"debug","timestamp":"2025-08-17 20:28:03.638","caller":"log/log.go:199","message":"CFG: http.addr=0.0.0.0:8080"}
{"level":"debug","timestamp":"2025-08-17 20:28:03.638","caller":"log/log.go:199","message":"CFG: jaeger.sampler-type=const"}
{"level":"debug","timestamp":"2025-08-17 20:28:03.638","caller":"log/log.go:199","message":"CFG: mysql.username=root"}
{"level":"debug","timestamp":"2025-08-17 20:28:03.638","caller":"log/log.go:199","message":"CFG: mysql.host=127.0.0.1"}
{"level":"debug","timestamp":"2025-08-17 20:28:03.638","caller":"log/log.go:199","message":"CFG: jaeger.env=development"}
{"level":"debug","timestamp":"2025-08-17 20:28:03.638","caller":"log/log.go:199","message":"CFG: redis.password="}
{"level":"debug","timestamp":"2025-08-17 20:28:03.638","caller":"log/log.go:199","message":"CFG: redis.read-timeout=3s"}
{"level":"info","timestamp":"2025-08-17 20:28:03.638","caller":"log/log.go:201","message":"Connection pool metrics collection is enabled through dependency injection"}
{"level":"info","timestamp":"2025-08-17 20:28:03.638","caller":"log/log.go:201","message":"Metrics will be automatically collected by the PoolMonitor when database connections are established"}
{"level":"info","timestamp":"2025-08-17 20:28:03.638","caller":"log/log.go:201","message":"Database pool monitoring enabled","slow_query_threshold":1000,"collect_interval":30000}
{"level":"info","timestamp":"2025-08-17 20:28:03.638","caller":"log/log.go:201","message":"Redis pool monitoring enabled","collect_interval":30000}
{"level":"info","timestamp":"2025-08-17 20:28:03.638","caller":"log/log.go:201","message":"Logger configuration","level":"debug","format":"json"}
{"level":"debug","timestamp":"2025-08-17 20:28:03.638","caller":"log/log.go:199","message":"Debug logging enabled","caller_skip":2,"enable_color":false}
{"level":"info","timestamp":"2025-08-17 20:28:03.638","caller":"log/log.go:201","message":"Validating service connections before startup..."}
{"level":"info","timestamp":"2025-08-17 20:28:03.638","caller":"log/log.go:201","message":"Testing MySQL connection..."}
{"level":"info","timestamp":"2025-08-17 20:28:03.647","caller":"log/log.go:201","message":"MySQL connection test passed"}
{"level":"info","timestamp":"2025-08-17 20:28:03.647","caller":"log/log.go:201","message":"Testing Redis connection..."}
{"level":"info","timestamp":"2025-08-17 20:28:03.653","caller":"log/log.go:201","message":"Redis connection test passed"}
{"level":"info","timestamp":"2025-08-17 20:28:03.653","caller":"log/log.go:201","message":"Testing Jaeger connection..."}
{"level":"info","timestamp":"2025-08-17 20:28:03.653","caller":"log/log.go:201","message":"Jaeger connection test passed"}
{"level":"info","timestamp":"2025-08-17 20:28:03.653","caller":"log/log.go:201","message":"All service connections validated successfully"}
{"level":"info","timestamp":"2025-08-17 20:28:03.753","caller":"log/log.go:201","message":"Start to listening the incoming requests","protocol":"kratos"}
{"level":"fatal","timestamp":"2025-08-17 20:28:03.753","caller":"log/log.go:209","message":"Failed to serve kratos application","err":"listen tcp 0.0.0.0:9090: bind: address already in use","stacktrace":"github.com/costa92/go-protoc/v2/pkg/log.Fatalw\n\t/Users/costalong/code/go/src/github.com/costa92/go-protoc/pkg/log/log.go:209\ngithub.com/costa92/go-protoc/v2/pkg/server.(*KratosServer).RunOrDie\n\t/Users/costalong/code/go/src/github.com/costa92/go-protoc/pkg/server/kratos_server.go:49"}
{"level":"error","timestamp":"2025-08-17 20:28:29.589","message":"GetUser","err":"test code error"}
{"level":"debug","timestamp":"2025-08-17 20:28:29.624","message":"W() method called","logger_addr":"0x140007b8318","extractor_count":2}
{"level":"debug","timestamp":"2025-08-17 20:28:29.624","message":"Context field extracted","x-trace-id":"adf357fcdf11b93995db6cfcb4e6147d","field":"x-trace-id","value":"adf357fcdf11b93995db6cfcb4e6147d"}
{"level":"debug","timestamp":"2025-08-17 20:28:29.624","message":"Context field empty","x-trace-id":"adf357fcdf11b93995db6cfcb4e6147d","field":"x-user-id"}
{"level":"info","timestamp":"2025-08-17 20:28:29.625","message":"","x-trace-id":"adf357fcdf11b93995db6cfcb4e6147d","kind":"server","component":"http","operation":"/apiserver.v1.ApiServer/GetUser","args":"id:\"1\"","code":0,"reason":"","stack":"","latency":0.034092542}
{"level":"debug","timestamp":"2025-08-17 20:28:42.424","caller":"app/app.go:341","message":"Context extractors configured","count":2,"logger_addr":"0x140000117b8"}
{"level":"debug","timestamp":"2025-08-17 20:28:42.424","caller":"app/app.go:341","message":"Context extractor registered","field":"x-trace-id","logger_addr":"0x140000117b8"}
{"level":"debug","timestamp":"2025-08-17 20:28:42.424","caller":"app/app.go:341","message":"Context extractor registered","field":"x-user-id","logger_addr":"0x140000117b8"}
{"level":"info","timestamp":"2025-08-17 20:28:42.424","caller":"log/log.go:201","message":"Starting application","name":"apiserver","version":"{\"gitVersion\":\"v0.0.0-master+$Format:%h$\",\"gitCommit\":\"$Format:%H$\",\"gitTreeState\":\"\",\"buildDate\":\"1970-01-01T00:00:00Z\",\"goVersion\":\"go1.25rc2\",\"compiler\":\"gc\",\"platform\":\"darwin/arm64\"}"}
{"level":"info","timestamp":"2025-08-17 20:28:42.424","caller":"log/log.go:201","message":"Golang settings","GOGC":"","GOMAXPROCS":"","GOTRACEBACK":""}
{"level":"debug","timestamp":"2025-08-17 20:28:42.424","caller":"log/log.go:199","message":"CFG: sentry.max-breadcrumbs=100"}
{"level":"debug","timestamp":"2025-08-17 20:28:42.425","caller":"log/log.go:199","message":"CFG: mysql.host=127.0.0.1"}
{"level":"debug","timestamp":"2025-08-17 20:28:42.425","caller":"log/log.go:199","message":"CFG: log.victoria-logs.flush-interval=5"}
{"level":"debug","timestamp":"2025-08-17 20:28:42.425","caller":"log/log.go:199","message":"CFG: version=false"}
{"level":"debug","timestamp":"2025-08-17 20:28:42.425","caller":"log/log.go:199","message":"CFG: log.output-paths=[stdout logs/app.log]"}
{"level":"debug","timestamp":"2025-08-17 20:28:42.425","caller":"log/log.go:199","message":"CFG: redis.username="}
{"level":"debug","timestamp":"2025-08-17 20:28:42.425","caller":"log/log.go:199","message":"CFG: sentry.send-default-pii=false"}
{"level":"debug","timestamp":"2025-08-17 20:28:42.425","caller":"log/log.go:199","message":"CFG: sentry.release="}
{"level":"debug","timestamp":"2025-08-17 20:28:42.425","caller":"log/log.go:199","message":"CFG: redis.password="}
{"level":"debug","timestamp":"2025-08-17 20:28:42.425","caller":"log/log.go:199","message":"CFG: sentry.attach-stacktrace=true"}
{"level":"debug","timestamp":"2025-08-17 20:28:42.425","caller":"log/log.go:199","message":"CFG: log.disable-stacktrace=false"}
{"level":"debug","timestamp":"2025-08-17 20:28:42.425","caller":"log/log.go:199","message":"CFG: sentry.enable-tracing=true"}
{"level":"debug","timestamp":"2025-08-17 20:28:42.425","caller":"log/log.go:199","message":"CFG: jaeger.server=127.0.0.1:6831"}
{"level":"debug","timestamp":"2025-08-17 20:28:42.425","caller":"log/log.go:199","message":"CFG: http.addr=0.0.0.0:8080"}
{"level":"debug","timestamp":"2025-08-17 20:28:42.425","caller":"log/log.go:199","message":"CFG: log.level=debug"}
{"level":"debug","timestamp":"2025-08-17 20:28:42.425","caller":"log/log.go:199","message":"CFG: v=0"}
{"level":"debug","timestamp":"2025-08-17 20:28:42.425","caller":"log/log.go:199","message":"CFG: redis.min-idle-conns=0"}
{"level":"debug","timestamp":"2025-08-17 20:28:42.425","caller":"log/log.go:199","message":"CFG: http.timeout=10s"}
{"level":"debug","timestamp":"2025-08-17 20:28:42.425","caller":"log/log.go:199","message":"CFG: redis.write-timeout=3s"}
{"level":"debug","timestamp":"2025-08-17 20:28:42.425","caller":"log/log.go:199","message":"CFG: log.victoria-logs.service=apiserver"}
{"level":"debug","timestamp":"2025-08-17 20:28:42.425","caller":"log/log.go:199","message":"CFG: sentry.debug=false"}
{"level":"debug","timestamp":"2025-08-17 20:28:42.425","caller":"log/log.go:199","message":"CFG: pool-monitor.redis.enabled=true"}
{"level":"debug","timestamp":"2025-08-17 20:28:42.425","caller":"log/log.go:199","message":"CFG: sentry.dsn="}
{"level":"debug","timestamp":"2025-08-17 20:28:42.425","caller":"log/log.go:199","message":"CFG: jaeger.sampler-type=const"}
{"level":"debug","timestamp":"2025-08-17 20:28:42.425","caller":"log/log.go:199","message":"CFG: vmodule="}
{"level":"debug","timestamp":"2025-08-17 20:28:42.425","caller":"log/log.go:199","message":"CFG: redis.dial-timeout=5s"}
{"level":"debug","timestamp":"2025-08-17 20:28:42.425","caller":"log/log.go:199","message":"CFG: jwt.key=onex(#)666"}
{"level":"debug","timestamp":"2025-08-17 20:28:42.425","caller":"log/log.go:199","message":"CFG: mysql.username=root"}
{"level":"debug","timestamp":"2025-08-17 20:28:42.425","caller":"log/log.go:199","message":"CFG: log.victoria-logs.endpoint=http://127.0.0.1:9428"}
{"level":"debug","timestamp":"2025-08-17 20:28:42.425","caller":"log/log.go:199","message":"CFG: grpc.addr=0.0.0.0:9090"}
{"level":"debug","timestamp":"2025-08-17 20:28:42.425","caller":"log/log.go:199","message":"CFG: mysql.enable-trace=true"}
{"level":"debug","timestamp":"2025-08-17 20:28:42.425","caller":"log/log.go:199","message":"CFG: grpc.network=tcp"}
{"level":"debug","timestamp":"2025-08-17 20:28:42.425","caller":"log/log.go:199","message":"CFG: sentry.profiles-sample-rate=0.1"}
{"level":"debug","timestamp":"2025-08-17 20:28:42.425","caller":"log/log.go:199","message":"CFG: sentry.environment=development"}
{"level":"debug","timestamp":"2025-08-17 20:28:42.425","caller":"log/log.go:199","message":"CFG: mysql.database=protoc"}
{"level":"debug","timestamp":"2025-08-17 20:28:42.425","caller":"log/log.go:199","message":"CFG: log.victoria-logs.enabled=true"}
{"level":"debug","timestamp":"2025-08-17 20:28:42.425","caller":"log/log.go:199","message":"CFG: mysql.max-idle-connections=100"}
{"level":"debug","timestamp":"2025-08-17 20:28:42.425","caller":"log/log.go:199","message":"CFG: jwt.max-refresh=2h"}
{"level":"debug","timestamp":"2025-08-17 20:28:42.425","caller":"log/log.go:199","message":"CFG: log.victoria-logs.buffer-size=1000"}
{"level":"debug","timestamp":"2025-08-17 20:28:42.425","caller":"log/log.go:199","message":"CFG: redis.read-timeout=3s"}
{"level":"debug","timestamp":"2025-08-17 20:28:42.425","caller":"log/log.go:199","message":"CFG: mysql.log-mode=1"}
{"level":"debug","timestamp":"2025-08-17 20:28:42.425","caller":"log/log.go:199","message":"CFG: log.victoria-logs.timezone=UTC"}
{"level":"debug","timestamp":"2025-08-17 20:28:42.425","caller":"log/log.go:199","message":"CFG: jaeger.service-name=apiserver"}
{"level":"debug","timestamp":"2025-08-17 20:28:42.425","caller":"log/log.go:199","message":"CFG: jwt.signing-method=HS512"}
{"level":"debug","timestamp":"2025-08-17 20:28:42.425","caller":"log/log.go:199","message":"CFG: log.victoria-logs.environment=development"}
{"level":"debug","timestamp":"2025-08-17 20:28:42.425","caller":"log/log.go:199","message":"CFG: pool-monitor.collect-interval=30s"}
{"level":"debug","timestamp":"2025-08-17 20:28:42.425","caller":"log/log.go:199","message":"CFG: pool-monitor.database.enabled=true"}
{"level":"debug","timestamp":"2025-08-17 20:28:42.425","caller":"log/log.go:199","message":"CFG: jaeger.agent-port=6831"}
{"level":"debug","timestamp":"2025-08-17 20:28:42.425","caller":"log/log.go:199","message":"CFG: jaeger.reporter-log-spans=true"}
{"level":"debug","timestamp":"2025-08-17 20:28:42.425","caller":"log/log.go:199","message":"CFG: log-flush-frequency=5s"}
{"level":"debug","timestamp":"2025-08-17 20:28:42.425","caller":"log/log.go:199","message":"CFG: sentry.flush-timeout=5s"}
{"level":"debug","timestamp":"2025-08-17 20:28:42.425","caller":"log/log.go:199","message":"CFG: pool-monitor.enabled=true"}
{"level":"debug","timestamp":"2025-08-17 20:28:42.425","caller":"log/log.go:199","message":"CFG: redis.addr=127.0.0.1:6379"}
{"level":"debug","timestamp":"2025-08-17 20:28:42.425","caller":"log/log.go:199","message":"CFG: jaeger.env=development"}
{"level":"debug","timestamp":"2025-08-17 20:28:42.425","caller":"log/log.go:199","message":"CFG: sentry.enable-profiling=false"}
{"level":"debug","timestamp":"2025-08-17 20:28:42.425","caller":"log/log.go:199","message":"CFG: sentry.sample-rate=1"}
{"level":"debug","timestamp":"2025-08-17 20:28:42.425","caller":"log/log.go:199","message":"CFG: log.victoria-logs.version=v2.0.0"}
{"level":"debug","timestamp":"2025-08-17 20:28:42.425","caller":"log/log.go:199","message":"CFG: redis.database=0"}
{"level":"debug","timestamp":"2025-08-17 20:28:42.425","caller":"log/log.go:199","message":"CFG: sentry.traces-sample-rate=0.1"}
{"level":"debug","timestamp":"2025-08-17 20:28:42.425","caller":"log/log.go:199","message":"CFG: mysql.max-open-connections=100"}
{"level":"debug","timestamp":"2025-08-17 20:28:42.425","caller":"log/log.go:199","message":"CFG: jwt.expired=2h"}
{"level":"debug","timestamp":"2025-08-17 20:28:42.425","caller":"log/log.go:199","message":"CFG: redis.enable-trace=true"}
{"level":"debug","timestamp":"2025-08-17 20:28:42.426","caller":"log/log.go:199","message":"CFG: grpc.timeout=10s"}
{"level":"debug","timestamp":"2025-08-17 20:28:42.426","caller":"log/log.go:199","message":"CFG: redis.pool-timeout=4s"}
{"level":"debug","timestamp":"2025-08-17 20:28:42.426","caller":"log/log.go:199","message":"CFG: pool-monitor.namespace=apiserver"}
{"level":"debug","timestamp":"2025-08-17 20:28:42.426","caller":"log/log.go:199","message":"CFG: jaeger.agent-host=127.0.0.1"}
{"level":"debug","timestamp":"2025-08-17 20:28:42.426","caller":"log/log.go:199","message":"CFG: log.victoria-logs.batch-size=100"}
{"level":"debug","timestamp":"2025-08-17 20:28:42.426","caller":"log/log.go:199","message":"CFG: log.disable-caller=false"}
{"level":"debug","timestamp":"2025-08-17 20:28:42.426","caller":"log/log.go:199","message":"CFG: help=false"}
{"level":"debug","timestamp":"2025-08-17 20:28:42.426","caller":"log/log.go:199","message":"CFG: sentry.enabled=false"}
{"level":"debug","timestamp":"2025-08-17 20:28:42.426","caller":"log/log.go:199","message":"CFG: redis.max-retries=3"}
{"level":"debug","timestamp":"2025-08-17 20:28:42.426","caller":"log/log.go:199","message":"CFG: log.enable-color=false"}
{"level":"debug","timestamp":"2025-08-17 20:28:42.426","caller":"log/log.go:199","message":"CFG: jaeger.sampler-param=1"}
{"level":"debug","timestamp":"2025-08-17 20:28:42.426","caller":"log/log.go:199","message":"CFG: feature-gates="}
{"level":"debug","timestamp":"2025-08-17 20:28:42.426","caller":"log/log.go:199","message":"CFG: jaeger.enabled=true"}
{"level":"debug","timestamp":"2025-08-17 20:28:42.426","caller":"log/log.go:199","message":"CFG: pool-monitor.database.slow-query=1s"}
{"level":"debug","timestamp":"2025-08-17 20:28:42.426","caller":"log/log.go:199","message":"CFG: sentry.server-name="}
{"level":"debug","timestamp":"2025-08-17 20:28:42.426","caller":"log/log.go:199","message":"CFG: log.format=json"}
{"level":"debug","timestamp":"2025-08-17 20:28:42.426","caller":"log/log.go:199","message":"CFG: mysql.log-level=1"}
{"level":"debug","timestamp":"2025-08-17 20:28:42.426","caller":"log/log.go:199","message":"CFG: http.network=tcp"}
{"level":"debug","timestamp":"2025-08-17 20:28:42.426","caller":"log/log.go:199","message":"CFG: mysql.password=proj(#)666"}
{"level":"debug","timestamp":"2025-08-17 20:28:42.426","caller":"log/log.go:199","message":"CFG: config=configs/apiserver.yaml"}
{"level":"debug","timestamp":"2025-08-17 20:28:42.426","caller":"log/log.go:199","message":"CFG: mysql.max-connection-life-time=10s"}
{"level":"debug","timestamp":"2025-08-17 20:28:42.426","caller":"log/log.go:199","message":"CFG: sentry.ignore-errors=[]"}
{"level":"debug","timestamp":"2025-08-17 20:28:42.426","caller":"log/log.go:199","message":"CFG: log.victoria-logs.timeout=10"}
{"level":"debug","timestamp":"2025-08-17 20:28:42.426","caller":"log/log.go:199","message":"CFG: redis.pool-size=10"}
{"level":"info","timestamp":"2025-08-17 20:28:42.426","caller":"log/log.go:201","message":"Connection pool metrics collection is enabled through dependency injection"}
{"level":"info","timestamp":"2025-08-17 20:28:42.426","caller":"log/log.go:201","message":"Metrics will be automatically collected by the PoolMonitor when database connections are established"}
{"level":"info","timestamp":"2025-08-17 20:28:42.426","caller":"log/log.go:201","message":"Database pool monitoring enabled","slow_query_threshold":1000,"collect_interval":30000}
{"level":"info","timestamp":"2025-08-17 20:28:42.426","caller":"log/log.go:201","message":"Redis pool monitoring enabled","collect_interval":30000}
{"level":"info","timestamp":"2025-08-17 20:28:42.426","caller":"log/log.go:201","message":"Logger configuration","level":"debug","format":"json"}
{"level":"debug","timestamp":"2025-08-17 20:28:42.426","caller":"log/log.go:199","message":"Debug logging enabled","caller_skip":2,"enable_color":false}
{"level":"info","timestamp":"2025-08-17 20:28:42.426","caller":"log/log.go:201","message":"Validating service connections before startup..."}
{"level":"info","timestamp":"2025-08-17 20:28:42.426","caller":"log/log.go:201","message":"Testing MySQL connection..."}
{"level":"info","timestamp":"2025-08-17 20:28:42.431","caller":"log/log.go:201","message":"MySQL connection test passed"}
{"level":"info","timestamp":"2025-08-17 20:28:42.431","caller":"log/log.go:201","message":"Testing Redis connection..."}
{"level":"info","timestamp":"2025-08-17 20:28:42.434","caller":"log/log.go:201","message":"Redis connection test passed"}
{"level":"info","timestamp":"2025-08-17 20:28:42.434","caller":"log/log.go:201","message":"Testing Jaeger connection..."}
{"level":"info","timestamp":"2025-08-17 20:28:42.435","caller":"log/log.go:201","message":"Jaeger connection test passed"}
{"level":"info","timestamp":"2025-08-17 20:28:42.435","caller":"log/log.go:201","message":"All service connections validated successfully"}
{"level":"info","timestamp":"2025-08-17 20:28:42.537","caller":"log/log.go:201","message":"Start to listening the incoming requests","protocol":"kratos"}
{"level":"info","timestamp":"2025-08-17 20:28:42.538","caller":"log/global.go:75","message":"","ts":"2025-08-17T20:28:42+08:00","caller":"http/server.go:330","service.id":"costalongdeMacBook-Pro.local","service.name":"apiserver","service.version":"v0.0.0-master+$Format:%h$","msg":"[HTTP] server listening on: [::]:8080"}
{"level":"info","timestamp":"2025-08-17 20:28:42.538","caller":"log/global.go:75","message":"","ts":"2025-08-17T20:28:42+08:00","caller":"grpc/server.go:220","service.id":"costalongdeMacBook-Pro.local","service.name":"apiserver","service.version":"v0.0.0-master+$Format:%h$","msg":"[gRPC] server listening on: [::]:9090"}
{"level":"info","timestamp":"2025-08-17 20:31:17.998","caller":"log/log.go:201","message":"Shutting down server..."}
{"level":"info","timestamp":"2025-08-17 20:31:17.998","caller":"log/log.go:201","message":"Gracefully stop kratos application"}
{"level":"info","timestamp":"2025-08-17 20:31:17.998","caller":"log/log.go:201","message":"Server exited successfully."}
{"level":"info","timestamp":"2025-08-17 20:33:07.572","caller":"log/log.go:190","message":"Starting application","name":"apiserver","version":"{\"gitVersion\":\"v0.0.0-master+$Format:%h$\",\"gitCommit\":\"$Format:%H$\",\"gitTreeState\":\"\",\"buildDate\":\"1970-01-01T00:00:00Z\",\"goVersion\":\"go1.25rc2\",\"compiler\":\"gc\",\"platform\":\"darwin/arm64\"}"}
{"level":"info","timestamp":"2025-08-17 20:33:07.573","caller":"log/log.go:190","message":"Golang settings","GOGC":"","GOMAXPROCS":"","GOTRACEBACK":""}
{"level":"debug","timestamp":"2025-08-17 20:33:07.573","caller":"log/log.go:188","message":"CFG: jwt.max-refresh=2h"}
{"level":"debug","timestamp":"2025-08-17 20:33:07.573","caller":"log/log.go:188","message":"CFG: sentry.environment=development"}
{"level":"debug","timestamp":"2025-08-17 20:33:07.573","caller":"log/log.go:188","message":"CFG: mysql.max-idle-connections=100"}
{"level":"debug","timestamp":"2025-08-17 20:33:07.573","caller":"log/log.go:188","message":"CFG: grpc.network=tcp"}
{"level":"debug","timestamp":"2025-08-17 20:33:07.573","caller":"log/log.go:188","message":"CFG: pool-monitor.collect-interval=30s"}
{"level":"debug","timestamp":"2025-08-17 20:33:07.573","caller":"log/log.go:188","message":"CFG: log.victoria-logs.version=v2.0.0"}
{"level":"debug","timestamp":"2025-08-17 20:33:07.573","caller":"log/log.go:188","message":"CFG: config=configs/apiserver.yaml"}
{"level":"debug","timestamp":"2025-08-17 20:33:07.573","caller":"log/log.go:188","message":"CFG: grpc.addr=0.0.0.0:9090"}
{"level":"debug","timestamp":"2025-08-17 20:33:07.573","caller":"log/log.go:188","message":"CFG: mysql.enable-trace=true"}
{"level":"debug","timestamp":"2025-08-17 20:33:07.573","caller":"log/log.go:188","message":"CFG: jaeger.reporter-log-spans=true"}
{"level":"debug","timestamp":"2025-08-17 20:33:07.573","caller":"log/log.go:188","message":"CFG: jaeger.agent-host=127.0.0.1"}
{"level":"debug","timestamp":"2025-08-17 20:33:07.573","caller":"log/log.go:188","message":"CFG: jwt.expired=2h"}
{"level":"debug","timestamp":"2025-08-17 20:33:07.573","caller":"log/log.go:188","message":"CFG: mysql.database=protoc"}
{"level":"debug","timestamp":"2025-08-17 20:33:07.573","caller":"log/log.go:188","message":"CFG: log.victoria-logs.service=apiserver"}
{"level":"debug","timestamp":"2025-08-17 20:33:07.573","caller":"log/log.go:188","message":"CFG: redis.pool-size=10"}
{"level":"debug","timestamp":"2025-08-17 20:33:07.573","caller":"log/log.go:188","message":"CFG: sentry.max-breadcrumbs=100"}
{"level":"debug","timestamp":"2025-08-17 20:33:07.573","caller":"log/log.go:188","message":"CFG: log.disable-stacktrace=false"}
{"level":"debug","timestamp":"2025-08-17 20:33:07.573","caller":"log/log.go:188","message":"CFG: log.victoria-logs.enabled=true"}
{"level":"debug","timestamp":"2025-08-17 20:33:07.573","caller":"log/log.go:188","message":"CFG: mysql.host=127.0.0.1"}
{"level":"debug","timestamp":"2025-08-17 20:33:07.573","caller":"log/log.go:188","message":"CFG: jwt.signing-method=HS512"}
{"level":"debug","timestamp":"2025-08-17 20:33:07.573","caller":"log/log.go:188","message":"CFG: log.format=json"}
{"level":"debug","timestamp":"2025-08-17 20:33:07.573","caller":"log/log.go:188","message":"CFG: log.victoria-logs.endpoint=http://127.0.0.1:9428"}
{"level":"debug","timestamp":"2025-08-17 20:33:07.573","caller":"log/log.go:188","message":"CFG: log.victoria-logs.flush-interval=5"}
{"level":"debug","timestamp":"2025-08-17 20:33:07.573","caller":"log/log.go:188","message":"CFG: redis.read-timeout=3s"}
{"level":"debug","timestamp":"2025-08-17 20:33:07.573","caller":"log/log.go:188","message":"CFG: http.timeout=10s"}
{"level":"debug","timestamp":"2025-08-17 20:33:07.573","caller":"log/log.go:188","message":"CFG: log.victoria-logs.environment=development"}
{"level":"debug","timestamp":"2025-08-17 20:33:07.573","caller":"log/log.go:188","message":"CFG: jaeger.server=127.0.0.1:6831"}
{"level":"debug","timestamp":"2025-08-17 20:33:07.573","caller":"log/log.go:188","message":"CFG: log.disable-caller=false"}
{"level":"debug","timestamp":"2025-08-17 20:33:07.573","caller":"log/log.go:188","message":"CFG: help=false"}
{"level":"debug","timestamp":"2025-08-17 20:33:07.573","caller":"log/log.go:188","message":"CFG: redis.pool-timeout=4s"}
{"level":"debug","timestamp":"2025-08-17 20:33:07.573","caller":"log/log.go:188","message":"CFG: mysql.log-level=1"}
{"level":"debug","timestamp":"2025-08-17 20:33:07.573","caller":"log/log.go:188","message":"CFG: sentry.traces-sample-rate=0.1"}
{"level":"debug","timestamp":"2025-08-17 20:33:07.573","caller":"log/log.go:188","message":"CFG: log.level=debug"}
{"level":"debug","timestamp":"2025-08-17 20:33:07.573","caller":"log/log.go:188","message":"CFG: mysql.password=proj(#)666"}
{"level":"debug","timestamp":"2025-08-17 20:33:07.573","caller":"log/log.go:188","message":"CFG: vmodule="}
{"level":"debug","timestamp":"2025-08-17 20:33:07.573","caller":"log/log.go:188","message":"CFG: jwt.key=onex(#)666"}
{"level":"debug","timestamp":"2025-08-17 20:33:07.573","caller":"log/log.go:188","message":"CFG: redis.database=0"}
{"level":"debug","timestamp":"2025-08-17 20:33:07.573","caller":"log/log.go:188","message":"CFG: sentry.enable-tracing=true"}
{"level":"debug","timestamp":"2025-08-17 20:33:07.573","caller":"log/log.go:188","message":"CFG: mysql.log-mode=1"}
{"level":"debug","timestamp":"2025-08-17 20:33:07.573","caller":"log/log.go:188","message":"CFG: feature-gates="}
{"level":"debug","timestamp":"2025-08-17 20:33:07.573","caller":"log/log.go:188","message":"CFG: jaeger.sampler-type=const"}
{"level":"debug","timestamp":"2025-08-17 20:33:07.574","caller":"log/log.go:188","message":"CFG: log.victoria-logs.timezone=UTC"}
{"level":"debug","timestamp":"2025-08-17 20:33:07.574","caller":"log/log.go:188","message":"CFG: mysql.max-connection-life-time=10s"}
{"level":"debug","timestamp":"2025-08-17 20:33:07.574","caller":"log/log.go:188","message":"CFG: pool-monitor.database.slow-query=1s"}
{"level":"debug","timestamp":"2025-08-17 20:33:07.574","caller":"log/log.go:188","message":"CFG: redis.addr=127.0.0.1:6379"}
{"level":"debug","timestamp":"2025-08-17 20:33:07.574","caller":"log/log.go:188","message":"CFG: http.network=tcp"}
{"level":"debug","timestamp":"2025-08-17 20:33:07.574","caller":"log/log.go:188","message":"CFG: log.output-paths=[stdout logs/app.log]"}
{"level":"debug","timestamp":"2025-08-17 20:33:07.574","caller":"log/log.go:188","message":"CFG: mysql.username=root"}
{"level":"debug","timestamp":"2025-08-17 20:33:07.574","caller":"log/log.go:188","message":"CFG: grpc.timeout=10s"}
{"level":"debug","timestamp":"2025-08-17 20:33:07.574","caller":"log/log.go:188","message":"CFG: sentry.enable-profiling=false"}
{"level":"debug","timestamp":"2025-08-17 20:33:07.574","caller":"log/log.go:188","message":"CFG: log.victoria-logs.batch-size=100"}
{"level":"debug","timestamp":"2025-08-17 20:33:07.574","caller":"log/log.go:188","message":"CFG: pool-monitor.database.enabled=true"}
{"level":"debug","timestamp":"2025-08-17 20:33:07.574","caller":"log/log.go:188","message":"CFG: mysql.max-open-connections=100"}
{"level":"debug","timestamp":"2025-08-17 20:33:07.574","caller":"log/log.go:188","message":"CFG: redis.dial-timeout=5s"}
{"level":"debug","timestamp":"2025-08-17 20:33:07.574","caller":"log/log.go:188","message":"CFG: version=false"}
{"level":"debug","timestamp":"2025-08-17 20:33:07.574","caller":"log/log.go:188","message":"CFG: redis.password="}
{"level":"debug","timestamp":"2025-08-17 20:33:07.574","caller":"log/log.go:188","message":"CFG: sentry.profiles-sample-rate=0.1"}
{"level":"debug","timestamp":"2025-08-17 20:33:07.574","caller":"log/log.go:188","message":"CFG: jaeger.agent-port=6831"}
{"level":"debug","timestamp":"2025-08-17 20:33:07.574","caller":"log/log.go:188","message":"CFG: sentry.ignore-errors=[]"}
{"level":"debug","timestamp":"2025-08-17 20:33:07.574","caller":"log/log.go:188","message":"CFG: redis.max-retries=3"}
{"level":"debug","timestamp":"2025-08-17 20:33:07.574","caller":"log/log.go:188","message":"CFG: sentry.flush-timeout=5s"}
{"level":"debug","timestamp":"2025-08-17 20:33:07.574","caller":"log/log.go:188","message":"CFG: log.enable-color=false"}
{"level":"debug","timestamp":"2025-08-17 20:33:07.574","caller":"log/log.go:188","message":"CFG: redis.username="}
{"level":"debug","timestamp":"2025-08-17 20:33:07.574","caller":"log/log.go:188","message":"CFG: sentry.enabled=false"}
{"level":"debug","timestamp":"2025-08-17 20:33:07.574","caller":"log/log.go:188","message":"CFG: sentry.sample-rate=1"}
{"level":"debug","timestamp":"2025-08-17 20:33:07.574","caller":"log/log.go:188","message":"CFG: pool-monitor.redis.enabled=true"}
{"level":"debug","timestamp":"2025-08-17 20:33:07.574","caller":"log/log.go:188","message":"CFG: v=0"}
{"level":"debug","timestamp":"2025-08-17 20:33:07.574","caller":"log/log.go:188","message":"CFG: pool-monitor.namespace=apiserver"}
{"level":"debug","timestamp":"2025-08-17 20:33:07.574","caller":"log/log.go:188","message":"CFG: sentry.debug=false"}
{"level":"debug","timestamp":"2025-08-17 20:33:07.574","caller":"log/log.go:188","message":"CFG: sentry.release="}
{"level":"debug","timestamp":"2025-08-17 20:33:07.574","caller":"log/log.go:188","message":"CFG: log.victoria-logs.timeout=10"}
{"level":"debug","timestamp":"2025-08-17 20:33:07.574","caller":"log/log.go:188","message":"CFG: redis.enable-trace=true"}
{"level":"debug","timestamp":"2025-08-17 20:33:07.574","caller":"log/log.go:188","message":"CFG: http.addr=0.0.0.0:8080"}
{"level":"debug","timestamp":"2025-08-17 20:33:07.574","caller":"log/log.go:188","message":"CFG: sentry.send-default-pii=false"}
{"level":"debug","timestamp":"2025-08-17 20:33:07.574","caller":"log/log.go:188","message":"CFG: jaeger.sampler-param=1"}
{"level":"debug","timestamp":"2025-08-17 20:33:07.574","caller":"log/log.go:188","message":"CFG: sentry.attach-stacktrace=true"}
{"level":"debug","timestamp":"2025-08-17 20:33:07.574","caller":"log/log.go:188","message":"CFG: jaeger.enabled=true"}
{"level":"debug","timestamp":"2025-08-17 20:33:07.574","caller":"log/log.go:188","message":"CFG: log.victoria-logs.buffer-size=1000"}
{"level":"debug","timestamp":"2025-08-17 20:33:07.574","caller":"log/log.go:188","message":"CFG: sentry.server-name="}
{"level":"debug","timestamp":"2025-08-17 20:33:07.574","caller":"log/log.go:188","message":"CFG: log-flush-frequency=5s"}
{"level":"debug","timestamp":"2025-08-17 20:33:07.574","caller":"log/log.go:188","message":"CFG: pool-monitor.enabled=true"}
{"level":"debug","timestamp":"2025-08-17 20:33:07.574","caller":"log/log.go:188","message":"CFG: jaeger.env=development"}
{"level":"debug","timestamp":"2025-08-17 20:33:07.574","caller":"log/log.go:188","message":"CFG: jaeger.service-name=apiserver"}
{"level":"debug","timestamp":"2025-08-17 20:33:07.574","caller":"log/log.go:188","message":"CFG: sentry.dsn="}
{"level":"debug","timestamp":"2025-08-17 20:33:07.574","caller":"log/log.go:188","message":"CFG: redis.write-timeout=3s"}
{"level":"debug","timestamp":"2025-08-17 20:33:07.574","caller":"log/log.go:188","message":"CFG: redis.min-idle-conns=0"}
{"level":"info","timestamp":"2025-08-17 20:33:07.574","caller":"log/log.go:190","message":"Connection pool metrics collection is enabled through dependency injection"}
{"level":"info","timestamp":"2025-08-17 20:33:07.574","caller":"log/log.go:190","message":"Metrics will be automatically collected by the PoolMonitor when database connections are established"}
{"level":"info","timestamp":"2025-08-17 20:33:07.574","caller":"log/log.go:190","message":"Database pool monitoring enabled","slow_query_threshold":1000,"collect_interval":30000}
{"level":"info","timestamp":"2025-08-17 20:33:07.574","caller":"log/log.go:190","message":"Redis pool monitoring enabled","collect_interval":30000}
{"level":"info","timestamp":"2025-08-17 20:33:07.574","caller":"log/log.go:190","message":"Logger configuration","level":"debug","format":"json"}
{"level":"debug","timestamp":"2025-08-17 20:33:07.574","caller":"log/log.go:188","message":"Debug logging enabled","caller_skip":2,"enable_color":false}
{"level":"info","timestamp":"2025-08-17 20:33:07.574","caller":"log/log.go:190","message":"Validating service connections before startup..."}
{"level":"info","timestamp":"2025-08-17 20:33:07.574","caller":"log/log.go:190","message":"Testing MySQL connection..."}
{"level":"info","timestamp":"2025-08-17 20:33:07.583","caller":"log/log.go:190","message":"MySQL connection test passed"}
{"level":"info","timestamp":"2025-08-17 20:33:07.583","caller":"log/log.go:190","message":"Testing Redis connection..."}
{"level":"info","timestamp":"2025-08-17 20:33:07.586","caller":"log/log.go:190","message":"Redis connection test passed"}
{"level":"info","timestamp":"2025-08-17 20:33:07.586","caller":"log/log.go:190","message":"Testing Jaeger connection..."}
{"level":"info","timestamp":"2025-08-17 20:33:07.586","caller":"log/log.go:190","message":"Jaeger connection test passed"}
{"level":"info","timestamp":"2025-08-17 20:33:07.586","caller":"log/log.go:190","message":"All service connections validated successfully"}
{"level":"info","timestamp":"2025-08-17 20:33:07.685","caller":"log/log.go:190","message":"Start to listening the incoming requests","protocol":"kratos"}
{"level":"info","timestamp":"2025-08-17 20:33:07.685","caller":"log/global.go:75","message":"","ts":"2025-08-17T20:33:07+08:00","caller":"http/server.go:330","service.id":"costalongdeMacBook-Pro.local","service.name":"apiserver","service.version":"v0.0.0-master+$Format:%h$","msg":"[HTTP] server listening on: [::]:8080"}
{"level":"info","timestamp":"2025-08-17 20:33:07.685","caller":"log/global.go:75","message":"","ts":"2025-08-17T20:33:07+08:00","caller":"grpc/server.go:220","service.id":"costalongdeMacBook-Pro.local","service.name":"apiserver","service.version":"v0.0.0-master+$Format:%h$","msg":"[gRPC] server listening on: [::]:9090"}
{"level":"info","timestamp":"2025-08-17 20:33:23.484","caller":"log/log.go:190","message":"Starting application","name":"apiserver","version":"{\"gitVersion\":\"v0.0.0-master+$Format:%h$\",\"gitCommit\":\"$Format:%H$\",\"gitTreeState\":\"\",\"buildDate\":\"1970-01-01T00:00:00Z\",\"goVersion\":\"go1.25rc2\",\"compiler\":\"gc\",\"platform\":\"darwin/arm64\"}"}
{"level":"info","timestamp":"2025-08-17 20:33:23.484","caller":"log/log.go:190","message":"Golang settings","GOGC":"","GOMAXPROCS":"","GOTRACEBACK":""}
{"level":"debug","timestamp":"2025-08-17 20:33:23.484","caller":"log/log.go:188","message":"CFG: log.level=debug"}
{"level":"debug","timestamp":"2025-08-17 20:33:23.484","caller":"log/log.go:188","message":"CFG: redis.pool-timeout=4s"}
{"level":"debug","timestamp":"2025-08-17 20:33:23.484","caller":"log/log.go:188","message":"CFG: v=0"}
{"level":"debug","timestamp":"2025-08-17 20:33:23.484","caller":"log/log.go:188","message":"CFG: sentry.release="}
{"level":"debug","timestamp":"2025-08-17 20:33:23.484","caller":"log/log.go:188","message":"CFG: pool-monitor.namespace=apiserver"}
{"level":"debug","timestamp":"2025-08-17 20:33:23.484","caller":"log/log.go:188","message":"CFG: sentry.enabled=false"}
{"level":"debug","timestamp":"2025-08-17 20:33:23.484","caller":"log/log.go:188","message":"CFG: log.victoria-logs.batch-size=100"}
{"level":"debug","timestamp":"2025-08-17 20:33:23.484","caller":"log/log.go:188","message":"CFG: jaeger.sampler-type=const"}
{"level":"debug","timestamp":"2025-08-17 20:33:23.484","caller":"log/log.go:188","message":"CFG: feature-gates="}
{"level":"debug","timestamp":"2025-08-17 20:33:23.484","caller":"log/log.go:188","message":"CFG: mysql.max-connection-life-time=10s"}
{"level":"debug","timestamp":"2025-08-17 20:33:23.484","caller":"log/log.go:188","message":"CFG: redis.min-idle-conns=0"}
{"level":"debug","timestamp":"2025-08-17 20:33:23.484","caller":"log/log.go:188","message":"CFG: mysql.log-mode=1"}
{"level":"debug","timestamp":"2025-08-17 20:33:23.484","caller":"log/log.go:188","message":"CFG: redis.write-timeout=3s"}
{"level":"debug","timestamp":"2025-08-17 20:33:23.484","caller":"log/log.go:188","message":"CFG: sentry.server-name="}
{"level":"debug","timestamp":"2025-08-17 20:33:23.484","caller":"log/log.go:188","message":"CFG: sentry.environment=development"}
{"level":"debug","timestamp":"2025-08-17 20:33:23.484","caller":"log/log.go:188","message":"CFG: mysql.database=protoc"}
{"level":"debug","timestamp":"2025-08-17 20:33:23.484","caller":"log/log.go:188","message":"CFG: redis.max-retries=3"}
{"level":"debug","timestamp":"2025-08-17 20:33:23.484","caller":"log/log.go:188","message":"CFG: sentry.profiles-sample-rate=0.1"}
{"level":"debug","timestamp":"2025-08-17 20:33:23.484","caller":"log/log.go:188","message":"CFG: sentry.debug=false"}
{"level":"debug","timestamp":"2025-08-17 20:33:23.485","caller":"log/log.go:188","message":"CFG: jaeger.agent-host=127.0.0.1"}
{"level":"debug","timestamp":"2025-08-17 20:33:23.485","caller":"log/log.go:188","message":"CFG: mysql.enable-trace=true"}
{"level":"debug","timestamp":"2025-08-17 20:33:23.485","caller":"log/log.go:188","message":"CFG: mysql.password=proj(#)666"}
{"level":"debug","timestamp":"2025-08-17 20:33:23.485","caller":"log/log.go:188","message":"CFG: pool-monitor.enabled=true"}
{"level":"debug","timestamp":"2025-08-17 20:33:23.485","caller":"log/log.go:188","message":"CFG: version=false"}
{"level":"debug","timestamp":"2025-08-17 20:33:23.485","caller":"log/log.go:188","message":"CFG: jaeger.agent-port=6831"}
{"level":"debug","timestamp":"2025-08-17 20:33:23.485","caller":"log/log.go:188","message":"CFG: jaeger.reporter-log-spans=true"}
{"level":"debug","timestamp":"2025-08-17 20:33:23.485","caller":"log/log.go:188","message":"CFG: jaeger.service-name=apiserver"}
{"level":"debug","timestamp":"2025-08-17 20:33:23.485","caller":"log/log.go:188","message":"CFG: http.timeout=10s"}
{"level":"debug","timestamp":"2025-08-17 20:33:23.485","caller":"log/log.go:188","message":"CFG: redis.read-timeout=3s"}
{"level":"debug","timestamp":"2025-08-17 20:33:23.485","caller":"log/log.go:188","message":"CFG: pool-monitor.database.slow-query=1s"}
{"level":"debug","timestamp":"2025-08-17 20:33:23.485","caller":"log/log.go:188","message":"CFG: log.victoria-logs.buffer-size=1000"}
{"level":"debug","timestamp":"2025-08-17 20:33:23.485","caller":"log/log.go:188","message":"CFG: mysql.max-open-connections=100"}
{"level":"debug","timestamp":"2025-08-17 20:33:23.485","caller":"log/log.go:188","message":"CFG: grpc.addr=0.0.0.0:9090"}
{"level":"debug","timestamp":"2025-08-17 20:33:23.485","caller":"log/log.go:188","message":"CFG: log.victoria-logs.timeout=10"}
{"level":"debug","timestamp":"2025-08-17 20:33:23.485","caller":"log/log.go:188","message":"CFG: pool-monitor.database.enabled=true"}
{"level":"debug","timestamp":"2025-08-17 20:33:23.485","caller":"log/log.go:188","message":"CFG: redis.enable-trace=true"}
{"level":"debug","timestamp":"2025-08-17 20:33:23.485","caller":"log/log.go:188","message":"CFG: help=false"}
{"level":"debug","timestamp":"2025-08-17 20:33:23.485","caller":"log/log.go:188","message":"CFG: log.victoria-logs.environment=development"}
{"level":"debug","timestamp":"2025-08-17 20:33:23.485","caller":"log/log.go:188","message":"CFG: mysql.max-idle-connections=100"}
{"level":"debug","timestamp":"2025-08-17 20:33:23.485","caller":"log/log.go:188","message":"CFG: log.output-paths=[stdout logs/app.log]"}
{"level":"debug","timestamp":"2025-08-17 20:33:23.485","caller":"log/log.go:188","message":"CFG: vmodule="}
{"level":"debug","timestamp":"2025-08-17 20:33:23.485","caller":"log/log.go:188","message":"CFG: sentry.send-default-pii=false"}
{"level":"debug","timestamp":"2025-08-17 20:33:23.485","caller":"log/log.go:188","message":"CFG: sentry.sample-rate=1"}
{"level":"debug","timestamp":"2025-08-17 20:33:23.485","caller":"log/log.go:188","message":"CFG: redis.database=0"}
{"level":"debug","timestamp":"2025-08-17 20:33:23.485","caller":"log/log.go:188","message":"CFG: pool-monitor.collect-interval=30s"}
{"level":"debug","timestamp":"2025-08-17 20:33:23.485","caller":"log/log.go:188","message":"CFG: log.victoria-logs.service=apiserver"}
{"level":"debug","timestamp":"2025-08-17 20:33:23.485","caller":"log/log.go:188","message":"CFG: redis.addr=127.0.0.1:6379"}
{"level":"debug","timestamp":"2025-08-17 20:33:23.485","caller":"log/log.go:188","message":"CFG: jwt.signing-method=HS512"}
{"level":"debug","timestamp":"2025-08-17 20:33:23.485","caller":"log/log.go:188","message":"CFG: log.disable-caller=false"}
{"level":"debug","timestamp":"2025-08-17 20:33:23.485","caller":"log/log.go:188","message":"CFG: redis.pool-size=10"}
{"level":"debug","timestamp":"2025-08-17 20:33:23.486","caller":"log/log.go:188","message":"CFG: jaeger.sampler-param=1"}
{"level":"debug","timestamp":"2025-08-17 20:33:23.486","caller":"log/log.go:188","message":"CFG: jaeger.server=127.0.0.1:6831"}
{"level":"debug","timestamp":"2025-08-17 20:33:23.486","caller":"log/log.go:188","message":"CFG: sentry.attach-stacktrace=true"}
{"level":"debug","timestamp":"2025-08-17 20:33:23.486","caller":"log/log.go:188","message":"CFG: log.format=json"}
{"level":"debug","timestamp":"2025-08-17 20:33:23.486","caller":"log/log.go:188","message":"CFG: grpc.network=tcp"}
{"level":"debug","timestamp":"2025-08-17 20:33:23.486","caller":"log/log.go:188","message":"CFG: jaeger.enabled=true"}
{"level":"debug","timestamp":"2025-08-17 20:33:23.486","caller":"log/log.go:188","message":"CFG: mysql.log-level=1"}
{"level":"debug","timestamp":"2025-08-17 20:33:23.486","caller":"log/log.go:188","message":"CFG: redis.dial-timeout=5s"}
{"level":"debug","timestamp":"2025-08-17 20:33:23.486","caller":"log/log.go:188","message":"CFG: jaeger.env=development"}
{"level":"debug","timestamp":"2025-08-17 20:33:23.486","caller":"log/log.go:188","message":"CFG: log.victoria-logs.flush-interval=5"}
{"level":"debug","timestamp":"2025-08-17 20:33:23.486","caller":"log/log.go:188","message":"CFG: mysql.host=127.0.0.1"}
{"level":"debug","timestamp":"2025-08-17 20:33:23.486","caller":"log/log.go:188","message":"CFG: sentry.ignore-errors=[]"}
{"level":"debug","timestamp":"2025-08-17 20:33:23.486","caller":"log/log.go:188","message":"CFG: mysql.username=root"}
{"level":"debug","timestamp":"2025-08-17 20:33:23.486","caller":"log/log.go:188","message":"CFG: http.network=tcp"}
{"level":"debug","timestamp":"2025-08-17 20:33:23.486","caller":"log/log.go:188","message":"CFG: grpc.timeout=10s"}
{"level":"debug","timestamp":"2025-08-17 20:33:23.486","caller":"log/log.go:188","message":"CFG: sentry.enable-profiling=false"}
{"level":"debug","timestamp":"2025-08-17 20:33:23.486","caller":"log/log.go:188","message":"CFG: log.enable-color=false"}
{"level":"debug","timestamp":"2025-08-17 20:33:23.486","caller":"log/log.go:188","message":"CFG: jwt.key=onex(#)666"}
{"level":"debug","timestamp":"2025-08-17 20:33:23.486","caller":"log/log.go:188","message":"CFG: sentry.dsn="}
{"level":"debug","timestamp":"2025-08-17 20:33:23.486","caller":"log/log.go:188","message":"CFG: redis.password="}
{"level":"debug","timestamp":"2025-08-17 20:33:23.486","caller":"log/log.go:188","message":"CFG: log.victoria-logs.endpoint=http://127.0.0.1:9428"}
{"level":"debug","timestamp":"2025-08-17 20:33:23.486","caller":"log/log.go:188","message":"CFG: log-flush-frequency=5s"}
{"level":"debug","timestamp":"2025-08-17 20:33:23.486","caller":"log/log.go:188","message":"CFG: jwt.expired=2h"}
{"level":"debug","timestamp":"2025-08-17 20:33:23.486","caller":"log/log.go:188","message":"CFG: config=configs/apiserver.yaml"}
{"level":"debug","timestamp":"2025-08-17 20:33:23.486","caller":"log/log.go:188","message":"CFG: sentry.enable-tracing=true"}
{"level":"debug","timestamp":"2025-08-17 20:33:23.486","caller":"log/log.go:188","message":"CFG: redis.username="}
{"level":"debug","timestamp":"2025-08-17 20:33:23.486","caller":"log/log.go:188","message":"CFG: sentry.flush-timeout=5s"}
{"level":"debug","timestamp":"2025-08-17 20:33:23.486","caller":"log/log.go:188","message":"CFG: log.victoria-logs.timezone=UTC"}
{"level":"debug","timestamp":"2025-08-17 20:33:23.486","caller":"log/log.go:188","message":"CFG: log.disable-stacktrace=false"}
{"level":"debug","timestamp":"2025-08-17 20:33:23.486","caller":"log/log.go:188","message":"CFG: jwt.max-refresh=2h"}
{"level":"debug","timestamp":"2025-08-17 20:33:23.486","caller":"log/log.go:188","message":"CFG: log.victoria-logs.version=v2.0.0"}
{"level":"debug","timestamp":"2025-08-17 20:33:23.486","caller":"log/log.go:188","message":"CFG: sentry.traces-sample-rate=0.1"}
{"level":"debug","timestamp":"2025-08-17 20:33:23.486","caller":"log/log.go:188","message":"CFG: sentry.max-breadcrumbs=100"}
{"level":"debug","timestamp":"2025-08-17 20:33:23.486","caller":"log/log.go:188","message":"CFG: pool-monitor.redis.enabled=true"}
{"level":"debug","timestamp":"2025-08-17 20:33:23.487","caller":"log/log.go:188","message":"CFG: log.victoria-logs.enabled=true"}
{"level":"debug","timestamp":"2025-08-17 20:33:23.487","caller":"log/log.go:188","message":"CFG: http.addr=0.0.0.0:8080"}
{"level":"info","timestamp":"2025-08-17 20:33:23.487","caller":"log/log.go:190","message":"Connection pool metrics collection is enabled through dependency injection"}
{"level":"info","timestamp":"2025-08-17 20:33:23.487","caller":"log/log.go:190","message":"Metrics will be automatically collected by the PoolMonitor when database connections are established"}
{"level":"info","timestamp":"2025-08-17 20:33:23.487","caller":"log/log.go:190","message":"Database pool monitoring enabled","slow_query_threshold":1000,"collect_interval":30000}
{"level":"info","timestamp":"2025-08-17 20:33:23.487","caller":"log/log.go:190","message":"Redis pool monitoring enabled","collect_interval":30000}
{"level":"info","timestamp":"2025-08-17 20:33:23.487","caller":"log/log.go:190","message":"Logger configuration","level":"debug","format":"json"}
{"level":"debug","timestamp":"2025-08-17 20:33:23.487","caller":"log/log.go:188","message":"Debug logging enabled","caller_skip":2,"enable_color":false}
{"level":"info","timestamp":"2025-08-17 20:33:23.487","caller":"log/log.go:190","message":"Validating service connections before startup..."}
{"level":"info","timestamp":"2025-08-17 20:33:23.487","caller":"log/log.go:190","message":"Testing MySQL connection..."}
{"level":"info","timestamp":"2025-08-17 20:33:23.493","caller":"log/log.go:190","message":"MySQL connection test passed"}
{"level":"info","timestamp":"2025-08-17 20:33:23.493","caller":"log/log.go:190","message":"Testing Redis connection..."}
{"level":"info","timestamp":"2025-08-17 20:33:23.497","caller":"log/log.go:190","message":"Redis connection test passed"}
{"level":"info","timestamp":"2025-08-17 20:33:23.497","caller":"log/log.go:190","message":"Testing Jaeger connection..."}
{"level":"info","timestamp":"2025-08-17 20:33:23.497","caller":"log/log.go:190","message":"Jaeger connection test passed"}
{"level":"info","timestamp":"2025-08-17 20:33:23.497","caller":"log/log.go:190","message":"All service connections validated successfully"}
{"level":"info","timestamp":"2025-08-17 20:33:23.596","caller":"log/log.go:190","message":"Start to listening the incoming requests","protocol":"kratos"}
{"level":"fatal","timestamp":"2025-08-17 20:33:23.596","caller":"log/log.go:198","message":"Failed to serve kratos application","err":"listen tcp 0.0.0.0:9090: bind: address already in use","stacktrace":"github.com/costa92/go-protoc/v2/pkg/log.Fatalw\n\t/Users/costalong/code/go/src/github.com/costa92/go-protoc/pkg/log/log.go:198\ngithub.com/costa92/go-protoc/v2/pkg/server.(*KratosServer).RunOrDie\n\t/Users/costalong/code/go/src/github.com/costa92/go-protoc/pkg/server/kratos_server.go:49"}
{"level":"info","timestamp":"2025-08-17 20:33:29.892","caller":"log/log.go:190","message":"Shutting down server..."}
{"level":"info","timestamp":"2025-08-17 20:33:29.892","caller":"log/log.go:190","message":"Gracefully stop kratos application"}
{"level":"info","timestamp":"2025-08-17 20:33:29.892","caller":"log/log.go:190","message":"Server exited successfully."}
{"level":"info","timestamp":"2025-08-17 20:33:48.186","caller":"log/log.go:190","message":"Starting application","name":"apiserver","version":"{\"gitVersion\":\"v0.0.0-master+$Format:%h$\",\"gitCommit\":\"$Format:%H$\",\"gitTreeState\":\"\",\"buildDate\":\"1970-01-01T00:00:00Z\",\"goVersion\":\"go1.25rc2\",\"compiler\":\"gc\",\"platform\":\"darwin/arm64\"}"}
{"level":"info","timestamp":"2025-08-17 20:33:48.186","caller":"log/log.go:190","message":"Golang settings","GOGC":"","GOMAXPROCS":"","GOTRACEBACK":""}
{"level":"debug","timestamp":"2025-08-17 20:33:48.186","caller":"log/log.go:188","message":"CFG: pool-monitor.collect-interval=30s"}
{"level":"debug","timestamp":"2025-08-17 20:33:48.186","caller":"log/log.go:188","message":"CFG: http.network=tcp"}
{"level":"debug","timestamp":"2025-08-17 20:33:48.186","caller":"log/log.go:188","message":"CFG: redis.pool-size=10"}
{"level":"debug","timestamp":"2025-08-17 20:33:48.186","caller":"log/log.go:188","message":"CFG: jaeger.reporter-log-spans=true"}
{"level":"debug","timestamp":"2025-08-17 20:33:48.186","caller":"log/log.go:188","message":"CFG: log.victoria-logs.version=v2.0.0"}
{"level":"debug","timestamp":"2025-08-17 20:33:48.186","caller":"log/log.go:188","message":"CFG: http.timeout=10s"}
{"level":"debug","timestamp":"2025-08-17 20:33:48.186","caller":"log/log.go:188","message":"CFG: mysql.username=root"}
{"level":"debug","timestamp":"2025-08-17 20:33:48.186","caller":"log/log.go:188","message":"CFG: log.victoria-logs.timezone=UTC"}
{"level":"debug","timestamp":"2025-08-17 20:33:48.186","caller":"log/log.go:188","message":"CFG: vmodule="}
{"level":"debug","timestamp":"2025-08-17 20:33:48.186","caller":"log/log.go:188","message":"CFG: sentry.environment=development"}
{"level":"debug","timestamp":"2025-08-17 20:33:48.186","caller":"log/log.go:188","message":"CFG: help=false"}
{"level":"debug","timestamp":"2025-08-17 20:33:48.186","caller":"log/log.go:188","message":"CFG: log.enable-color=false"}
{"level":"debug","timestamp":"2025-08-17 20:33:48.186","caller":"log/log.go:188","message":"CFG: sentry.enable-profiling=false"}
{"level":"debug","timestamp":"2025-08-17 20:33:48.186","caller":"log/log.go:188","message":"CFG: sentry.debug=false"}
{"level":"debug","timestamp":"2025-08-17 20:33:48.187","caller":"log/log.go:188","message":"CFG: log.victoria-logs.batch-size=100"}
{"level":"debug","timestamp":"2025-08-17 20:33:48.187","caller":"log/log.go:188","message":"CFG: log.disable-stacktrace=false"}
{"level":"debug","timestamp":"2025-08-17 20:33:48.187","caller":"log/log.go:188","message":"CFG: log.victoria-logs.endpoint=http://127.0.0.1:9428"}
{"level":"debug","timestamp":"2025-08-17 20:33:48.187","caller":"log/log.go:188","message":"CFG: redis.min-idle-conns=0"}
{"level":"debug","timestamp":"2025-08-17 20:33:48.187","caller":"log/log.go:188","message":"CFG: pool-monitor.redis.enabled=true"}
{"level":"debug","timestamp":"2025-08-17 20:33:48.187","caller":"log/log.go:188","message":"CFG: redis.addr=127.0.0.1:6379"}
{"level":"debug","timestamp":"2025-08-17 20:33:48.187","caller":"log/log.go:188","message":"CFG: jwt.expired=2h"}
{"level":"debug","timestamp":"2025-08-17 20:33:48.187","caller":"log/log.go:188","message":"CFG: jaeger.agent-host=127.0.0.1"}
{"level":"debug","timestamp":"2025-08-17 20:33:48.187","caller":"log/log.go:188","message":"CFG: jwt.signing-method=HS512"}
{"level":"debug","timestamp":"2025-08-17 20:33:48.187","caller":"log/log.go:188","message":"CFG: sentry.dsn="}
{"level":"debug","timestamp":"2025-08-17 20:33:48.187","caller":"log/log.go:188","message":"CFG: mysql.max-open-connections=100"}
{"level":"debug","timestamp":"2025-08-17 20:33:48.187","caller":"log/log.go:188","message":"CFG: log.disable-caller=false"}
{"level":"debug","timestamp":"2025-08-17 20:33:48.188","caller":"log/log.go:188","message":"CFG: mysql.max-idle-connections=100"}
{"level":"debug","timestamp":"2025-08-17 20:33:48.188","caller":"log/log.go:188","message":"CFG: jwt.max-refresh=2h"}
{"level":"debug","timestamp":"2025-08-17 20:33:48.188","caller":"log/log.go:188","message":"CFG: sentry.send-default-pii=false"}
{"level":"debug","timestamp":"2025-08-17 20:33:48.188","caller":"log/log.go:188","message":"CFG: sentry.flush-timeout=5s"}
{"level":"debug","timestamp":"2025-08-17 20:33:48.188","caller":"log/log.go:188","message":"CFG: log.victoria-logs.flush-interval=5"}
{"level":"debug","timestamp":"2025-08-17 20:33:48.188","caller":"log/log.go:188","message":"CFG: sentry.ignore-errors=[]"}
{"level":"debug","timestamp":"2025-08-17 20:33:48.188","caller":"log/log.go:188","message":"CFG: sentry.release="}
{"level":"debug","timestamp":"2025-08-17 20:33:48.188","caller":"log/log.go:188","message":"CFG: sentry.attach-stacktrace=true"}
{"level":"debug","timestamp":"2025-08-17 20:33:48.188","caller":"log/log.go:188","message":"CFG: log.victoria-logs.timeout=10"}
{"level":"debug","timestamp":"2025-08-17 20:33:48.188","caller":"log/log.go:188","message":"CFG: http.addr=0.0.0.0:8080"}
{"level":"debug","timestamp":"2025-08-17 20:33:48.188","caller":"log/log.go:188","message":"CFG: mysql.database=protoc"}
{"level":"debug","timestamp":"2025-08-17 20:33:48.188","caller":"log/log.go:188","message":"CFG: sentry.enabled=false"}
{"level":"debug","timestamp":"2025-08-17 20:33:48.188","caller":"log/log.go:188","message":"CFG: log.output-paths=[stdout logs/app.log]"}
{"level":"debug","timestamp":"2025-08-17 20:33:48.188","caller":"log/log.go:188","message":"CFG: sentry.traces-sample-rate=0.1"}
{"level":"debug","timestamp":"2025-08-17 20:33:48.188","caller":"log/log.go:188","message":"CFG: grpc.addr=0.0.0.0:9090"}
{"level":"debug","timestamp":"2025-08-17 20:33:48.188","caller":"log/log.go:188","message":"CFG: mysql.max-connection-life-time=10s"}
{"level":"debug","timestamp":"2025-08-17 20:33:48.188","caller":"log/log.go:188","message":"CFG: redis.read-timeout=3s"}
{"level":"debug","timestamp":"2025-08-17 20:33:48.188","caller":"log/log.go:188","message":"CFG: grpc.network=tcp"}
{"level":"debug","timestamp":"2025-08-17 20:33:48.188","caller":"log/log.go:188","message":"CFG: mysql.password=proj(#)666"}
{"level":"debug","timestamp":"2025-08-17 20:33:48.188","caller":"log/log.go:188","message":"CFG: redis.enable-trace=true"}
{"level":"debug","timestamp":"2025-08-17 20:33:48.188","caller":"log/log.go:188","message":"CFG: jaeger.sampler-type=const"}
{"level":"debug","timestamp":"2025-08-17 20:33:48.188","caller":"log/log.go:188","message":"CFG: jaeger.agent-port=6831"}
{"level":"debug","timestamp":"2025-08-17 20:33:48.188","caller":"log/log.go:188","message":"CFG: version=false"}
{"level":"debug","timestamp":"2025-08-17 20:33:48.188","caller":"log/log.go:188","message":"CFG: log.format=json"}
{"level":"debug","timestamp":"2025-08-17 20:33:48.188","caller":"log/log.go:188","message":"CFG: sentry.max-breadcrumbs=100"}
{"level":"debug","timestamp":"2025-08-17 20:33:48.188","caller":"log/log.go:188","message":"CFG: mysql.enable-trace=true"}
{"level":"debug","timestamp":"2025-08-17 20:33:48.188","caller":"log/log.go:188","message":"CFG: jaeger.server=127.0.0.1:6831"}
{"level":"debug","timestamp":"2025-08-17 20:33:48.188","caller":"log/log.go:188","message":"CFG: redis.dial-timeout=5s"}
{"level":"debug","timestamp":"2025-08-17 20:33:48.188","caller":"log/log.go:188","message":"CFG: redis.database=0"}
{"level":"debug","timestamp":"2025-08-17 20:33:48.188","caller":"log/log.go:188","message":"CFG: pool-monitor.namespace=apiserver"}
{"level":"debug","timestamp":"2025-08-17 20:33:48.188","caller":"log/log.go:188","message":"CFG: jaeger.service-name=apiserver"}
{"level":"debug","timestamp":"2025-08-17 20:33:48.188","caller":"log/log.go:188","message":"CFG: redis.max-retries=3"}
{"level":"debug","timestamp":"2025-08-17 20:33:48.188","caller":"log/log.go:188","message":"CFG: jaeger.enabled=true"}
{"level":"debug","timestamp":"2025-08-17 20:33:48.188","caller":"log/log.go:188","message":"CFG: sentry.enable-tracing=true"}
{"level":"debug","timestamp":"2025-08-17 20:33:48.188","caller":"log/log.go:188","message":"CFG: pool-monitor.database.enabled=true"}
{"level":"debug","timestamp":"2025-08-17 20:33:48.188","caller":"log/log.go:188","message":"CFG: grpc.timeout=10s"}
{"level":"debug","timestamp":"2025-08-17 20:33:48.188","caller":"log/log.go:188","message":"CFG: log.level=debug"}
{"level":"debug","timestamp":"2025-08-17 20:33:48.188","caller":"log/log.go:188","message":"CFG: jwt.key=onex(#)666"}
{"level":"debug","timestamp":"2025-08-17 20:33:48.188","caller":"log/log.go:188","message":"CFG: mysql.host=127.0.0.1"}
{"level":"debug","timestamp":"2025-08-17 20:33:48.188","caller":"log/log.go:188","message":"CFG: log.victoria-logs.buffer-size=1000"}
{"level":"debug","timestamp":"2025-08-17 20:33:48.188","caller":"log/log.go:188","message":"CFG: jaeger.env=development"}
{"level":"debug","timestamp":"2025-08-17 20:33:48.188","caller":"log/log.go:188","message":"CFG: pool-monitor.enabled=true"}
{"level":"debug","timestamp":"2025-08-17 20:33:48.188","caller":"log/log.go:188","message":"CFG: jaeger.sampler-param=1"}
{"level":"debug","timestamp":"2025-08-17 20:33:48.188","caller":"log/log.go:188","message":"CFG: redis.pool-timeout=4s"}
{"level":"debug","timestamp":"2025-08-17 20:33:48.188","caller":"log/log.go:188","message":"CFG: log-flush-frequency=5s"}
{"level":"debug","timestamp":"2025-08-17 20:33:48.188","caller":"log/log.go:188","message":"CFG: redis.write-timeout=3s"}
{"level":"debug","timestamp":"2025-08-17 20:33:48.188","caller":"log/log.go:188","message":"CFG: feature-gates="}
{"level":"debug","timestamp":"2025-08-17 20:33:48.189","caller":"log/log.go:188","message":"CFG: sentry.sample-rate=1"}
{"level":"debug","timestamp":"2025-08-17 20:33:48.189","caller":"log/log.go:188","message":"CFG: sentry.server-name="}
{"level":"debug","timestamp":"2025-08-17 20:33:48.189","caller":"log/log.go:188","message":"CFG: mysql.log-mode=1"}
{"level":"debug","timestamp":"2025-08-17 20:33:48.189","caller":"log/log.go:188","message":"CFG: pool-monitor.database.slow-query=1s"}
{"level":"debug","timestamp":"2025-08-17 20:33:48.189","caller":"log/log.go:188","message":"CFG: log.victoria-logs.environment=development"}
{"level":"debug","timestamp":"2025-08-17 20:33:48.189","caller":"log/log.go:188","message":"CFG: log.victoria-logs.enabled=true"}
{"level":"debug","timestamp":"2025-08-17 20:33:48.189","caller":"log/log.go:188","message":"CFG: sentry.profiles-sample-rate=0.1"}
{"level":"debug","timestamp":"2025-08-17 20:33:48.189","caller":"log/log.go:188","message":"CFG: v=0"}
{"level":"debug","timestamp":"2025-08-17 20:33:48.189","caller":"log/log.go:188","message":"CFG: redis.password="}
{"level":"debug","timestamp":"2025-08-17 20:33:48.189","caller":"log/log.go:188","message":"CFG: mysql.log-level=1"}
{"level":"debug","timestamp":"2025-08-17 20:33:48.189","caller":"log/log.go:188","message":"CFG: config=configs/apiserver.yaml"}
{"level":"debug","timestamp":"2025-08-17 20:33:48.189","caller":"log/log.go:188","message":"CFG: log.victoria-logs.service=apiserver"}
{"level":"debug","timestamp":"2025-08-17 20:33:48.189","caller":"log/log.go:188","message":"CFG: redis.username="}
{"level":"info","timestamp":"2025-08-17 20:33:48.189","caller":"log/log.go:190","message":"Connection pool metrics collection is enabled through dependency injection"}
{"level":"info","timestamp":"2025-08-17 20:33:48.189","caller":"log/log.go:190","message":"Metrics will be automatically collected by the PoolMonitor when database connections are established"}
{"level":"info","timestamp":"2025-08-17 20:33:48.189","caller":"log/log.go:190","message":"Database pool monitoring enabled","slow_query_threshold":1000,"collect_interval":30000}
{"level":"info","timestamp":"2025-08-17 20:33:48.189","caller":"log/log.go:190","message":"Redis pool monitoring enabled","collect_interval":30000}
{"level":"info","timestamp":"2025-08-17 20:33:48.189","caller":"log/log.go:190","message":"Logger configuration","level":"debug","format":"json"}
{"level":"debug","timestamp":"2025-08-17 20:33:48.189","caller":"log/log.go:188","message":"Debug logging enabled","caller_skip":2,"enable_color":false}
{"level":"info","timestamp":"2025-08-17 20:33:48.189","caller":"log/log.go:190","message":"Validating service connections before startup..."}
{"level":"info","timestamp":"2025-08-17 20:33:48.189","caller":"log/log.go:190","message":"Testing MySQL connection..."}
{"level":"info","timestamp":"2025-08-17 20:33:48.194","caller":"log/log.go:190","message":"MySQL connection test passed"}
{"level":"info","timestamp":"2025-08-17 20:33:48.194","caller":"log/log.go:190","message":"Testing Redis connection..."}
{"level":"info","timestamp":"2025-08-17 20:33:48.196","caller":"log/log.go:190","message":"Redis connection test passed"}
{"level":"info","timestamp":"2025-08-17 20:33:48.196","caller":"log/log.go:190","message":"Testing Jaeger connection..."}
{"level":"info","timestamp":"2025-08-17 20:33:48.197","caller":"log/log.go:190","message":"Jaeger connection test passed"}
{"level":"info","timestamp":"2025-08-17 20:33:48.197","caller":"log/log.go:190","message":"All service connections validated successfully"}
{"level":"info","timestamp":"2025-08-17 20:33:48.294","caller":"log/log.go:190","message":"Start to listening the incoming requests","protocol":"kratos"}
{"level":"info","timestamp":"2025-08-17 20:33:48.294","caller":"log/global.go:75","message":"","ts":"2025-08-17T20:33:48+08:00","caller":"http/server.go:330","service.id":"costalongdeMacBook-Pro.local","service.name":"apiserver","service.version":"v0.0.0-master+$Format:%h$","msg":"[HTTP] server listening on: [::]:8080"}
{"level":"info","timestamp":"2025-08-17 20:33:48.294","caller":"log/global.go:75","message":"","ts":"2025-08-17T20:33:48+08:00","caller":"grpc/server.go:220","service.id":"costalongdeMacBook-Pro.local","service.name":"apiserver","service.version":"v0.0.0-master+$Format:%h$","msg":"[gRPC] server listening on: [::]:9090"}
{"level":"error","timestamp":"2025-08-17 20:34:31.003","caller":"log/log.go:194","message":"GetUser","err":"test code error"}
{"level":"info","timestamp":"2025-08-17 20:34:31.024","caller":"runtime/asm_arm64.s:1268","message":"","x-trace-id":"792ebdafad11b4bb21d6f3483359b40c","kind":"server","component":"http","operation":"/apiserver.v1.ApiServer/GetUser","args":"id:\"1\"","code":0,"reason":"","stack":"","latency":0.021097791}
{"level":"error","timestamp":"2025-08-17 20:34:46.107","caller":"log/log.go:194","message":"GetUser","err":"test code error"}
{"level":"error","timestamp":"2025-08-17 20:35:18.718","caller":"log/log.go:194","message":"GetUser","err":"test code error"}
{"level":"info","timestamp":"2025-08-17 20:35:18.729","caller":"runtime/asm_arm64.s:1268","message":"","x-trace-id":"08369eea9ee0e44cf6795cb84a3f982d","kind":"server","component":"http","operation":"/apiserver.v1.ApiServer/GetUser","args":"id:\"1\"","code":0,"reason":"","stack":"","latency":0.01107875}
{"level":"error","timestamp":"2025-08-17 20:35:19.074","caller":"log/log.go:194","message":"GetUser","err":"test code error"}
{"level":"info","timestamp":"2025-08-17 20:35:21.056","caller":"log/log.go:190","message":"Shutting down server..."}
{"level":"info","timestamp":"2025-08-17 20:35:21.056","caller":"log/log.go:190","message":"Gracefully stop kratos application"}
{"level":"info","timestamp":"2025-08-17 20:35:21.056","caller":"log/log.go:190","message":"Server exited successfully."}
{"level":"info","timestamp":"2025-08-17 20:35:23.498","caller":"log/log.go:190","message":"Starting application","name":"apiserver","version":"{\"gitVersion\":\"v0.0.0-master+$Format:%h$\",\"gitCommit\":\"$Format:%H$\",\"gitTreeState\":\"\",\"buildDate\":\"1970-01-01T00:00:00Z\",\"goVersion\":\"go1.25rc2\",\"compiler\":\"gc\",\"platform\":\"darwin/arm64\"}"}
{"level":"info","timestamp":"2025-08-17 20:35:23.498","caller":"log/log.go:190","message":"Golang settings","GOGC":"","GOMAXPROCS":"","GOTRACEBACK":""}
{"level":"debug","timestamp":"2025-08-17 20:35:23.498","caller":"log/log.go:188","message":"CFG: log.victoria-logs.version=v2.0.0"}
{"level":"debug","timestamp":"2025-08-17 20:35:23.498","caller":"log/log.go:188","message":"CFG: log.enable-color=false"}
{"level":"debug","timestamp":"2025-08-17 20:35:23.498","caller":"log/log.go:188","message":"CFG: redis.username="}
{"level":"debug","timestamp":"2025-08-17 20:35:23.498","caller":"log/log.go:188","message":"CFG: pool-monitor.collect-interval=30s"}
{"level":"debug","timestamp":"2025-08-17 20:35:23.498","caller":"log/log.go:188","message":"CFG: redis.dial-timeout=5s"}
{"level":"debug","timestamp":"2025-08-17 20:35:23.498","caller":"log/log.go:188","message":"CFG: sentry.max-breadcrumbs=100"}
{"level":"debug","timestamp":"2025-08-17 20:35:23.498","caller":"log/log.go:188","message":"CFG: jwt.max-refresh=2h"}
{"level":"debug","timestamp":"2025-08-17 20:35:23.498","caller":"log/log.go:188","message":"CFG: jwt.signing-method=HS512"}
{"level":"debug","timestamp":"2025-08-17 20:35:23.498","caller":"log/log.go:188","message":"CFG: mysql.max-idle-connections=100"}
{"level":"debug","timestamp":"2025-08-17 20:35:23.498","caller":"log/log.go:188","message":"CFG: sentry.enable-profiling=false"}
{"level":"debug","timestamp":"2025-08-17 20:35:23.498","caller":"log/log.go:188","message":"CFG: log-flush-frequency=5s"}
{"level":"debug","timestamp":"2025-08-17 20:35:23.498","caller":"log/log.go:188","message":"CFG: log.disable-stacktrace=false"}
{"level":"debug","timestamp":"2025-08-17 20:35:23.498","caller":"log/log.go:188","message":"CFG: http.addr=0.0.0.0:8080"}
{"level":"debug","timestamp":"2025-08-17 20:35:23.498","caller":"log/log.go:188","message":"CFG: log.output-paths=[stdout logs/app.log]"}
{"level":"debug","timestamp":"2025-08-17 20:35:23.498","caller":"log/log.go:188","message":"CFG: jaeger.agent-port=6831"}
{"level":"debug","timestamp":"2025-08-17 20:35:23.498","caller":"log/log.go:188","message":"CFG: sentry.enable-tracing=true"}
{"level":"debug","timestamp":"2025-08-17 20:35:23.498","caller":"log/log.go:188","message":"CFG: mysql.max-open-connections=100"}
{"level":"debug","timestamp":"2025-08-17 20:35:23.498","caller":"log/log.go:188","message":"CFG: sentry.profiles-sample-rate=0.1"}
{"level":"debug","timestamp":"2025-08-17 20:35:23.498","caller":"log/log.go:188","message":"CFG: redis.password="}
{"level":"debug","timestamp":"2025-08-17 20:35:23.498","caller":"log/log.go:188","message":"CFG: log.victoria-logs.timezone=UTC"}
{"level":"debug","timestamp":"2025-08-17 20:35:23.498","caller":"log/log.go:188","message":"CFG: redis.max-retries=3"}
{"level":"debug","timestamp":"2025-08-17 20:35:23.498","caller":"log/log.go:188","message":"CFG: config=configs/apiserver.yaml"}
{"level":"debug","timestamp":"2025-08-17 20:35:23.498","caller":"log/log.go:188","message":"CFG: sentry.attach-stacktrace=true"}
{"level":"debug","timestamp":"2025-08-17 20:35:23.498","caller":"log/log.go:188","message":"CFG: sentry.server-name="}
{"level":"debug","timestamp":"2025-08-17 20:35:23.498","caller":"log/log.go:188","message":"CFG: log.victoria-logs.batch-size=100"}
{"level":"debug","timestamp":"2025-08-17 20:35:23.498","caller":"log/log.go:188","message":"CFG: sentry.environment=development"}
{"level":"debug","timestamp":"2025-08-17 20:35:23.498","caller":"log/log.go:188","message":"CFG: jaeger.service-name=apiserver"}
{"level":"debug","timestamp":"2025-08-17 20:35:23.498","caller":"log/log.go:188","message":"CFG: log.format=json"}
{"level":"debug","timestamp":"2025-08-17 20:35:23.498","caller":"log/log.go:188","message":"CFG: grpc.network=tcp"}
{"level":"debug","timestamp":"2025-08-17 20:35:23.498","caller":"log/log.go:188","message":"CFG: jaeger.reporter-log-spans=true"}
{"level":"debug","timestamp":"2025-08-17 20:35:23.498","caller":"log/log.go:188","message":"CFG: v=0"}
{"level":"debug","timestamp":"2025-08-17 20:35:23.498","caller":"log/log.go:188","message":"CFG: mysql.host=127.0.0.1"}
{"level":"debug","timestamp":"2025-08-17 20:35:23.498","caller":"log/log.go:188","message":"CFG: redis.write-timeout=3s"}
{"level":"debug","timestamp":"2025-08-17 20:35:23.498","caller":"log/log.go:188","message":"CFG: mysql.log-mode=1"}
{"level":"debug","timestamp":"2025-08-17 20:35:23.498","caller":"log/log.go:188","message":"CFG: redis.min-idle-conns=0"}
{"level":"debug","timestamp":"2025-08-17 20:35:23.498","caller":"log/log.go:188","message":"CFG: sentry.debug=false"}
{"level":"debug","timestamp":"2025-08-17 20:35:23.498","caller":"log/log.go:188","message":"CFG: mysql.username=root"}
{"level":"debug","timestamp":"2025-08-17 20:35:23.498","caller":"log/log.go:188","message":"CFG: sentry.flush-timeout=5s"}
{"level":"debug","timestamp":"2025-08-17 20:35:23.498","caller":"log/log.go:188","message":"CFG: sentry.enabled=false"}
{"level":"debug","timestamp":"2025-08-17 20:35:23.498","caller":"log/log.go:188","message":"CFG: log.disable-caller=false"}
{"level":"debug","timestamp":"2025-08-17 20:35:23.498","caller":"log/log.go:188","message":"CFG: jaeger.sampler-param=1"}
{"level":"debug","timestamp":"2025-08-17 20:35:23.498","caller":"log/log.go:188","message":"CFG: sentry.release="}
{"level":"debug","timestamp":"2025-08-17 20:35:23.498","caller":"log/log.go:188","message":"CFG: redis.database=0"}
{"level":"debug","timestamp":"2025-08-17 20:35:23.498","caller":"log/log.go:188","message":"CFG: version=false"}
{"level":"debug","timestamp":"2025-08-17 20:35:23.498","caller":"log/log.go:188","message":"CFG: sentry.send-default-pii=false"}
{"level":"debug","timestamp":"2025-08-17 20:35:23.498","caller":"log/log.go:188","message":"CFG: jaeger.server=127.0.0.1:6831"}
{"level":"debug","timestamp":"2025-08-17 20:35:23.498","caller":"log/log.go:188","message":"CFG: sentry.dsn="}
{"level":"debug","timestamp":"2025-08-17 20:35:23.498","caller":"log/log.go:188","message":"CFG: mysql.log-level=1"}
{"level":"debug","timestamp":"2025-08-17 20:35:23.498","caller":"log/log.go:188","message":"CFG: mysql.enable-trace=true"}
{"level":"debug","timestamp":"2025-08-17 20:35:23.498","caller":"log/log.go:188","message":"CFG: pool-monitor.namespace=apiserver"}
{"level":"debug","timestamp":"2025-08-17 20:35:23.498","caller":"log/log.go:188","message":"CFG: jaeger.env=development"}
{"level":"debug","timestamp":"2025-08-17 20:35:23.498","caller":"log/log.go:188","message":"CFG: log.victoria-logs.endpoint=http://127.0.0.1:9428"}
{"level":"debug","timestamp":"2025-08-17 20:35:23.498","caller":"log/log.go:188","message":"CFG: mysql.max-connection-life-time=10s"}
{"level":"debug","timestamp":"2025-08-17 20:35:23.498","caller":"log/log.go:188","message":"CFG: vmodule="}
{"level":"debug","timestamp":"2025-08-17 20:35:23.498","caller":"log/log.go:188","message":"CFG: redis.enable-trace=true"}
{"level":"debug","timestamp":"2025-08-17 20:35:23.499","caller":"log/log.go:188","message":"CFG: jaeger.agent-host=127.0.0.1"}
{"level":"debug","timestamp":"2025-08-17 20:35:23.499","caller":"log/log.go:188","message":"CFG: redis.read-timeout=3s"}
{"level":"debug","timestamp":"2025-08-17 20:35:23.499","caller":"log/log.go:188","message":"CFG: http.network=tcp"}
{"level":"debug","timestamp":"2025-08-17 20:35:23.499","caller":"log/log.go:188","message":"CFG: log.victoria-logs.enabled=true"}
{"level":"debug","timestamp":"2025-08-17 20:35:23.499","caller":"log/log.go:188","message":"CFG: grpc.addr=0.0.0.0:9090"}
{"level":"debug","timestamp":"2025-08-17 20:35:23.499","caller":"log/log.go:188","message":"CFG: mysql.database=protoc"}
{"level":"debug","timestamp":"2025-08-17 20:35:23.499","caller":"log/log.go:188","message":"CFG: grpc.timeout=10s"}
{"level":"debug","timestamp":"2025-08-17 20:35:23.499","caller":"log/log.go:188","message":"CFG: log.victoria-logs.environment=development"}
{"level":"debug","timestamp":"2025-08-17 20:35:23.499","caller":"log/log.go:188","message":"CFG: redis.pool-size=10"}
{"level":"debug","timestamp":"2025-08-17 20:35:23.499","caller":"log/log.go:188","message":"CFG: sentry.sample-rate=1"}
{"level":"debug","timestamp":"2025-08-17 20:35:23.499","caller":"log/log.go:188","message":"CFG: jaeger.enabled=true"}
{"level":"debug","timestamp":"2025-08-17 20:35:23.499","caller":"log/log.go:188","message":"CFG: help=false"}
{"level":"debug","timestamp":"2025-08-17 20:35:23.499","caller":"log/log.go:188","message":"CFG: log.level=debug"}
{"level":"debug","timestamp":"2025-08-17 20:35:23.499","caller":"log/log.go:188","message":"CFG: pool-monitor.database.enabled=true"}
{"level":"debug","timestamp":"2025-08-17 20:35:23.499","caller":"log/log.go:188","message":"CFG: pool-monitor.redis.enabled=true"}
{"level":"debug","timestamp":"2025-08-17 20:35:23.499","caller":"log/log.go:188","message":"CFG: jwt.expired=2h"}
{"level":"debug","timestamp":"2025-08-17 20:35:23.499","caller":"log/log.go:188","message":"CFG: jaeger.sampler-type=const"}
{"level":"debug","timestamp":"2025-08-17 20:35:23.499","caller":"log/log.go:188","message":"CFG: pool-monitor.enabled=true"}
{"level":"debug","timestamp":"2025-08-17 20:35:23.499","caller":"log/log.go:188","message":"CFG: log.victoria-logs.buffer-size=1000"}
{"level":"debug","timestamp":"2025-08-17 20:35:23.499","caller":"log/log.go:188","message":"CFG: sentry.traces-sample-rate=0.1"}
{"level":"debug","timestamp":"2025-08-17 20:35:23.499","caller":"log/log.go:188","message":"CFG: log.victoria-logs.timeout=10"}
{"level":"debug","timestamp":"2025-08-17 20:35:23.499","caller":"log/log.go:188","message":"CFG: redis.addr=127.0.0.1:6379"}
{"level":"debug","timestamp":"2025-08-17 20:35:23.499","caller":"log/log.go:188","message":"CFG: mysql.password=proj(#)666"}
{"level":"debug","timestamp":"2025-08-17 20:35:23.499","caller":"log/log.go:188","message":"CFG: jwt.key=onex(#)666"}
{"level":"debug","timestamp":"2025-08-17 20:35:23.499","caller":"log/log.go:188","message":"CFG: redis.pool-timeout=4s"}
{"level":"debug","timestamp":"2025-08-17 20:35:23.499","caller":"log/log.go:188","message":"CFG: log.victoria-logs.flush-interval=5"}
{"level":"debug","timestamp":"2025-08-17 20:35:23.499","caller":"log/log.go:188","message":"CFG: http.timeout=10s"}
{"level":"debug","timestamp":"2025-08-17 20:35:23.499","caller":"log/log.go:188","message":"CFG: sentry.ignore-errors=[]"}
{"level":"debug","timestamp":"2025-08-17 20:35:23.499","caller":"log/log.go:188","message":"CFG: log.victoria-logs.service=apiserver"}
{"level":"debug","timestamp":"2025-08-17 20:35:23.499","caller":"log/log.go:188","message":"CFG: feature-gates="}
{"level":"debug","timestamp":"2025-08-17 20:35:23.499","caller":"log/log.go:188","message":"CFG: pool-monitor.database.slow-query=1s"}
{"level":"info","timestamp":"2025-08-17 20:35:23.499","caller":"log/log.go:190","message":"Connection pool metrics collection is enabled through dependency injection"}
{"level":"info","timestamp":"2025-08-17 20:35:23.499","caller":"log/log.go:190","message":"Metrics will be automatically collected by the PoolMonitor when database connections are established"}
{"level":"info","timestamp":"2025-08-17 20:35:23.499","caller":"log/log.go:190","message":"Database pool monitoring enabled","slow_query_threshold":1000,"collect_interval":30000}
{"level":"info","timestamp":"2025-08-17 20:35:23.499","caller":"log/log.go:190","message":"Redis pool monitoring enabled","collect_interval":30000}
{"level":"info","timestamp":"2025-08-17 20:35:23.499","caller":"log/log.go:190","message":"Logger configuration","level":"debug","format":"json"}
{"level":"debug","timestamp":"2025-08-17 20:35:23.499","caller":"log/log.go:188","message":"Debug logging enabled","caller_skip":2,"enable_color":false}
{"level":"info","timestamp":"2025-08-17 20:35:23.499","caller":"log/log.go:190","message":"Validating service connections before startup..."}
{"level":"info","timestamp":"2025-08-17 20:35:23.499","caller":"log/log.go:190","message":"Testing MySQL connection..."}
{"level":"info","timestamp":"2025-08-17 20:35:23.506","caller":"log/log.go:190","message":"MySQL connection test passed"}
{"level":"info","timestamp":"2025-08-17 20:35:23.506","caller":"log/log.go:190","message":"Testing Redis connection..."}
{"level":"info","timestamp":"2025-08-17 20:35:23.513","caller":"log/log.go:190","message":"Redis connection test passed"}
{"level":"info","timestamp":"2025-08-17 20:35:23.513","caller":"log/log.go:190","message":"Testing Jaeger connection..."}
{"level":"info","timestamp":"2025-08-17 20:35:23.513","caller":"log/log.go:190","message":"Jaeger connection test passed"}
{"level":"info","timestamp":"2025-08-17 20:35:23.513","caller":"log/log.go:190","message":"All service connections validated successfully"}
{"level":"info","timestamp":"2025-08-17 20:35:23.631","caller":"log/log.go:190","message":"Start to listening the incoming requests","protocol":"kratos"}
{"level":"info","timestamp":"2025-08-17 20:35:23.631","caller":"log/global.go:75","message":"","ts":"2025-08-17T20:35:23+08:00","caller":"http/server.go:330","service.id":"costalongdeMacBook-Pro.local","service.name":"apiserver","service.version":"v0.0.0-master+$Format:%h$","msg":"[HTTP] server listening on: [::]:8080"}
{"level":"info","timestamp":"2025-08-17 20:35:23.631","caller":"log/global.go:75","message":"","ts":"2025-08-17T20:35:23+08:00","caller":"grpc/server.go:220","service.id":"costalongdeMacBook-Pro.local","service.name":"apiserver","service.version":"v0.0.0-master+$Format:%h$","msg":"[gRPC] server listening on: [::]:9090"}
{"level":"error","timestamp":"2025-08-17 20:35:26.574","caller":"log/log.go:194","message":"GetUser","err":"test code error"}
{"level":"info","timestamp":"2025-08-17 20:35:26.590","caller":"runtime/asm_arm64.s:1268","message":"","x-trace-id":"2157a5d43ef708648fc5f989be6a7d13","kind":"server","component":"http","operation":"/apiserver.v1.ApiServer/GetUser","args":"id:\"1\"","code":0,"reason":"","stack":"","latency":0.015357708}
{"level":"error","timestamp":"2025-08-17 20:36:45.455","caller":"log/log.go:194","message":"GetUser","err":"test code error"}
{"level":"info","timestamp":"2025-08-17 20:36:45.468","caller":"runtime/asm_arm64.s:1268","message":"","x-trace-id":"a8c55fb9f43d18712e7cd6aa7e0ff148","kind":"server","component":"http","operation":"/apiserver.v1.ApiServer/GetUser","args":"id:\"1\"","code":0,"reason":"","stack":"","latency":0.012046}
{"level":"error","timestamp":"2025-08-17 20:36:45.828","caller":"log/log.go:194","message":"GetUser","err":"test code error"}
{"level":"error","timestamp":"2025-08-17 20:36:46.069","caller":"log/log.go:194","message":"GetUser","err":"test code error"}
{"level":"info","timestamp":"2025-08-17 20:37:23.305","caller":"log/log.go:190","message":"Starting application","name":"apiserver","version":"{\"gitVersion\":\"v0.0.0-master+$Format:%h$\",\"gitCommit\":\"$Format:%H$\",\"gitTreeState\":\"\",\"buildDate\":\"1970-01-01T00:00:00Z\",\"goVersion\":\"go1.25rc2\",\"compiler\":\"gc\",\"platform\":\"darwin/arm64\"}"}
{"level":"info","timestamp":"2025-08-17 20:37:23.305","caller":"log/log.go:190","message":"Golang settings","GOGC":"","GOMAXPROCS":"","GOTRACEBACK":""}
{"level":"debug","timestamp":"2025-08-17 20:37:23.305","caller":"log/log.go:188","message":"CFG: version=false"}
{"level":"debug","timestamp":"2025-08-17 20:37:23.306","caller":"log/log.go:188","message":"CFG: feature-gates="}
{"level":"debug","timestamp":"2025-08-17 20:37:23.306","caller":"log/log.go:188","message":"CFG: http.timeout=10s"}
{"level":"debug","timestamp":"2025-08-17 20:37:23.306","caller":"log/log.go:188","message":"CFG: mysql.max-open-connections=100"}
{"level":"debug","timestamp":"2025-08-17 20:37:23.306","caller":"log/log.go:188","message":"CFG: mysql.password=proj(#)666"}
{"level":"debug","timestamp":"2025-08-17 20:37:23.306","caller":"log/log.go:188","message":"CFG: redis.read-timeout=3s"}
{"level":"debug","timestamp":"2025-08-17 20:37:23.306","caller":"log/log.go:188","message":"CFG: sentry.debug=false"}
{"level":"debug","timestamp":"2025-08-17 20:37:23.306","caller":"log/log.go:188","message":"CFG: log.level=debug"}
{"level":"debug","timestamp":"2025-08-17 20:37:23.306","caller":"log/log.go:188","message":"CFG: jwt.expired=2h"}
{"level":"debug","timestamp":"2025-08-17 20:37:23.306","caller":"log/log.go:188","message":"CFG: log.victoria-logs.version=v2.0.0"}
{"level":"debug","timestamp":"2025-08-17 20:37:23.306","caller":"log/log.go:188","message":"CFG: sentry.enable-tracing=true"}
{"level":"debug","timestamp":"2025-08-17 20:37:23.306","caller":"log/log.go:188","message":"CFG: jaeger.agent-host=127.0.0.1"}
{"level":"debug","timestamp":"2025-08-17 20:37:23.306","caller":"log/log.go:188","message":"CFG: redis.username="}
{"level":"debug","timestamp":"2025-08-17 20:37:23.306","caller":"log/log.go:188","message":"CFG: sentry.max-breadcrumbs=100"}
{"level":"debug","timestamp":"2025-08-17 20:37:23.306","caller":"log/log.go:188","message":"CFG: sentry.server-name="}
{"level":"debug","timestamp":"2025-08-17 20:37:23.306","caller":"log/log.go:188","message":"CFG: grpc.addr=0.0.0.0:9090"}
{"level":"debug","timestamp":"2025-08-17 20:37:23.306","caller":"log/log.go:188","message":"CFG: redis.database=0"}
{"level":"debug","timestamp":"2025-08-17 20:37:23.306","caller":"log/log.go:188","message":"CFG: log.victoria-logs.environment=development"}
{"level":"debug","timestamp":"2025-08-17 20:37:23.306","caller":"log/log.go:188","message":"CFG: mysql.enable-trace=true"}
{"level":"debug","timestamp":"2025-08-17 20:37:23.306","caller":"log/log.go:188","message":"CFG: log.disable-caller=false"}
{"level":"debug","timestamp":"2025-08-17 20:37:23.306","caller":"log/log.go:188","message":"CFG: sentry.enabled=false"}
{"level":"debug","timestamp":"2025-08-17 20:37:23.306","caller":"log/log.go:188","message":"CFG: mysql.log-mode=1"}
{"level":"debug","timestamp":"2025-08-17 20:37:23.306","caller":"log/log.go:188","message":"CFG: pool-monitor.enabled=true"}
{"level":"debug","timestamp":"2025-08-17 20:37:23.306","caller":"log/log.go:188","message":"CFG: log.victoria-logs.timeout=10"}
{"level":"debug","timestamp":"2025-08-17 20:37:23.306","caller":"log/log.go:188","message":"CFG: redis.min-idle-conns=0"}
{"level":"debug","timestamp":"2025-08-17 20:37:23.306","caller":"log/log.go:188","message":"CFG: jwt.max-refresh=2h"}
{"level":"debug","timestamp":"2025-08-17 20:37:23.306","caller":"log/log.go:188","message":"CFG: log.format=json"}
{"level":"debug","timestamp":"2025-08-17 20:37:23.306","caller":"log/log.go:188","message":"CFG: jwt.signing-method=HS512"}
{"level":"debug","timestamp":"2025-08-17 20:37:23.306","caller":"log/log.go:188","message":"CFG: log.victoria-logs.enabled=true"}
{"level":"debug","timestamp":"2025-08-17 20:37:23.306","caller":"log/log.go:188","message":"CFG: grpc.network=tcp"}
{"level":"debug","timestamp":"2025-08-17 20:37:23.306","caller":"log/log.go:188","message":"CFG: pool-monitor.database.enabled=true"}
{"level":"debug","timestamp":"2025-08-17 20:37:23.306","caller":"log/log.go:188","message":"CFG: redis.enable-trace=true"}
{"level":"debug","timestamp":"2025-08-17 20:37:23.306","caller":"log/log.go:188","message":"CFG: log.victoria-logs.timezone=UTC"}
{"level":"debug","timestamp":"2025-08-17 20:37:23.306","caller":"log/log.go:188","message":"CFG: mysql.username=root"}
{"level":"debug","timestamp":"2025-08-17 20:37:23.306","caller":"log/log.go:188","message":"CFG: jaeger.env=development"}
{"level":"debug","timestamp":"2025-08-17 20:37:23.306","caller":"log/log.go:188","message":"CFG: help=false"}
{"level":"debug","timestamp":"2025-08-17 20:37:23.306","caller":"log/log.go:188","message":"CFG: http.network=tcp"}
{"level":"debug","timestamp":"2025-08-17 20:37:23.306","caller":"log/log.go:188","message":"CFG: jwt.key=onex(#)666"}
{"level":"debug","timestamp":"2025-08-17 20:37:23.306","caller":"log/log.go:188","message":"CFG: config=configs/apiserver.yaml"}
{"level":"debug","timestamp":"2025-08-17 20:37:23.306","caller":"log/log.go:188","message":"CFG: sentry.send-default-pii=false"}
{"level":"debug","timestamp":"2025-08-17 20:37:23.306","caller":"log/log.go:188","message":"CFG: sentry.sample-rate=1"}
{"level":"debug","timestamp":"2025-08-17 20:37:23.306","caller":"log/log.go:188","message":"CFG: jaeger.sampler-type=const"}
{"level":"debug","timestamp":"2025-08-17 20:37:23.306","caller":"log/log.go:188","message":"CFG: mysql.max-idle-connections=100"}
{"level":"debug","timestamp":"2025-08-17 20:37:23.306","caller":"log/log.go:188","message":"CFG: vmodule="}
{"level":"debug","timestamp":"2025-08-17 20:37:23.306","caller":"log/log.go:188","message":"CFG: sentry.ignore-errors=[]"}
{"level":"debug","timestamp":"2025-08-17 20:37:23.306","caller":"log/log.go:188","message":"CFG: sentry.environment=development"}
{"level":"debug","timestamp":"2025-08-17 20:37:23.306","caller":"log/log.go:188","message":"CFG: redis.pool-size=10"}
{"level":"debug","timestamp":"2025-08-17 20:37:23.306","caller":"log/log.go:188","message":"CFG: mysql.host=127.0.0.1"}
{"level":"debug","timestamp":"2025-08-17 20:37:23.306","caller":"log/log.go:188","message":"CFG: redis.dial-timeout=5s"}
{"level":"debug","timestamp":"2025-08-17 20:37:23.306","caller":"log/log.go:188","message":"CFG: sentry.enable-profiling=false"}
{"level":"debug","timestamp":"2025-08-17 20:37:23.306","caller":"log/log.go:188","message":"CFG: log.victoria-logs.endpoint=http://127.0.0.1:9428"}
{"level":"debug","timestamp":"2025-08-17 20:37:23.306","caller":"log/log.go:188","message":"CFG: sentry.dsn="}
{"level":"debug","timestamp":"2025-08-17 20:37:23.306","caller":"log/log.go:188","message":"CFG: sentry.traces-sample-rate=0.1"}
{"level":"debug","timestamp":"2025-08-17 20:37:23.306","caller":"log/log.go:188","message":"CFG: redis.pool-timeout=4s"}
{"level":"debug","timestamp":"2025-08-17 20:37:23.306","caller":"log/log.go:188","message":"CFG: redis.addr=127.0.0.1:6379"}
{"level":"debug","timestamp":"2025-08-17 20:37:23.306","caller":"log/log.go:188","message":"CFG: sentry.attach-stacktrace=true"}
{"level":"debug","timestamp":"2025-08-17 20:37:23.306","caller":"log/log.go:188","message":"CFG: jaeger.sampler-param=1"}
{"level":"debug","timestamp":"2025-08-17 20:37:23.306","caller":"log/log.go:188","message":"CFG: mysql.database=protoc"}
{"level":"debug","timestamp":"2025-08-17 20:37:23.306","caller":"log/log.go:188","message":"CFG: jaeger.service-name=apiserver"}
{"level":"debug","timestamp":"2025-08-17 20:37:23.306","caller":"log/log.go:188","message":"CFG: redis.write-timeout=3s"}
{"level":"debug","timestamp":"2025-08-17 20:37:23.306","caller":"log/log.go:188","message":"CFG: sentry.profiles-sample-rate=0.1"}
{"level":"debug","timestamp":"2025-08-17 20:37:23.306","caller":"log/log.go:188","message":"CFG: log.victoria-logs.flush-interval=5"}
{"level":"debug","timestamp":"2025-08-17 20:37:23.306","caller":"log/log.go:188","message":"CFG: pool-monitor.namespace=apiserver"}
{"level":"debug","timestamp":"2025-08-17 20:37:23.306","caller":"log/log.go:188","message":"CFG: pool-monitor.redis.enabled=true"}
{"level":"debug","timestamp":"2025-08-17 20:37:23.306","caller":"log/log.go:188","message":"CFG: redis.max-retries=3"}
{"level":"debug","timestamp":"2025-08-17 20:37:23.306","caller":"log/log.go:188","message":"CFG: mysql.log-level=1"}
{"level":"debug","timestamp":"2025-08-17 20:37:23.306","caller":"log/log.go:188","message":"CFG: jaeger.reporter-log-spans=true"}
{"level":"debug","timestamp":"2025-08-17 20:37:23.306","caller":"log/log.go:188","message":"CFG: log.output-paths=[stdout logs/app.log]"}
{"level":"debug","timestamp":"2025-08-17 20:37:23.306","caller":"log/log.go:188","message":"CFG: v=0"}
{"level":"debug","timestamp":"2025-08-17 20:37:23.306","caller":"log/log.go:188","message":"CFG: pool-monitor.database.slow-query=1s"}
{"level":"debug","timestamp":"2025-08-17 20:37:23.306","caller":"log/log.go:188","message":"CFG: http.addr=0.0.0.0:8080"}
{"level":"debug","timestamp":"2025-08-17 20:37:23.306","caller":"log/log.go:188","message":"CFG: mysql.max-connection-life-time=10s"}
{"level":"debug","timestamp":"2025-08-17 20:37:23.307","caller":"log/log.go:188","message":"CFG: sentry.flush-timeout=5s"}
{"level":"debug","timestamp":"2025-08-17 20:37:23.307","caller":"log/log.go:188","message":"CFG: jaeger.agent-port=6831"}
{"level":"debug","timestamp":"2025-08-17 20:37:23.307","caller":"log/log.go:188","message":"CFG: log.disable-stacktrace=false"}
{"level":"debug","timestamp":"2025-08-17 20:37:23.307","caller":"log/log.go:188","message":"CFG: log.enable-color=false"}
{"level":"debug","timestamp":"2025-08-17 20:37:23.307","caller":"log/log.go:188","message":"CFG: jaeger.enabled=true"}
{"level":"debug","timestamp":"2025-08-17 20:37:23.307","caller":"log/log.go:188","message":"CFG: log-flush-frequency=5s"}
{"level":"debug","timestamp":"2025-08-17 20:37:23.307","caller":"log/log.go:188","message":"CFG: log.victoria-logs.service=apiserver"}
{"level":"debug","timestamp":"2025-08-17 20:37:23.307","caller":"log/log.go:188","message":"CFG: log.victoria-logs.batch-size=100"}
{"level":"debug","timestamp":"2025-08-17 20:37:23.307","caller":"log/log.go:188","message":"CFG: pool-monitor.collect-interval=30s"}
{"level":"debug","timestamp":"2025-08-17 20:37:23.307","caller":"log/log.go:188","message":"CFG: log.victoria-logs.buffer-size=1000"}
{"level":"debug","timestamp":"2025-08-17 20:37:23.307","caller":"log/log.go:188","message":"CFG: jaeger.server=127.0.0.1:6831"}
{"level":"debug","timestamp":"2025-08-17 20:37:23.307","caller":"log/log.go:188","message":"CFG: sentry.release="}
{"level":"debug","timestamp":"2025-08-17 20:37:23.307","caller":"log/log.go:188","message":"CFG: grpc.timeout=10s"}
{"level":"debug","timestamp":"2025-08-17 20:37:23.307","caller":"log/log.go:188","message":"CFG: redis.password="}
{"level":"info","timestamp":"2025-08-17 20:37:23.307","caller":"log/log.go:190","message":"Connection pool metrics collection is enabled through dependency injection"}
{"level":"info","timestamp":"2025-08-17 20:37:23.307","caller":"log/log.go:190","message":"Metrics will be automatically collected by the PoolMonitor when database connections are established"}
{"level":"info","timestamp":"2025-08-17 20:37:23.307","caller":"log/log.go:190","message":"Database pool monitoring enabled","slow_query_threshold":1000,"collect_interval":30000}
{"level":"info","timestamp":"2025-08-17 20:37:23.307","caller":"log/log.go:190","message":"Redis pool monitoring enabled","collect_interval":30000}
{"level":"info","timestamp":"2025-08-17 20:37:23.307","caller":"log/log.go:190","message":"Logger configuration","level":"debug","format":"json"}
{"level":"debug","timestamp":"2025-08-17 20:37:23.307","caller":"log/log.go:188","message":"Debug logging enabled","caller_skip":2,"enable_color":false}
{"level":"info","timestamp":"2025-08-17 20:37:23.307","caller":"log/log.go:190","message":"Validating service connections before startup..."}
{"level":"info","timestamp":"2025-08-17 20:37:23.307","caller":"log/log.go:190","message":"Testing MySQL connection..."}
{"level":"info","timestamp":"2025-08-17 20:37:23.311","caller":"log/log.go:190","message":"MySQL connection test passed"}
{"level":"info","timestamp":"2025-08-17 20:37:23.311","caller":"log/log.go:190","message":"Testing Redis connection..."}
{"level":"info","timestamp":"2025-08-17 20:37:23.314","caller":"log/log.go:190","message":"Redis connection test passed"}
{"level":"info","timestamp":"2025-08-17 20:37:23.314","caller":"log/log.go:190","message":"Testing Jaeger connection..."}
{"level":"info","timestamp":"2025-08-17 20:37:23.314","caller":"log/log.go:190","message":"Jaeger connection test passed"}
{"level":"info","timestamp":"2025-08-17 20:37:23.314","caller":"log/log.go:190","message":"All service connections validated successfully"}
{"level":"info","timestamp":"2025-08-17 20:37:23.425","caller":"log/log.go:190","message":"Start to listening the incoming requests","protocol":"kratos"}
{"level":"fatal","timestamp":"2025-08-17 20:37:23.425","caller":"log/log.go:198","message":"Failed to serve kratos application","err":"listen tcp 0.0.0.0:9090: bind: address already in use","stacktrace":"github.com/costa92/go-protoc/v2/pkg/log.Fatalw\n\t/Users/costalong/code/go/src/github.com/costa92/go-protoc/pkg/log/log.go:198\ngithub.com/costa92/go-protoc/v2/pkg/server.(*KratosServer).RunOrDie\n\t/Users/costalong/code/go/src/github.com/costa92/go-protoc/pkg/server/kratos_server.go:49"}
{"level":"info","timestamp":"2025-08-17 20:37:27.228","caller":"log/log.go:190","message":"Shutting down server..."}
{"level":"info","timestamp":"2025-08-17 20:37:27.228","caller":"log/log.go:190","message":"Gracefully stop kratos application"}
{"level":"info","timestamp":"2025-08-17 20:37:27.228","caller":"log/log.go:190","message":"Server exited successfully."}
{"level":"info","timestamp":"2025-08-17 20:39:56.610","caller":"log/log.go:205","message":"Starting application","name":"apiserver","version":"{\"gitVersion\":\"v0.0.0-master+$Format:%h$\",\"gitCommit\":\"$Format:%H$\",\"gitTreeState\":\"\",\"buildDate\":\"1970-01-01T00:00:00Z\",\"goVersion\":\"go1.25rc2\",\"compiler\":\"gc\",\"platform\":\"darwin/arm64\"}"}
{"level":"info","timestamp":"2025-08-17 20:39:56.610","caller":"log/log.go:205","message":"Golang settings","GOGC":"","GOMAXPROCS":"","GOTRACEBACK":""}
{"level":"debug","timestamp":"2025-08-17 20:39:56.610","caller":"log/log.go:203","message":"CFG: jaeger.sampler-type=const"}
{"level":"debug","timestamp":"2025-08-17 20:39:56.610","caller":"log/log.go:203","message":"CFG: log.enable-color=false"}
{"level":"debug","timestamp":"2025-08-17 20:39:56.610","caller":"log/log.go:203","message":"CFG: redis.pool-size=10"}
{"level":"debug","timestamp":"2025-08-17 20:39:56.610","caller":"log/log.go:203","message":"CFG: help=false"}
{"level":"debug","timestamp":"2025-08-17 20:39:56.610","caller":"log/log.go:203","message":"CFG: config=configs/apiserver.yaml"}
{"level":"debug","timestamp":"2025-08-17 20:39:56.610","caller":"log/log.go:203","message":"CFG: log.victoria-logs.environment=development"}
{"level":"debug","timestamp":"2025-08-17 20:39:56.610","caller":"log/log.go:203","message":"CFG: jwt.max-refresh=2h"}
{"level":"debug","timestamp":"2025-08-17 20:39:56.610","caller":"log/log.go:203","message":"CFG: mysql.host=127.0.0.1"}
{"level":"debug","timestamp":"2025-08-17 20:39:56.610","caller":"log/log.go:203","message":"CFG: version=false"}
{"level":"debug","timestamp":"2025-08-17 20:39:56.610","caller":"log/log.go:203","message":"CFG: log.victoria-logs.timeout=10"}
{"level":"debug","timestamp":"2025-08-17 20:39:56.611","caller":"log/log.go:203","message":"CFG: sentry.attach-stacktrace=true"}
{"level":"debug","timestamp":"2025-08-17 20:39:56.611","caller":"log/log.go:203","message":"CFG: sentry.debug=false"}
{"level":"debug","timestamp":"2025-08-17 20:39:56.611","caller":"log/log.go:203","message":"CFG: jaeger.enabled=true"}
{"level":"debug","timestamp":"2025-08-17 20:39:56.611","caller":"log/log.go:203","message":"CFG: mysql.database=protoc"}
{"level":"debug","timestamp":"2025-08-17 20:39:56.611","caller":"log/log.go:203","message":"CFG: redis.read-timeout=3s"}
{"level":"debug","timestamp":"2025-08-17 20:39:56.611","caller":"log/log.go:203","message":"CFG: sentry.release="}
{"level":"debug","timestamp":"2025-08-17 20:39:56.611","caller":"log/log.go:203","message":"CFG: pool-monitor.database.enabled=true"}
{"level":"debug","timestamp":"2025-08-17 20:39:56.611","caller":"log/log.go:203","message":"CFG: mysql.max-idle-connections=100"}
{"level":"debug","timestamp":"2025-08-17 20:39:56.611","caller":"log/log.go:203","message":"CFG: redis.database=0"}
{"level":"debug","timestamp":"2025-08-17 20:39:56.611","caller":"log/log.go:203","message":"CFG: redis.min-idle-conns=0"}
{"level":"debug","timestamp":"2025-08-17 20:39:56.611","caller":"log/log.go:203","message":"CFG: pool-monitor.enabled=true"}
{"level":"debug","timestamp":"2025-08-17 20:39:56.611","caller":"log/log.go:203","message":"CFG: jaeger.reporter-log-spans=true"}
{"level":"debug","timestamp":"2025-08-17 20:39:56.611","caller":"log/log.go:203","message":"CFG: sentry.enable-tracing=true"}
{"level":"debug","timestamp":"2025-08-17 20:39:56.611","caller":"log/log.go:203","message":"CFG: mysql.password=proj(#)666"}
{"level":"debug","timestamp":"2025-08-17 20:39:56.611","caller":"log/log.go:203","message":"CFG: redis.password="}
{"level":"debug","timestamp":"2025-08-17 20:39:56.611","caller":"log/log.go:203","message":"CFG: redis.max-retries=3"}
{"level":"debug","timestamp":"2025-08-17 20:39:56.611","caller":"log/log.go:203","message":"CFG: log.victoria-logs.service=apiserver"}
{"level":"debug","timestamp":"2025-08-17 20:39:56.611","caller":"log/log.go:203","message":"CFG: log.format=json"}
{"level":"debug","timestamp":"2025-08-17 20:39:56.611","caller":"log/log.go:203","message":"CFG: log.victoria-logs.timezone=UTC"}
{"level":"debug","timestamp":"2025-08-17 20:39:56.611","caller":"log/log.go:203","message":"CFG: jaeger.agent-host=127.0.0.1"}
{"level":"debug","timestamp":"2025-08-17 20:39:56.611","caller":"log/log.go:203","message":"CFG: log.disable-caller=false"}
{"level":"debug","timestamp":"2025-08-17 20:39:56.611","caller":"log/log.go:203","message":"CFG: sentry.flush-timeout=5s"}
{"level":"debug","timestamp":"2025-08-17 20:39:56.611","caller":"log/log.go:203","message":"CFG: redis.enable-trace=true"}
{"level":"debug","timestamp":"2025-08-17 20:39:56.611","caller":"log/log.go:203","message":"CFG: sentry.traces-sample-rate=0.1"}
{"level":"debug","timestamp":"2025-08-17 20:39:56.611","caller":"log/log.go:203","message":"CFG: jwt.key=onex(#)666"}
{"level":"debug","timestamp":"2025-08-17 20:39:56.611","caller":"log/log.go:203","message":"CFG: grpc.addr=0.0.0.0:9090"}
{"level":"debug","timestamp":"2025-08-17 20:39:56.611","caller":"log/log.go:203","message":"CFG: log.level=debug"}
{"level":"debug","timestamp":"2025-08-17 20:39:56.611","caller":"log/log.go:203","message":"CFG: mysql.max-open-connections=100"}
{"level":"debug","timestamp":"2025-08-17 20:39:56.611","caller":"log/log.go:203","message":"CFG: pool-monitor.redis.enabled=true"}
{"level":"debug","timestamp":"2025-08-17 20:39:56.611","caller":"log/log.go:203","message":"CFG: sentry.server-name="}
{"level":"debug","timestamp":"2025-08-17 20:39:56.611","caller":"log/log.go:203","message":"CFG: grpc.network=tcp"}
{"level":"debug","timestamp":"2025-08-17 20:39:56.611","caller":"log/log.go:203","message":"CFG: sentry.sample-rate=1"}
{"level":"debug","timestamp":"2025-08-17 20:39:56.611","caller":"log/log.go:203","message":"CFG: sentry.enable-profiling=false"}
{"level":"debug","timestamp":"2025-08-17 20:39:56.611","caller":"log/log.go:203","message":"CFG: redis.username="}
{"level":"debug","timestamp":"2025-08-17 20:39:56.611","caller":"log/log.go:203","message":"CFG: jaeger.server=127.0.0.1:6831"}
{"level":"debug","timestamp":"2025-08-17 20:39:56.611","caller":"log/log.go:203","message":"CFG: vmodule="}
{"level":"debug","timestamp":"2025-08-17 20:39:56.611","caller":"log/log.go:203","message":"CFG: sentry.max-breadcrumbs=100"}
{"level":"debug","timestamp":"2025-08-17 20:39:56.611","caller":"log/log.go:203","message":"CFG: redis.dial-timeout=5s"}
{"level":"debug","timestamp":"2025-08-17 20:39:56.611","caller":"log/log.go:203","message":"CFG: log.victoria-logs.batch-size=100"}
{"level":"debug","timestamp":"2025-08-17 20:39:56.611","caller":"log/log.go:203","message":"CFG: sentry.environment=development"}
{"level":"debug","timestamp":"2025-08-17 20:39:56.611","caller":"log/log.go:203","message":"CFG: jwt.expired=2h"}
{"level":"debug","timestamp":"2025-08-17 20:39:56.611","caller":"log/log.go:203","message":"CFG: log.victoria-logs.version=v2.0.0"}
{"level":"debug","timestamp":"2025-08-17 20:39:56.611","caller":"log/log.go:203","message":"CFG: redis.pool-timeout=4s"}
{"level":"debug","timestamp":"2025-08-17 20:39:56.611","caller":"log/log.go:203","message":"CFG: v=0"}
{"level":"debug","timestamp":"2025-08-17 20:39:56.611","caller":"log/log.go:203","message":"CFG: log.victoria-logs.endpoint=http://127.0.0.1:9428"}
{"level":"debug","timestamp":"2025-08-17 20:39:56.611","caller":"log/log.go:203","message":"CFG: http.network=tcp"}
{"level":"debug","timestamp":"2025-08-17 20:39:56.612","caller":"log/log.go:203","message":"CFG: http.timeout=10s"}
{"level":"debug","timestamp":"2025-08-17 20:39:56.612","caller":"log/log.go:203","message":"CFG: jaeger.agent-port=6831"}
{"level":"debug","timestamp":"2025-08-17 20:39:56.612","caller":"log/log.go:203","message":"CFG: mysql.max-connection-life-time=10s"}
{"level":"debug","timestamp":"2025-08-17 20:39:56.612","caller":"log/log.go:203","message":"CFG: grpc.timeout=10s"}
{"level":"debug","timestamp":"2025-08-17 20:39:56.612","caller":"log/log.go:203","message":"CFG: log.output-paths=[stdout logs/app.log]"}
{"level":"debug","timestamp":"2025-08-17 20:39:56.612","caller":"log/log.go:203","message":"CFG: pool-monitor.database.slow-query=1s"}
{"level":"debug","timestamp":"2025-08-17 20:39:56.612","caller":"log/log.go:203","message":"CFG: jaeger.env=development"}
{"level":"debug","timestamp":"2025-08-17 20:39:56.612","caller":"log/log.go:203","message":"CFG: http.addr=0.0.0.0:8080"}
{"level":"debug","timestamp":"2025-08-17 20:39:56.612","caller":"log/log.go:203","message":"CFG: mysql.username=root"}
{"level":"debug","timestamp":"2025-08-17 20:39:56.612","caller":"log/log.go:203","message":"CFG: mysql.log-mode=1"}
{"level":"debug","timestamp":"2025-08-17 20:39:56.612","caller":"log/log.go:203","message":"CFG: feature-gates="}
{"level":"debug","timestamp":"2025-08-17 20:39:56.612","caller":"log/log.go:203","message":"CFG: mysql.log-level=1"}
{"level":"debug","timestamp":"2025-08-17 20:39:56.612","caller":"log/log.go:203","message":"CFG: log.victoria-logs.flush-interval=5"}
{"level":"debug","timestamp":"2025-08-17 20:39:56.612","caller":"log/log.go:203","message":"CFG: sentry.profiles-sample-rate=0.1"}
{"level":"debug","timestamp":"2025-08-17 20:39:56.612","caller":"log/log.go:203","message":"CFG: pool-monitor.namespace=apiserver"}
{"level":"debug","timestamp":"2025-08-17 20:39:56.612","caller":"log/log.go:203","message":"CFG: pool-monitor.collect-interval=30s"}
{"level":"debug","timestamp":"2025-08-17 20:39:56.612","caller":"log/log.go:203","message":"CFG: sentry.ignore-errors=[]"}
{"level":"debug","timestamp":"2025-08-17 20:39:56.612","caller":"log/log.go:203","message":"CFG: jwt.signing-method=HS512"}
{"level":"debug","timestamp":"2025-08-17 20:39:56.612","caller":"log/log.go:203","message":"CFG: jaeger.service-name=apiserver"}
{"level":"debug","timestamp":"2025-08-17 20:39:56.612","caller":"log/log.go:203","message":"CFG: log.victoria-logs.buffer-size=1000"}
{"level":"debug","timestamp":"2025-08-17 20:39:56.612","caller":"log/log.go:203","message":"CFG: sentry.dsn="}
{"level":"debug","timestamp":"2025-08-17 20:39:56.612","caller":"log/log.go:203","message":"CFG: mysql.enable-trace=true"}
{"level":"debug","timestamp":"2025-08-17 20:39:56.612","caller":"log/log.go:203","message":"CFG: jaeger.sampler-param=1"}
{"level":"debug","timestamp":"2025-08-17 20:39:56.612","caller":"log/log.go:203","message":"CFG: log.disable-stacktrace=false"}
{"level":"debug","timestamp":"2025-08-17 20:39:56.612","caller":"log/log.go:203","message":"CFG: sentry.enabled=false"}
{"level":"debug","timestamp":"2025-08-17 20:39:56.612","caller":"log/log.go:203","message":"CFG: log.victoria-logs.enabled=true"}
{"level":"debug","timestamp":"2025-08-17 20:39:56.612","caller":"log/log.go:203","message":"CFG: redis.write-timeout=3s"}
{"level":"debug","timestamp":"2025-08-17 20:39:56.612","caller":"log/log.go:203","message":"CFG: log-flush-frequency=5s"}
{"level":"debug","timestamp":"2025-08-17 20:39:56.612","caller":"log/log.go:203","message":"CFG: redis.addr=127.0.0.1:6379"}
{"level":"debug","timestamp":"2025-08-17 20:39:56.612","caller":"log/log.go:203","message":"CFG: sentry.send-default-pii=false"}
{"level":"info","timestamp":"2025-08-17 20:39:56.612","caller":"log/log.go:205","message":"Connection pool metrics collection is enabled through dependency injection"}
{"level":"info","timestamp":"2025-08-17 20:39:56.612","caller":"log/log.go:205","message":"Metrics will be automatically collected by the PoolMonitor when database connections are established"}
{"level":"info","timestamp":"2025-08-17 20:39:56.612","caller":"log/log.go:205","message":"Database pool monitoring enabled","slow_query_threshold":1000,"collect_interval":30000}
{"level":"info","timestamp":"2025-08-17 20:39:56.612","caller":"log/log.go:205","message":"Redis pool monitoring enabled","collect_interval":30000}
{"level":"info","timestamp":"2025-08-17 20:39:56.612","caller":"log/log.go:205","message":"Logger configuration","level":"debug","format":"json"}
{"level":"debug","timestamp":"2025-08-17 20:39:56.612","caller":"log/log.go:203","message":"Debug logging enabled","caller_skip":2,"enable_color":false}
{"level":"info","timestamp":"2025-08-17 20:39:56.612","caller":"log/log.go:205","message":"Validating service connections before startup..."}
{"level":"info","timestamp":"2025-08-17 20:39:56.612","caller":"log/log.go:205","message":"Testing MySQL connection..."}
{"level":"info","timestamp":"2025-08-17 20:39:56.619","caller":"log/log.go:205","message":"MySQL connection test passed"}
{"level":"info","timestamp":"2025-08-17 20:39:56.619","caller":"log/log.go:205","message":"Testing Redis connection..."}
{"level":"info","timestamp":"2025-08-17 20:39:56.622","caller":"log/log.go:205","message":"Redis connection test passed"}
{"level":"info","timestamp":"2025-08-17 20:39:56.622","caller":"log/log.go:205","message":"Testing Jaeger connection..."}
{"level":"info","timestamp":"2025-08-17 20:39:56.622","caller":"log/log.go:205","message":"Jaeger connection test passed"}
{"level":"info","timestamp":"2025-08-17 20:39:56.622","caller":"log/log.go:205","message":"All service connections validated successfully"}
{"level":"info","timestamp":"2025-08-17 20:39:56.718","caller":"log/log.go:205","message":"Start to listening the incoming requests","protocol":"kratos"}
{"level":"info","timestamp":"2025-08-17 20:39:56.719","caller":"log/global.go:75","message":"","ts":"2025-08-17T20:39:56+08:00","caller":"http/server.go:330","service.id":"costalongdeMacBook-Pro.local","service.name":"apiserver","service.version":"v0.0.0-master+$Format:%h$","msg":"[HTTP] server listening on: [::]:8080"}
{"level":"info","timestamp":"2025-08-17 20:39:56.719","caller":"log/global.go:75","message":"","ts":"2025-08-17T20:39:56+08:00","caller":"grpc/server.go:220","service.id":"costalongdeMacBook-Pro.local","service.name":"apiserver","service.version":"v0.0.0-master+$Format:%h$","msg":"[gRPC] server listening on: [::]:9090"}
{"level":"error","timestamp":"2025-08-17 20:41:13.886","caller":"log/log.go:209","message":"GetUser","err":"test code error"}
{"level":"info","timestamp":"2025-08-17 20:41:13.916","caller":"runtime/asm_arm64.s:1268","message":"","x-trace-id":"9db9ddc76d1fbdfb23e824c14d51bdd8","kind":"server","component":"http","operation":"/apiserver.v1.ApiServer/GetUser","args":"id:\"1\"","code":0,"reason":"","stack":"","latency":0.030000625}
{"level":"info","timestamp":"2025-08-17 20:41:57.597","caller":"log/log.go:205","message":"Shutting down server..."}
{"level":"info","timestamp":"2025-08-17 20:41:57.597","caller":"log/global.go:70","message":"","ts":"2025-08-17T20:41:57+08:00","caller":"http/server.go:345","service.id":"costalongdeMacBook-Pro.local","service.name":"apiserver","service.version":"v0.0.0-master+$Format:%h$","msg":"[HTTP] server stopping"}
{"level":"info","timestamp":"2025-08-17 20:41:57.597","caller":"log/log.go:205","message":"Gracefully stop kratos application"}
{"level":"info","timestamp":"2025-08-17 20:41:57.597","caller":"log/log.go:205","message":"Server exited successfully."}
{"level":"info","timestamp":"2025-08-17 20:42:45.474","caller":"log/log.go:208","message":"Starting application","name":"apiserver","version":"{\"gitVersion\":\"v0.0.0-master+$Format:%h$\",\"gitCommit\":\"$Format:%H$\",\"gitTreeState\":\"\",\"buildDate\":\"1970-01-01T00:00:00Z\",\"goVersion\":\"go1.25rc2\",\"compiler\":\"gc\",\"platform\":\"darwin/arm64\"}"}
{"level":"info","timestamp":"2025-08-17 20:42:45.474","caller":"log/log.go:208","message":"Golang settings","GOGC":"","GOMAXPROCS":"","GOTRACEBACK":""}
{"level":"debug","timestamp":"2025-08-17 20:42:45.474","caller":"log/log.go:206","message":"CFG: jwt.key=onex(#)666"}
{"level":"debug","timestamp":"2025-08-17 20:42:45.474","caller":"log/log.go:206","message":"CFG: jaeger.server=127.0.0.1:6831"}
{"level":"debug","timestamp":"2025-08-17 20:42:45.475","caller":"log/log.go:206","message":"CFG: sentry.max-breadcrumbs=100"}
{"level":"debug","timestamp":"2025-08-17 20:42:45.475","caller":"log/log.go:206","message":"CFG: pool-monitor.redis.enabled=true"}
{"level":"debug","timestamp":"2025-08-17 20:42:45.475","caller":"log/log.go:206","message":"CFG: jaeger.agent-host=127.0.0.1"}
{"level":"debug","timestamp":"2025-08-17 20:42:45.475","caller":"log/log.go:206","message":"CFG: pool-monitor.database.enabled=true"}
{"level":"debug","timestamp":"2025-08-17 20:42:45.475","caller":"log/log.go:206","message":"CFG: mysql.host=127.0.0.1"}
{"level":"debug","timestamp":"2025-08-17 20:42:45.475","caller":"log/log.go:206","message":"CFG: redis.pool-timeout=4s"}
{"level":"debug","timestamp":"2025-08-17 20:42:45.475","caller":"log/log.go:206","message":"CFG: sentry.sample-rate=1"}
{"level":"debug","timestamp":"2025-08-17 20:42:45.475","caller":"log/log.go:206","message":"CFG: log.format=json"}
{"level":"debug","timestamp":"2025-08-17 20:42:45.475","caller":"log/log.go:206","message":"CFG: jaeger.sampler-type=const"}
{"level":"debug","timestamp":"2025-08-17 20:42:45.475","caller":"log/log.go:206","message":"CFG: pool-monitor.collect-interval=30s"}
{"level":"debug","timestamp":"2025-08-17 20:42:45.475","caller":"log/log.go:206","message":"CFG: redis.min-idle-conns=0"}
{"level":"debug","timestamp":"2025-08-17 20:42:45.475","caller":"log/log.go:206","message":"CFG: grpc.network=tcp"}
{"level":"debug","timestamp":"2025-08-17 20:42:45.475","caller":"log/log.go:206","message":"CFG: jaeger.env=development"}
{"level":"debug","timestamp":"2025-08-17 20:42:45.475","caller":"log/log.go:206","message":"CFG: log-flush-frequency=5s"}
{"level":"debug","timestamp":"2025-08-17 20:42:45.475","caller":"log/log.go:206","message":"CFG: sentry.send-default-pii=false"}
{"level":"debug","timestamp":"2025-08-17 20:42:45.475","caller":"log/log.go:206","message":"CFG: pool-monitor.database.slow-query=1s"}
{"level":"debug","timestamp":"2025-08-17 20:42:45.475","caller":"log/log.go:206","message":"CFG: vmodule="}
{"level":"debug","timestamp":"2025-08-17 20:42:45.475","caller":"log/log.go:206","message":"CFG: sentry.traces-sample-rate=0.1"}
{"level":"debug","timestamp":"2025-08-17 20:42:45.475","caller":"log/log.go:206","message":"CFG: v=0"}
{"level":"debug","timestamp":"2025-08-17 20:42:45.475","caller":"log/log.go:206","message":"CFG: sentry.flush-timeout=5s"}
{"level":"debug","timestamp":"2025-08-17 20:42:45.475","caller":"log/log.go:206","message":"CFG: sentry.enable-tracing=true"}
{"level":"debug","timestamp":"2025-08-17 20:42:45.475","caller":"log/log.go:206","message":"CFG: grpc.timeout=10s"}
{"level":"debug","timestamp":"2025-08-17 20:42:45.475","caller":"log/log.go:206","message":"CFG: sentry.enable-profiling=false"}
{"level":"debug","timestamp":"2025-08-17 20:42:45.475","caller":"log/log.go:206","message":"CFG: jaeger.enabled=true"}
{"level":"debug","timestamp":"2025-08-17 20:42:45.475","caller":"log/log.go:206","message":"CFG: sentry.profiles-sample-rate=0.1"}
{"level":"debug","timestamp":"2025-08-17 20:42:45.475","caller":"log/log.go:206","message":"CFG: log.victoria-logs.buffer-size=1000"}
{"level":"debug","timestamp":"2025-08-17 20:42:45.475","caller":"log/log.go:206","message":"CFG: sentry.dsn="}
{"level":"debug","timestamp":"2025-08-17 20:42:45.475","caller":"log/log.go:206","message":"CFG: mysql.password=proj(#)666"}
{"level":"debug","timestamp":"2025-08-17 20:42:45.475","caller":"log/log.go:206","message":"CFG: mysql.username=root"}
{"level":"debug","timestamp":"2025-08-17 20:42:45.475","caller":"log/log.go:206","message":"CFG: pool-monitor.namespace=apiserver"}
{"level":"debug","timestamp":"2025-08-17 20:42:45.475","caller":"log/log.go:206","message":"CFG: redis.password="}
{"level":"debug","timestamp":"2025-08-17 20:42:45.475","caller":"log/log.go:206","message":"CFG: sentry.attach-stacktrace=true"}
{"level":"debug","timestamp":"2025-08-17 20:42:45.475","caller":"log/log.go:206","message":"CFG: mysql.database=protoc"}
{"level":"debug","timestamp":"2025-08-17 20:42:45.475","caller":"log/log.go:206","message":"CFG: jwt.expired=2h"}
{"level":"debug","timestamp":"2025-08-17 20:42:45.475","caller":"log/log.go:206","message":"CFG: log.victoria-logs.timezone=UTC"}
{"level":"debug","timestamp":"2025-08-17 20:42:45.475","caller":"log/log.go:206","message":"CFG: redis.pool-size=10"}
{"level":"debug","timestamp":"2025-08-17 20:42:45.475","caller":"log/log.go:206","message":"CFG: redis.max-retries=3"}
{"level":"debug","timestamp":"2025-08-17 20:42:45.475","caller":"log/log.go:206","message":"CFG: sentry.debug=false"}
{"level":"debug","timestamp":"2025-08-17 20:42:45.475","caller":"log/log.go:206","message":"CFG: log.victoria-logs.endpoint=http://127.0.0.1:9428"}
{"level":"debug","timestamp":"2025-08-17 20:42:45.475","caller":"log/log.go:206","message":"CFG: log.level=debug"}
{"level":"debug","timestamp":"2025-08-17 20:42:45.475","caller":"log/log.go:206","message":"CFG: version=false"}
{"level":"debug","timestamp":"2025-08-17 20:42:45.475","caller":"log/log.go:206","message":"CFG: mysql.log-level=1"}
{"level":"debug","timestamp":"2025-08-17 20:42:45.475","caller":"log/log.go:206","message":"CFG: mysql.enable-trace=true"}
{"level":"debug","timestamp":"2025-08-17 20:42:45.475","caller":"log/log.go:206","message":"CFG: sentry.enabled=false"}
{"level":"debug","timestamp":"2025-08-17 20:42:45.475","caller":"log/log.go:206","message":"CFG: pool-monitor.enabled=true"}
{"level":"debug","timestamp":"2025-08-17 20:42:45.475","caller":"log/log.go:206","message":"CFG: redis.read-timeout=3s"}
{"level":"debug","timestamp":"2025-08-17 20:42:45.475","caller":"log/log.go:206","message":"CFG: mysql.max-open-connections=100"}
{"level":"info","timestamp":"2025-08-17 20:43:03.454","caller":"log/log.go:208","message":"Starting application","name":"apiserver","version":"{\"gitVersion\":\"v0.0.0-master+$Format:%h$\",\"gitCommit\":\"$Format:%H$\",\"gitTreeState\":\"\",\"buildDate\":\"1970-01-01T00:00:00Z\",\"goVersion\":\"go1.25rc2\",\"compiler\":\"gc\",\"platform\":\"darwin/arm64\"}"}
{"level":"info","timestamp":"2025-08-17 20:43:03.454","caller":"log/log.go:208","message":"Golang settings","GOGC":"","GOMAXPROCS":"","GOTRACEBACK":""}
{"level":"debug","timestamp":"2025-08-17 20:43:03.454","caller":"log/log.go:206","message":"CFG: pool-monitor.redis.enabled=true"}
{"level":"debug","timestamp":"2025-08-17 20:43:03.454","caller":"log/log.go:206","message":"CFG: jwt.signing-method=HS512"}
{"level":"debug","timestamp":"2025-08-17 20:43:03.454","caller":"log/log.go:206","message":"CFG: feature-gates="}
{"level":"debug","timestamp":"2025-08-17 20:43:03.454","caller":"log/log.go:206","message":"CFG: help=false"}
{"level":"debug","timestamp":"2025-08-17 20:43:03.454","caller":"log/log.go:206","message":"CFG: log.victoria-logs.batch-size=100"}
{"level":"debug","timestamp":"2025-08-17 20:43:03.454","caller":"log/log.go:206","message":"CFG: mysql.username=root"}
{"level":"debug","timestamp":"2025-08-17 20:43:03.454","caller":"log/log.go:206","message":"CFG: log.output-paths=[stdout logs/app.log]"}
{"level":"debug","timestamp":"2025-08-17 20:43:03.454","caller":"log/log.go:206","message":"CFG: http.addr=0.0.0.0:8080"}
{"level":"debug","timestamp":"2025-08-17 20:43:03.454","caller":"log/log.go:206","message":"CFG: redis.read-timeout=3s"}
{"level":"debug","timestamp":"2025-08-17 20:43:03.454","caller":"log/log.go:206","message":"CFG: jwt.expired=2h"}
{"level":"debug","timestamp":"2025-08-17 20:43:03.454","caller":"log/log.go:206","message":"CFG: jaeger.agent-host=127.0.0.1"}
{"level":"debug","timestamp":"2025-08-17 20:43:03.454","caller":"log/log.go:206","message":"CFG: mysql.max-open-connections=100"}
{"level":"debug","timestamp":"2025-08-17 20:43:03.454","caller":"log/log.go:206","message":"CFG: redis.addr=127.0.0.1:6379"}
{"level":"debug","timestamp":"2025-08-17 20:43:03.454","caller":"log/log.go:206","message":"CFG: log.victoria-logs.version=v2.0.0"}
{"level":"debug","timestamp":"2025-08-17 20:43:03.454","caller":"log/log.go:206","message":"CFG: config=configs/apiserver.yaml"}
{"level":"debug","timestamp":"2025-08-17 20:43:03.454","caller":"log/log.go:206","message":"CFG: jaeger.reporter-log-spans=true"}
{"level":"debug","timestamp":"2025-08-17 20:43:03.454","caller":"log/log.go:206","message":"CFG: mysql.database=protoc"}
{"level":"debug","timestamp":"2025-08-17 20:43:03.454","caller":"log/log.go:206","message":"CFG: sentry.sample-rate=1"}
{"level":"debug","timestamp":"2025-08-17 20:43:03.454","caller":"log/log.go:206","message":"CFG: v=0"}
{"level":"debug","timestamp":"2025-08-17 20:43:03.454","caller":"log/log.go:206","message":"CFG: redis.pool-size=10"}
{"level":"debug","timestamp":"2025-08-17 20:43:03.454","caller":"log/log.go:206","message":"CFG: log.victoria-logs.timeout=10"}
{"level":"debug","timestamp":"2025-08-17 20:43:03.454","caller":"log/log.go:206","message":"CFG: jaeger.sampler-type=const"}
{"level":"debug","timestamp":"2025-08-17 20:43:03.454","caller":"log/log.go:206","message":"CFG: redis.database=0"}
{"level":"debug","timestamp":"2025-08-17 20:43:03.454","caller":"log/log.go:206","message":"CFG: mysql.max-connection-life-time=10s"}
{"level":"debug","timestamp":"2025-08-17 20:43:03.454","caller":"log/log.go:206","message":"CFG: redis.password="}
{"level":"debug","timestamp":"2025-08-17 20:43:03.454","caller":"log/log.go:206","message":"CFG: log.victoria-logs.enabled=true"}
{"level":"debug","timestamp":"2025-08-17 20:43:03.454","caller":"log/log.go:206","message":"CFG: sentry.flush-timeout=5s"}
{"level":"debug","timestamp":"2025-08-17 20:43:03.454","caller":"log/log.go:206","message":"CFG: sentry.debug=false"}
{"level":"debug","timestamp":"2025-08-17 20:43:03.454","caller":"log/log.go:206","message":"CFG: jaeger.agent-port=6831"}
{"level":"debug","timestamp":"2025-08-17 20:43:03.454","caller":"log/log.go:206","message":"CFG: log.victoria-logs.service=apiserver"}
{"level":"debug","timestamp":"2025-08-17 20:43:03.454","caller":"log/log.go:206","message":"CFG: log.victoria-logs.endpoint=http://127.0.0.1:9428"}
{"level":"debug","timestamp":"2025-08-17 20:43:03.454","caller":"log/log.go:206","message":"CFG: grpc.addr=0.0.0.0:9090"}
{"level":"debug","timestamp":"2025-08-17 20:43:03.454","caller":"log/log.go:206","message":"CFG: sentry.traces-sample-rate=0.1"}
{"level":"debug","timestamp":"2025-08-17 20:43:03.454","caller":"log/log.go:206","message":"CFG: pool-monitor.namespace=apiserver"}
{"level":"debug","timestamp":"2025-08-17 20:43:03.454","caller":"log/log.go:206","message":"CFG: mysql.enable-trace=true"}
{"level":"debug","timestamp":"2025-08-17 20:43:03.454","caller":"log/log.go:206","message":"CFG: redis.enable-trace=true"}
{"level":"debug","timestamp":"2025-08-17 20:43:03.454","caller":"log/log.go:206","message":"CFG: http.network=tcp"}
{"level":"debug","timestamp":"2025-08-17 20:43:03.454","caller":"log/log.go:206","message":"CFG: log.enable-color=false"}
{"level":"debug","timestamp":"2025-08-17 20:43:03.454","caller":"log/log.go:206","message":"CFG: sentry.server-name="}
{"level":"debug","timestamp":"2025-08-17 20:43:03.454","caller":"log/log.go:206","message":"CFG: log.victoria-logs.buffer-size=1000"}
{"level":"debug","timestamp":"2025-08-17 20:43:03.455","caller":"log/log.go:206","message":"CFG: sentry.max-breadcrumbs=100"}
{"level":"debug","timestamp":"2025-08-17 20:43:03.455","caller":"log/log.go:206","message":"CFG: grpc.timeout=10s"}
{"level":"debug","timestamp":"2025-08-17 20:43:03.455","caller":"log/log.go:206","message":"CFG: sentry.ignore-errors=[]"}
{"level":"debug","timestamp":"2025-08-17 20:43:03.455","caller":"log/log.go:206","message":"CFG: log.disable-caller=false"}
{"level":"debug","timestamp":"2025-08-17 20:43:03.455","caller":"log/log.go:206","message":"CFG: log.format=json"}
{"level":"debug","timestamp":"2025-08-17 20:43:03.455","caller":"log/log.go:206","message":"CFG: redis.pool-timeout=4s"}
{"level":"debug","timestamp":"2025-08-17 20:43:03.455","caller":"log/log.go:206","message":"CFG: mysql.log-level=1"}
{"level":"debug","timestamp":"2025-08-17 20:43:03.455","caller":"log/log.go:206","message":"CFG: jaeger.sampler-param=1"}
{"level":"debug","timestamp":"2025-08-17 20:43:03.455","caller":"log/log.go:206","message":"CFG: pool-monitor.database.enabled=true"}
{"level":"debug","timestamp":"2025-08-17 20:43:03.455","caller":"log/log.go:206","message":"CFG: redis.username="}
{"level":"debug","timestamp":"2025-08-17 20:43:03.455","caller":"log/log.go:206","message":"CFG: jwt.max-refresh=2h"}
{"level":"debug","timestamp":"2025-08-17 20:43:03.455","caller":"log/log.go:206","message":"CFG: sentry.attach-stacktrace=true"}
{"level":"debug","timestamp":"2025-08-17 20:43:03.455","caller":"log/log.go:206","message":"CFG: mysql.max-idle-connections=100"}
{"level":"debug","timestamp":"2025-08-17 20:43:03.455","caller":"log/log.go:206","message":"CFG: jaeger.env=development"}
{"level":"debug","timestamp":"2025-08-17 20:43:03.455","caller":"log/log.go:206","message":"CFG: sentry.environment=development"}
{"level":"debug","timestamp":"2025-08-17 20:43:03.455","caller":"log/log.go:206","message":"CFG: log.victoria-logs.environment=development"}
{"level":"debug","timestamp":"2025-08-17 20:43:03.455","caller":"log/log.go:206","message":"CFG: vmodule="}
{"level":"debug","timestamp":"2025-08-17 20:43:03.455","caller":"log/log.go:206","message":"CFG: sentry.dsn="}
{"level":"debug","timestamp":"2025-08-17 20:43:03.455","caller":"log/log.go:206","message":"CFG: version=false"}
{"level":"debug","timestamp":"2025-08-17 20:43:03.455","caller":"log/log.go:206","message":"CFG: log-flush-frequency=5s"}
{"level":"debug","timestamp":"2025-08-17 20:43:03.455","caller":"log/log.go:206","message":"CFG: jaeger.server=127.0.0.1:6831"}
{"level":"debug","timestamp":"2025-08-17 20:43:03.455","caller":"log/log.go:206","message":"CFG: log.disable-stacktrace=false"}
{"level":"debug","timestamp":"2025-08-17 20:43:03.455","caller":"log/log.go:206","message":"CFG: jwt.key=onex(#)666"}
{"level":"debug","timestamp":"2025-08-17 20:43:03.455","caller":"log/log.go:206","message":"CFG: jaeger.service-name=apiserver"}
{"level":"debug","timestamp":"2025-08-17 20:43:03.455","caller":"log/log.go:206","message":"CFG: sentry.enabled=false"}
{"level":"debug","timestamp":"2025-08-17 20:43:03.455","caller":"log/log.go:206","message":"CFG: log.victoria-logs.flush-interval=5"}
{"level":"debug","timestamp":"2025-08-17 20:43:03.455","caller":"log/log.go:206","message":"CFG: redis.dial-timeout=5s"}
{"level":"debug","timestamp":"2025-08-17 20:43:03.455","caller":"log/log.go:206","message":"CFG: mysql.host=127.0.0.1"}
{"level":"debug","timestamp":"2025-08-17 20:43:03.455","caller":"log/log.go:206","message":"CFG: pool-monitor.database.slow-query=1s"}
{"level":"debug","timestamp":"2025-08-17 20:43:03.455","caller":"log/log.go:206","message":"CFG: pool-monitor.enabled=true"}
{"level":"debug","timestamp":"2025-08-17 20:43:03.455","caller":"log/log.go:206","message":"CFG: sentry.enable-profiling=false"}
{"level":"debug","timestamp":"2025-08-17 20:43:03.455","caller":"log/log.go:206","message":"CFG: sentry.release="}
{"level":"debug","timestamp":"2025-08-17 20:43:03.455","caller":"log/log.go:206","message":"CFG: jaeger.enabled=true"}
{"level":"debug","timestamp":"2025-08-17 20:43:03.455","caller":"log/log.go:206","message":"CFG: sentry.send-default-pii=false"}
{"level":"debug","timestamp":"2025-08-17 20:43:03.455","caller":"log/log.go:206","message":"CFG: log.victoria-logs.timezone=UTC"}
{"level":"debug","timestamp":"2025-08-17 20:43:03.455","caller":"log/log.go:206","message":"CFG: redis.write-timeout=3s"}
{"level":"debug","timestamp":"2025-08-17 20:43:03.455","caller":"log/log.go:206","message":"CFG: redis.max-retries=3"}
{"level":"debug","timestamp":"2025-08-17 20:43:03.455","caller":"log/log.go:206","message":"CFG: pool-monitor.collect-interval=30s"}
{"level":"debug","timestamp":"2025-08-17 20:43:03.455","caller":"log/log.go:206","message":"CFG: mysql.password=proj(#)666"}
{"level":"debug","timestamp":"2025-08-17 20:43:03.455","caller":"log/log.go:206","message":"CFG: grpc.network=tcp"}
{"level":"debug","timestamp":"2025-08-17 20:43:03.455","caller":"log/log.go:206","message":"CFG: mysql.log-mode=1"}
{"level":"debug","timestamp":"2025-08-17 20:43:03.455","caller":"log/log.go:206","message":"CFG: redis.min-idle-conns=0"}
{"level":"debug","timestamp":"2025-08-17 20:43:03.455","caller":"log/log.go:206","message":"CFG: sentry.profiles-sample-rate=0.1"}
{"level":"debug","timestamp":"2025-08-17 20:43:03.455","caller":"log/log.go:206","message":"CFG: sentry.enable-tracing=true"}
{"level":"debug","timestamp":"2025-08-17 20:43:03.455","caller":"log/log.go:206","message":"CFG: log.level=debug"}
{"level":"debug","timestamp":"2025-08-17 20:43:03.455","caller":"log/log.go:206","message":"CFG: http.timeout=10s"}
{"level":"info","timestamp":"2025-08-17 20:43:03.455","caller":"log/log.go:208","message":"Connection pool metrics collection is enabled through dependency injection"}
{"level":"info","timestamp":"2025-08-17 20:43:03.455","caller":"log/log.go:208","message":"Metrics will be automatically collected by the PoolMonitor when database connections are established"}
{"level":"info","timestamp":"2025-08-17 20:43:03.455","caller":"log/log.go:208","message":"Database pool monitoring enabled","slow_query_threshold":1000,"collect_interval":30000}
{"level":"info","timestamp":"2025-08-17 20:43:03.455","caller":"log/log.go:208","message":"Redis pool monitoring enabled","collect_interval":30000}
{"level":"info","timestamp":"2025-08-17 20:43:03.455","caller":"log/log.go:208","message":"Logger configuration","level":"debug","format":"json"}
{"level":"debug","timestamp":"2025-08-17 20:43:03.455","caller":"log/log.go:206","message":"Debug logging enabled","caller_skip":2,"enable_color":false}
{"level":"info","timestamp":"2025-08-17 20:43:03.455","caller":"log/log.go:208","message":"Validating service connections before startup..."}
{"level":"info","timestamp":"2025-08-17 20:43:03.455","caller":"log/log.go:208","message":"Testing MySQL connection..."}
{"level":"info","timestamp":"2025-08-17 20:43:03.461","caller":"log/log.go:208","message":"MySQL connection test passed"}
{"level":"info","timestamp":"2025-08-17 20:43:03.461","caller":"log/log.go:208","message":"Testing Redis connection..."}
{"level":"info","timestamp":"2025-08-17 20:43:03.468","caller":"log/log.go:208","message":"Redis connection test passed"}
{"level":"info","timestamp":"2025-08-17 20:43:03.468","caller":"log/log.go:208","message":"Testing Jaeger connection..."}
{"level":"info","timestamp":"2025-08-17 20:43:03.468","caller":"log/log.go:208","message":"Jaeger connection test passed"}
{"level":"info","timestamp":"2025-08-17 20:43:03.468","caller":"log/log.go:208","message":"All service connections validated successfully"}
{"level":"info","timestamp":"2025-08-17 20:43:03.568","caller":"log/log.go:208","message":"Start to listening the incoming requests","protocol":"kratos"}
{"level":"info","timestamp":"2025-08-17 20:43:03.570","caller":"log/global.go:75","message":"","ts":"2025-08-17T20:43:03+08:00","caller":"http/server.go:330","service.id":"costalongdeMacBook-Pro.local","service.name":"apiserver","service.version":"v0.0.0-master+$Format:%h$","msg":"[HTTP] server listening on: [::]:8080"}
{"level":"info","timestamp":"2025-08-17 20:43:03.570","caller":"log/global.go:75","message":"","ts":"2025-08-17T20:43:03+08:00","caller":"grpc/server.go:220","service.id":"costalongdeMacBook-Pro.local","service.name":"apiserver","service.version":"v0.0.0-master+$Format:%h$","msg":"[gRPC] server listening on: [::]:9090"}
{"level":"info","timestamp":"2025-08-17 20:45:46.815","message":"Starting application","name":"apiserver","version":"{\"gitVersion\":\"v0.0.0-master+$Format:%h$\",\"gitCommit\":\"$Format:%H$\",\"gitTreeState\":\"\",\"buildDate\":\"1970-01-01T00:00:00Z\",\"goVersion\":\"go1.25rc2\",\"compiler\":\"gc\",\"platform\":\"darwin/arm64\"}"}
{"level":"info","timestamp":"2025-08-17 20:45:46.815","message":"Golang settings","GOGC":"","GOMAXPROCS":"","GOTRACEBACK":""}
{"level":"debug","timestamp":"2025-08-17 20:45:46.815","message":"CFG: pool-monitor.database.slow-query=1s"}
{"level":"debug","timestamp":"2025-08-17 20:45:46.815","message":"CFG: sentry.profiles-sample-rate=0.1"}
{"level":"debug","timestamp":"2025-08-17 20:45:46.815","message":"CFG: grpc.network=tcp"}
{"level":"debug","timestamp":"2025-08-17 20:45:46.815","message":"CFG: sentry.release="}
{"level":"debug","timestamp":"2025-08-17 20:45:46.815","message":"CFG: mysql.database=protoc"}
{"level":"debug","timestamp":"2025-08-17 20:45:46.815","message":"CFG: pool-monitor.collect-interval=30s"}
{"level":"debug","timestamp":"2025-08-17 20:45:46.815","message":"CFG: feature-gates="}
{"level":"debug","timestamp":"2025-08-17 20:45:46.815","message":"CFG: redis.read-timeout=3s"}
{"level":"debug","timestamp":"2025-08-17 20:45:46.815","message":"CFG: sentry.enable-profiling=false"}
{"level":"debug","timestamp":"2025-08-17 20:45:46.815","message":"CFG: redis.username="}
{"level":"debug","timestamp":"2025-08-17 20:45:46.815","message":"CFG: log.victoria-logs.batch-size=100"}
{"level":"debug","timestamp":"2025-08-17 20:45:46.815","message":"CFG: log.victoria-logs.version=v2.0.0"}
{"level":"debug","timestamp":"2025-08-17 20:45:46.815","message":"CFG: redis.password="}
{"level":"debug","timestamp":"2025-08-17 20:45:46.815","message":"CFG: jaeger.sampler-type=const"}
{"level":"debug","timestamp":"2025-08-17 20:45:46.815","message":"CFG: sentry.server-name="}
{"level":"debug","timestamp":"2025-08-17 20:45:46.815","message":"CFG: sentry.max-breadcrumbs=100"}
{"level":"debug","timestamp":"2025-08-17 20:45:46.815","message":"CFG: sentry.enable-tracing=true"}
{"level":"debug","timestamp":"2025-08-17 20:45:46.815","message":"CFG: redis.max-retries=3"}
{"level":"debug","timestamp":"2025-08-17 20:45:46.815","message":"CFG: pool-monitor.redis.enabled=true"}
{"level":"debug","timestamp":"2025-08-17 20:45:46.815","message":"CFG: version=false"}
{"level":"debug","timestamp":"2025-08-17 20:45:46.815","message":"CFG: log.enable-color=false"}
{"level":"info","timestamp":"2025-08-17 20:46:41.827","message":"Starting application","name":"apiserver","version":"{\"gitVersion\":\"v0.0.0-master+$Format:%h$\",\"gitCommit\":\"$Format:%H$\",\"gitTreeState\":\"\",\"buildDate\":\"1970-01-01T00:00:00Z\",\"goVersion\":\"go1.25rc2\",\"compiler\":\"gc\",\"platform\":\"darwin/arm64\"}"}
{"level":"info","timestamp":"2025-08-17 20:46:41.827","message":"Golang settings","GOGC":"","GOMAXPROCS":"","GOTRACEBACK":""}
{"level":"debug","timestamp":"2025-08-17 20:46:41.827","message":"CFG: sentry.dsn="}
{"level":"debug","timestamp":"2025-08-17 20:46:41.827","message":"CFG: log.victoria-logs.batch-size=100"}
{"level":"debug","timestamp":"2025-08-17 20:46:41.827","message":"CFG: redis.pool-size=10"}
{"level":"debug","timestamp":"2025-08-17 20:46:41.827","message":"CFG: log.victoria-logs.service=apiserver"}
{"level":"debug","timestamp":"2025-08-17 20:46:41.827","message":"CFG: pool-monitor.database.enabled=true"}
{"level":"debug","timestamp":"2025-08-17 20:46:41.827","message":"CFG: http.addr=0.0.0.0:8080"}
{"level":"debug","timestamp":"2025-08-17 20:46:41.827","message":"CFG: jwt.max-refresh=2h"}
{"level":"debug","timestamp":"2025-08-17 20:46:41.827","message":"CFG: pool-monitor.redis.enabled=true"}
{"level":"debug","timestamp":"2025-08-17 20:46:41.827","message":"CFG: sentry.profiles-sample-rate=0.1"}
{"level":"debug","timestamp":"2025-08-17 20:46:41.827","message":"CFG: sentry.ignore-errors=[]"}
{"level":"debug","timestamp":"2025-08-17 20:46:41.827","message":"CFG: log.format=json"}
{"level":"debug","timestamp":"2025-08-17 20:46:41.827","message":"CFG: mysql.database=protoc"}
{"level":"debug","timestamp":"2025-08-17 20:46:41.827","message":"CFG: redis.read-timeout=3s"}
{"level":"debug","timestamp":"2025-08-17 20:46:41.827","message":"CFG: log.victoria-logs.timezone=UTC"}
{"level":"debug","timestamp":"2025-08-17 20:46:41.827","message":"CFG: sentry.debug=false"}
{"level":"debug","timestamp":"2025-08-17 20:46:41.827","message":"CFG: redis.username="}
{"level":"debug","timestamp":"2025-08-17 20:46:41.827","message":"CFG: sentry.sample-rate=1"}
{"level":"debug","timestamp":"2025-08-17 20:46:41.827","message":"CFG: http.timeout=10s"}
{"level":"debug","timestamp":"2025-08-17 20:46:41.827","message":"CFG: jaeger.agent-host=127.0.0.1"}
{"level":"debug","timestamp":"2025-08-17 20:46:41.828","message":"CFG: jaeger.agent-port=6831"}
{"level":"debug","timestamp":"2025-08-17 20:46:41.828","message":"CFG: sentry.traces-sample-rate=0.1"}
{"level":"debug","timestamp":"2025-08-17 20:46:41.828","message":"CFG: log.victoria-logs.enabled=true"}
{"level":"debug","timestamp":"2025-08-17 20:46:41.828","message":"CFG: mysql.max-connection-life-time=10s"}
{"level":"debug","timestamp":"2025-08-17 20:46:41.828","message":"CFG: log.victoria-logs.timeout=10"}
{"level":"debug","timestamp":"2025-08-17 20:46:41.828","message":"CFG: mysql.password=proj(#)666"}
{"level":"debug","timestamp":"2025-08-17 20:46:41.828","message":"CFG: mysql.enable-trace=true"}
{"level":"debug","timestamp":"2025-08-17 20:46:41.828","message":"CFG: redis.enable-trace=true"}
{"level":"debug","timestamp":"2025-08-17 20:46:41.828","message":"CFG: redis.max-retries=3"}
{"level":"debug","timestamp":"2025-08-17 20:46:41.828","message":"CFG: v=0"}
{"level":"debug","timestamp":"2025-08-17 20:46:41.828","message":"CFG: jaeger.sampler-type=const"}
{"level":"debug","timestamp":"2025-08-17 20:46:41.828","message":"CFG: sentry.enable-tracing=true"}
{"level":"debug","timestamp":"2025-08-17 20:46:41.828","message":"CFG: mysql.username=root"}
{"level":"debug","timestamp":"2025-08-17 20:46:41.828","message":"CFG: jaeger.service-name=apiserver"}
{"level":"debug","timestamp":"2025-08-17 20:46:41.828","message":"CFG: jaeger.server=127.0.0.1:6831"}
{"level":"debug","timestamp":"2025-08-17 20:46:41.828","message":"CFG: sentry.release="}
{"level":"debug","timestamp":"2025-08-17 20:46:41.828","message":"CFG: redis.addr=127.0.0.1:6379"}
{"level":"debug","timestamp":"2025-08-17 20:46:41.828","message":"CFG: sentry.environment=development"}
{"level":"debug","timestamp":"2025-08-17 20:46:41.828","message":"CFG: log.victoria-logs.flush-interval=5"}
{"level":"debug","timestamp":"2025-08-17 20:46:41.828","message":"CFG: config=configs/apiserver.yaml"}
{"level":"debug","timestamp":"2025-08-17 20:46:41.828","message":"CFG: jaeger.reporter-log-spans=true"}
{"level":"debug","timestamp":"2025-08-17 20:46:41.828","message":"CFG: mysql.log-level=1"}
{"level":"debug","timestamp":"2025-08-17 20:46:41.828","message":"CFG: pool-monitor.namespace=apiserver"}
{"level":"debug","timestamp":"2025-08-17 20:46:41.828","message":"CFG: version=false"}
{"level":"debug","timestamp":"2025-08-17 20:46:41.828","message":"CFG: jwt.expired=2h"}
{"level":"debug","timestamp":"2025-08-17 20:46:41.828","message":"CFG: jaeger.env=development"}
{"level":"debug","timestamp":"2025-08-17 20:46:41.828","message":"CFG: log.victoria-logs.version=v2.0.0"}
{"level":"debug","timestamp":"2025-08-17 20:46:41.828","message":"CFG: redis.write-timeout=3s"}
{"level":"debug","timestamp":"2025-08-17 20:46:41.828","message":"CFG: mysql.log-mode=1"}
{"level":"debug","timestamp":"2025-08-17 20:46:41.828","message":"CFG: log.victoria-logs.buffer-size=1000"}
{"level":"debug","timestamp":"2025-08-17 20:46:41.828","message":"CFG: jwt.signing-method=HS512"}
{"level":"debug","timestamp":"2025-08-17 20:46:41.828","message":"CFG: http.network=tcp"}
{"level":"debug","timestamp":"2025-08-17 20:46:41.828","message":"CFG: redis.dial-timeout=5s"}
{"level":"debug","timestamp":"2025-08-17 20:46:41.828","message":"CFG: jaeger.enabled=true"}
{"level":"debug","timestamp":"2025-08-17 20:46:41.828","message":"CFG: pool-monitor.collect-interval=30s"}
{"level":"debug","timestamp":"2025-08-17 20:46:41.828","message":"CFG: mysql.max-idle-connections=100"}
{"level":"debug","timestamp":"2025-08-17 20:46:41.828","message":"CFG: log.level=debug"}
{"level":"debug","timestamp":"2025-08-17 20:46:41.828","message":"CFG: mysql.host=127.0.0.1"}
{"level":"debug","timestamp":"2025-08-17 20:46:41.828","message":"CFG: sentry.max-breadcrumbs=100"}
{"level":"debug","timestamp":"2025-08-17 20:46:41.828","message":"CFG: grpc.timeout=10s"}
{"level":"debug","timestamp":"2025-08-17 20:46:41.828","message":"CFG: log.disable-stacktrace=false"}
{"level":"debug","timestamp":"2025-08-17 20:46:41.828","message":"CFG: sentry.enable-profiling=false"}
{"level":"debug","timestamp":"2025-08-17 20:46:41.828","message":"CFG: sentry.enabled=false"}
{"level":"debug","timestamp":"2025-08-17 20:46:41.828","message":"CFG: redis.password="}
{"level":"debug","timestamp":"2025-08-17 20:46:41.828","message":"CFG: vmodule="}
{"level":"debug","timestamp":"2025-08-17 20:46:41.828","message":"CFG: jaeger.sampler-param=1"}
{"level":"debug","timestamp":"2025-08-17 20:46:41.828","message":"CFG: grpc.network=tcp"}
{"level":"debug","timestamp":"2025-08-17 20:46:41.828","message":"CFG: help=false"}
{"level":"debug","timestamp":"2025-08-17 20:46:41.828","message":"CFG: feature-gates="}
{"level":"debug","timestamp":"2025-08-17 20:46:41.828","message":"CFG: sentry.send-default-pii=false"}
{"level":"debug","timestamp":"2025-08-17 20:46:41.828","message":"CFG: log-flush-frequency=5s"}
{"level":"debug","timestamp":"2025-08-17 20:46:41.828","message":"CFG: pool-monitor.enabled=true"}
{"level":"debug","timestamp":"2025-08-17 20:46:41.828","message":"CFG: pool-monitor.database.slow-query=1s"}
{"level":"debug","timestamp":"2025-08-17 20:46:41.828","message":"CFG: redis.min-idle-conns=0"}
{"level":"debug","timestamp":"2025-08-17 20:46:41.828","message":"CFG: log.enable-color=false"}
{"level":"debug","timestamp":"2025-08-17 20:46:41.828","message":"CFG: grpc.addr=0.0.0.0:9090"}
{"level":"debug","timestamp":"2025-08-17 20:46:41.828","message":"CFG: mysql.max-open-connections=100"}
{"level":"debug","timestamp":"2025-08-17 20:46:41.828","message":"CFG: jwt.key=onex(#)666"}
{"level":"debug","timestamp":"2025-08-17 20:46:41.828","message":"CFG: log.victoria-logs.endpoint=http://127.0.0.1:9428"}
{"level":"debug","timestamp":"2025-08-17 20:46:41.828","message":"CFG: redis.database=0"}
{"level":"debug","timestamp":"2025-08-17 20:46:41.828","message":"CFG: sentry.server-name="}
{"level":"debug","timestamp":"2025-08-17 20:46:41.828","message":"CFG: sentry.flush-timeout=5s"}
{"level":"debug","timestamp":"2025-08-17 20:46:41.828","message":"CFG: redis.pool-timeout=4s"}
{"level":"debug","timestamp":"2025-08-17 20:46:41.828","message":"CFG: sentry.attach-stacktrace=true"}
{"level":"debug","timestamp":"2025-08-17 20:46:41.828","message":"CFG: log.victoria-logs.environment=development"}
{"level":"debug","timestamp":"2025-08-17 20:46:41.828","message":"CFG: log.disable-caller=false"}
{"level":"debug","timestamp":"2025-08-17 20:46:41.829","message":"CFG: log.output-paths=[stdout logs/app.log]"}
{"level":"info","timestamp":"2025-08-17 20:46:41.829","message":"Connection pool metrics collection is enabled through dependency injection"}
{"level":"info","timestamp":"2025-08-17 20:46:41.829","message":"Metrics will be automatically collected by the PoolMonitor when database connections are established"}
{"level":"info","timestamp":"2025-08-17 20:46:41.829","message":"Database pool monitoring enabled","slow_query_threshold":1000,"collect_interval":30000}
{"level":"info","timestamp":"2025-08-17 20:46:41.829","message":"Redis pool monitoring enabled","collect_interval":30000}
{"level":"info","timestamp":"2025-08-17 20:46:41.829","message":"Logger configuration","level":"debug","format":"json"}
{"level":"debug","timestamp":"2025-08-17 20:46:41.829","message":"Debug logging enabled","caller_skip":2,"enable_color":false}
{"level":"info","timestamp":"2025-08-17 20:46:41.829","message":"Validating service connections before startup..."}
{"level":"info","timestamp":"2025-08-17 20:46:41.829","message":"Testing MySQL connection..."}
{"level":"info","timestamp":"2025-08-17 20:46:41.844","message":"MySQL connection test passed"}
{"level":"info","timestamp":"2025-08-17 20:46:41.844","message":"Testing Redis connection..."}
{"level":"info","timestamp":"2025-08-17 20:46:41.849","message":"Redis connection test passed"}
{"level":"info","timestamp":"2025-08-17 20:46:41.849","message":"Testing Jaeger connection..."}
{"level":"info","timestamp":"2025-08-17 20:46:41.849","message":"Jaeger connection test passed"}
{"level":"info","timestamp":"2025-08-17 20:46:41.849","message":"All service connections validated successfully"}
{"level":"info","timestamp":"2025-08-17 20:46:41.965","message":"Start to listening the incoming requests","protocol":"kratos"}
{"level":"info","timestamp":"2025-08-17 20:46:41.965","message":"","ts":"2025-08-17T20:46:41+08:00","caller":"http/server.go:330","service.id":"costalongdeMacBook-Pro.local","service.name":"apiserver","service.version":"v0.0.0-master+$Format:%h$","msg":"[HTTP] server listening on: [::]:8080"}
{"level":"info","timestamp":"2025-08-17 20:46:41.965","message":"","ts":"2025-08-17T20:46:41+08:00","caller":"grpc/server.go:220","service.id":"costalongdeMacBook-Pro.local","service.name":"apiserver","service.version":"v0.0.0-master+$Format:%h$","msg":"[gRPC] server listening on: [::]:9090"}
{"level":"info","timestamp":"2025-08-17 20:46:48.359","message":"Shutting down server..."}
{"level":"info","timestamp":"2025-08-17 20:46:48.359","message":"Gracefully stop kratos application"}
{"level":"info","timestamp":"2025-08-17 20:46:48.359","message":"","ts":"2025-08-17T20:46:48+08:00","caller":"http/server.go:345","service.id":"costalongdeMacBook-Pro.local","service.name":"apiserver","service.version":"v0.0.0-master+$Format:%h$","msg":"[HTTP] server stopping"}
{"level":"info","timestamp":"2025-08-17 20:46:48.359","message":"Server exited successfully."}
{"level":"info","timestamp":"2025-08-17 20:48:52.977","message":"Starting application","name":"apiserver","version":"{\"gitVersion\":\"v0.0.0-master+$Format:%h$\",\"gitCommit\":\"$Format:%H$\",\"gitTreeState\":\"\",\"buildDate\":\"1970-01-01T00:00:00Z\",\"goVersion\":\"go1.25rc2\",\"compiler\":\"gc\",\"platform\":\"darwin/arm64\"}"}
{"level":"info","timestamp":"2025-08-17 20:48:52.978","message":"Golang settings","GOGC":"","GOMAXPROCS":"","GOTRACEBACK":""}
{"level":"debug","timestamp":"2025-08-17 20:48:52.978","message":"CFG: log.victoria-logs.service=apiserver"}
{"level":"debug","timestamp":"2025-08-17 20:48:52.978","message":"CFG: jaeger.env=development"}
{"level":"debug","timestamp":"2025-08-17 20:48:52.978","message":"CFG: jaeger.agent-host=127.0.0.1"}
{"level":"debug","timestamp":"2025-08-17 20:48:52.978","message":"CFG: log.victoria-logs.timezone=UTC"}
{"level":"debug","timestamp":"2025-08-17 20:48:52.978","message":"CFG: redis.write-timeout=3s"}
{"level":"debug","timestamp":"2025-08-17 20:48:52.978","message":"CFG: redis.dial-timeout=5s"}
{"level":"debug","timestamp":"2025-08-17 20:48:52.978","message":"CFG: redis.addr=127.0.0.1:6379"}
{"level":"debug","timestamp":"2025-08-17 20:48:52.978","message":"CFG: sentry.flush-timeout=5s"}
{"level":"debug","timestamp":"2025-08-17 20:48:52.978","message":"CFG: log.disable-caller=false"}
{"level":"debug","timestamp":"2025-08-17 20:48:52.978","message":"CFG: sentry.release="}
{"level":"debug","timestamp":"2025-08-17 20:48:52.978","message":"CFG: redis.pool-timeout=4s"}
{"level":"debug","timestamp":"2025-08-17 20:48:52.978","message":"CFG: http.addr=0.0.0.0:8080"}
{"level":"debug","timestamp":"2025-08-17 20:48:52.978","message":"CFG: sentry.profiles-sample-rate=0.1"}
{"level":"debug","timestamp":"2025-08-17 20:48:52.978","message":"CFG: jwt.max-refresh=2h"}
{"level":"debug","timestamp":"2025-08-17 20:48:52.978","message":"CFG: log.victoria-logs.flush-interval=5"}
{"level":"debug","timestamp":"2025-08-17 20:48:52.978","message":"CFG: sentry.attach-stacktrace=true"}
{"level":"debug","timestamp":"2025-08-17 20:48:52.978","message":"CFG: mysql.database=protoc"}
{"level":"debug","timestamp":"2025-08-17 20:48:52.978","message":"CFG: mysql.max-open-connections=100"}
{"level":"debug","timestamp":"2025-08-17 20:48:52.978","message":"CFG: jwt.signing-method=HS512"}
{"level":"debug","timestamp":"2025-08-17 20:48:52.978","message":"CFG: redis.database=0"}
{"level":"debug","timestamp":"2025-08-17 20:48:52.978","message":"CFG: jaeger.server=127.0.0.1:6831"}
{"level":"debug","timestamp":"2025-08-17 20:48:52.978","message":"CFG: jaeger.agent-port=6831"}
{"level":"debug","timestamp":"2025-08-17 20:48:52.978","message":"CFG: redis.read-timeout=3s"}
{"level":"debug","timestamp":"2025-08-17 20:48:52.978","message":"CFG: version=false"}
{"level":"debug","timestamp":"2025-08-17 20:48:52.978","message":"CFG: sentry.max-breadcrumbs=100"}
{"level":"debug","timestamp":"2025-08-17 20:48:52.978","message":"CFG: mysql.username=root"}
{"level":"debug","timestamp":"2025-08-17 20:48:52.978","message":"CFG: jaeger.enabled=true"}
{"level":"debug","timestamp":"2025-08-17 20:48:52.978","message":"CFG: log.victoria-logs.buffer-size=1000"}
{"level":"debug","timestamp":"2025-08-17 20:48:52.978","message":"CFG: log.output-paths=[stdout logs/app.log]"}
{"level":"debug","timestamp":"2025-08-17 20:48:52.978","message":"CFG: log-flush-frequency=5s"}
{"level":"debug","timestamp":"2025-08-17 20:48:52.978","message":"CFG: mysql.enable-trace=true"}
{"level":"debug","timestamp":"2025-08-17 20:48:52.978","message":"CFG: log.format=json"}
{"level":"debug","timestamp":"2025-08-17 20:48:52.979","message":"CFG: jaeger.service-name=apiserver"}
{"level":"debug","timestamp":"2025-08-17 20:48:52.979","message":"CFG: log.victoria-logs.environment=development"}
{"level":"debug","timestamp":"2025-08-17 20:48:52.979","message":"CFG: pool-monitor.redis.enabled=true"}
{"level":"debug","timestamp":"2025-08-17 20:48:52.979","message":"CFG: config=configs/apiserver.yaml"}
{"level":"debug","timestamp":"2025-08-17 20:48:52.979","message":"CFG: sentry.ignore-errors=[]"}
{"level":"debug","timestamp":"2025-08-17 20:48:52.979","message":"CFG: redis.max-retries=3"}
{"level":"debug","timestamp":"2025-08-17 20:48:52.979","message":"CFG: sentry.server-name="}
{"level":"debug","timestamp":"2025-08-17 20:48:52.979","message":"CFG: sentry.enable-profiling=false"}
{"level":"debug","timestamp":"2025-08-17 20:48:52.979","message":"CFG: log.victoria-logs.version=v2.0.0"}
{"level":"debug","timestamp":"2025-08-17 20:48:52.979","message":"CFG: log.enable-color=false"}
{"level":"debug","timestamp":"2025-08-17 20:48:52.979","message":"CFG: grpc.timeout=10s"}
{"level":"debug","timestamp":"2025-08-17 20:48:52.979","message":"CFG: jwt.key=onex(#)666"}
{"level":"debug","timestamp":"2025-08-17 20:48:52.979","message":"CFG: log.victoria-logs.endpoint=http://127.0.0.1:9428"}
{"level":"debug","timestamp":"2025-08-17 20:48:52.979","message":"CFG: jaeger.reporter-log-spans=true"}
{"level":"debug","timestamp":"2025-08-17 20:48:52.979","message":"CFG: jwt.expired=2h"}
{"level":"debug","timestamp":"2025-08-17 20:48:52.979","message":"CFG: log.victoria-logs.enabled=true"}
{"level":"debug","timestamp":"2025-08-17 20:48:52.979","message":"CFG: sentry.send-default-pii=false"}
{"level":"debug","timestamp":"2025-08-17 20:48:52.979","message":"CFG: sentry.debug=false"}
{"level":"debug","timestamp":"2025-08-17 20:48:52.979","message":"CFG: redis.min-idle-conns=0"}
{"level":"debug","timestamp":"2025-08-17 20:48:52.979","message":"CFG: mysql.max-idle-connections=100"}
{"level":"debug","timestamp":"2025-08-17 20:48:52.979","message":"CFG: redis.password="}
{"level":"debug","timestamp":"2025-08-17 20:48:52.979","message":"CFG: mysql.host=127.0.0.1"}
{"level":"debug","timestamp":"2025-08-17 20:48:52.979","message":"CFG: pool-monitor.database.enabled=true"}
{"level":"debug","timestamp":"2025-08-17 20:48:52.979","message":"CFG: pool-monitor.namespace=apiserver"}
{"level":"debug","timestamp":"2025-08-17 20:48:52.979","message":"CFG: redis.username="}
{"level":"debug","timestamp":"2025-08-17 20:48:52.979","message":"CFG: jaeger.sampler-param=1"}
{"level":"debug","timestamp":"2025-08-17 20:48:52.979","message":"CFG: http.timeout=10s"}
{"level":"debug","timestamp":"2025-08-17 20:48:52.979","message":"CFG: grpc.network=tcp"}
{"level":"debug","timestamp":"2025-08-17 20:48:52.979","message":"CFG: log.disable-stacktrace=false"}
{"level":"debug","timestamp":"2025-08-17 20:48:52.979","message":"CFG: help=false"}
{"level":"debug","timestamp":"2025-08-17 20:48:52.979","message":"CFG: mysql.password=proj(#)666"}
{"level":"debug","timestamp":"2025-08-17 20:48:52.979","message":"CFG: sentry.enable-tracing=true"}
{"level":"debug","timestamp":"2025-08-17 20:48:52.979","message":"CFG: pool-monitor.collect-interval=30s"}
{"level":"debug","timestamp":"2025-08-17 20:48:52.979","message":"CFG: v=0"}
{"level":"debug","timestamp":"2025-08-17 20:48:52.979","message":"CFG: sentry.environment=development"}
{"level":"debug","timestamp":"2025-08-17 20:48:52.979","message":"CFG: pool-monitor.enabled=true"}
{"level":"debug","timestamp":"2025-08-17 20:48:52.979","message":"CFG: sentry.traces-sample-rate=0.1"}
{"level":"debug","timestamp":"2025-08-17 20:48:52.979","message":"CFG: log.victoria-logs.batch-size=100"}
{"level":"debug","timestamp":"2025-08-17 20:48:52.979","message":"CFG: mysql.log-level=1"}
{"level":"debug","timestamp":"2025-08-17 20:48:52.979","message":"CFG: redis.enable-trace=true"}
{"level":"debug","timestamp":"2025-08-17 20:48:52.979","message":"CFG: log.victoria-logs.timeout=10"}
{"level":"debug","timestamp":"2025-08-17 20:48:52.979","message":"CFG: sentry.dsn="}
{"level":"debug","timestamp":"2025-08-17 20:48:52.979","message":"CFG: pool-monitor.database.slow-query=1s"}
{"level":"debug","timestamp":"2025-08-17 20:48:52.979","message":"CFG: mysql.log-mode=1"}
{"level":"debug","timestamp":"2025-08-17 20:48:52.979","message":"CFG: jaeger.sampler-type=const"}
{"level":"debug","timestamp":"2025-08-17 20:48:52.979","message":"CFG: grpc.addr=0.0.0.0:9090"}
{"level":"debug","timestamp":"2025-08-17 20:48:52.979","message":"CFG: sentry.sample-rate=1"}
{"level":"debug","timestamp":"2025-08-17 20:48:52.979","message":"CFG: sentry.enabled=false"}
{"level":"debug","timestamp":"2025-08-17 20:48:52.979","message":"CFG: redis.pool-size=10"}
{"level":"debug","timestamp":"2025-08-17 20:48:52.979","message":"CFG: log.level=debug"}
{"level":"debug","timestamp":"2025-08-17 20:48:52.979","message":"CFG: http.network=tcp"}
{"level":"debug","timestamp":"2025-08-17 20:48:52.979","message":"CFG: feature-gates="}
{"level":"debug","timestamp":"2025-08-17 20:48:52.979","message":"CFG: vmodule="}
{"level":"debug","timestamp":"2025-08-17 20:48:52.980","message":"CFG: mysql.max-connection-life-time=10s"}
{"level":"info","timestamp":"2025-08-17 20:48:52.980","message":"Connection pool metrics collection is enabled through dependency injection"}
{"level":"info","timestamp":"2025-08-17 20:48:52.980","message":"Metrics will be automatically collected by the PoolMonitor when database connections are established"}
{"level":"info","timestamp":"2025-08-17 20:48:52.980","message":"Database pool monitoring enabled","slow_query_threshold":1000,"collect_interval":30000}
{"level":"info","timestamp":"2025-08-17 20:48:52.980","message":"Redis pool monitoring enabled","collect_interval":30000}
{"level":"info","timestamp":"2025-08-17 20:48:52.980","message":"Logger configuration","level":"debug","format":"json"}
{"level":"debug","timestamp":"2025-08-17 20:48:52.980","message":"Debug logging enabled","caller_skip":2,"enable_color":false}
{"level":"info","timestamp":"2025-08-17 20:48:52.980","message":"Validating service connections before startup..."}
{"level":"info","timestamp":"2025-08-17 20:48:52.980","message":"Testing MySQL connection..."}
{"level":"info","timestamp":"2025-08-17 20:48:52.991","message":"MySQL connection test passed"}
{"level":"info","timestamp":"2025-08-17 20:48:52.991","message":"Testing Redis connection..."}
{"level":"info","timestamp":"2025-08-17 20:48:52.995","message":"Redis connection test passed"}
{"level":"info","timestamp":"2025-08-17 20:48:52.995","message":"Testing Jaeger connection..."}
{"level":"info","timestamp":"2025-08-17 20:48:52.995","message":"Jaeger connection test passed"}
{"level":"info","timestamp":"2025-08-17 20:48:52.995","message":"All service connections validated successfully"}
{"level":"info","timestamp":"2025-08-17 20:48:53.106","message":"Start to listening the incoming requests","protocol":"kratos"}
{"level":"info","timestamp":"2025-08-17 20:48:53.107","message":"","ts":"2025-08-17T20:48:53+08:00","caller":"http/server.go:330","service.id":"costalongdeMacBook-Pro.local","service.name":"apiserver","service.version":"v0.0.0-master+$Format:%h$","msg":"[HTTP] server listening on: [::]:8080"}
{"level":"info","timestamp":"2025-08-17 20:48:53.107","message":"","ts":"2025-08-17T20:48:53+08:00","caller":"grpc/server.go:220","service.id":"costalongdeMacBook-Pro.local","service.name":"apiserver","service.version":"v0.0.0-master+$Format:%h$","msg":"[gRPC] server listening on: [::]:9090"}
{"level":"info","timestamp":"2025-08-17 20:49:52.571","message":"Shutting down server..."}
{"level":"info","timestamp":"2025-08-17 20:49:52.571","message":"","ts":"2025-08-17T20:49:52+08:00","caller":"http/server.go:345","service.id":"costalongdeMacBook-Pro.local","service.name":"apiserver","service.version":"v0.0.0-master+$Format:%h$","msg":"[HTTP] server stopping"}
{"level":"info","timestamp":"2025-08-17 20:49:52.572","message":"Gracefully stop kratos application"}
{"level":"info","timestamp":"2025-08-17 20:49:52.572","message":"Server exited successfully."}
{"level":"info","timestamp":"2025-08-17 20:51:02.321","message":"Starting application","name":"apiserver","version":"{\"gitVersion\":\"v0.0.0-master+$Format:%h$\",\"gitCommit\":\"$Format:%H$\",\"gitTreeState\":\"\",\"buildDate\":\"1970-01-01T00:00:00Z\",\"goVersion\":\"go1.25rc2\",\"compiler\":\"gc\",\"platform\":\"darwin/arm64\"}"}
{"level":"info","timestamp":"2025-08-17 20:51:02.321","message":"Golang settings","GOGC":"","GOMAXPROCS":"","GOTRACEBACK":""}
{"level":"debug","timestamp":"2025-08-17 20:51:02.321","message":"CFG: http.network=tcp"}
{"level":"debug","timestamp":"2025-08-17 20:51:02.321","message":"CFG: mysql.max-open-connections=100"}
{"level":"debug","timestamp":"2025-08-17 20:51:02.321","message":"CFG: sentry.sample-rate=1"}
{"level":"debug","timestamp":"2025-08-17 20:51:02.321","message":"CFG: pool-monitor.redis.enabled=true"}
{"level":"debug","timestamp":"2025-08-17 20:51:02.321","message":"CFG: sentry.max-breadcrumbs=100"}
{"level":"debug","timestamp":"2025-08-17 20:51:02.321","message":"CFG: sentry.enabled=false"}
{"level":"debug","timestamp":"2025-08-17 20:51:02.322","message":"CFG: redis.password="}
{"level":"debug","timestamp":"2025-08-17 20:51:02.322","message":"CFG: redis.enable-trace=true"}
{"level":"debug","timestamp":"2025-08-17 20:51:02.322","message":"CFG: log.output-paths=[stdout logs/app.log]"}
{"level":"debug","timestamp":"2025-08-17 20:51:02.322","message":"CFG: pool-monitor.database.slow-query=1s"}
{"level":"debug","timestamp":"2025-08-17 20:51:02.322","message":"CFG: log.format=json"}
{"level":"debug","timestamp":"2025-08-17 20:51:02.322","message":"CFG: mysql.host=127.0.0.1"}
{"level":"debug","timestamp":"2025-08-17 20:51:02.322","message":"CFG: grpc.network=tcp"}
{"level":"debug","timestamp":"2025-08-17 20:51:02.322","message":"CFG: sentry.flush-timeout=5s"}
{"level":"debug","timestamp":"2025-08-17 20:51:02.322","message":"CFG: log.disable-caller=false"}
{"level":"debug","timestamp":"2025-08-17 20:51:02.322","message":"CFG: log.victoria-logs.endpoint=http://127.0.0.1:9428"}
{"level":"debug","timestamp":"2025-08-17 20:51:02.322","message":"CFG: log.victoria-logs.service=apiserver"}
{"level":"debug","timestamp":"2025-08-17 20:51:02.322","message":"CFG: pool-monitor.namespace=apiserver"}
{"level":"debug","timestamp":"2025-08-17 20:51:02.322","message":"CFG: mysql.max-idle-connections=100"}
{"level":"debug","timestamp":"2025-08-17 20:51:02.322","message":"CFG: jaeger.agent-host=127.0.0.1"}
{"level":"debug","timestamp":"2025-08-17 20:51:02.322","message":"CFG: jaeger.env=development"}
{"level":"debug","timestamp":"2025-08-17 20:51:02.322","message":"CFG: log-flush-frequency=5s"}
{"level":"debug","timestamp":"2025-08-17 20:51:02.322","message":"CFG: v=0"}
{"level":"debug","timestamp":"2025-08-17 20:51:02.322","message":"CFG: http.addr=0.0.0.0:8080"}
{"level":"debug","timestamp":"2025-08-17 20:51:02.322","message":"CFG: mysql.log-mode=1"}
{"level":"debug","timestamp":"2025-08-17 20:51:02.322","message":"CFG: jaeger.sampler-type=const"}
{"level":"debug","timestamp":"2025-08-17 20:51:02.322","message":"CFG: jaeger.reporter-log-spans=true"}
{"level":"debug","timestamp":"2025-08-17 20:51:02.322","message":"CFG: sentry.profiles-sample-rate=0.1"}
{"level":"debug","timestamp":"2025-08-17 20:51:02.322","message":"CFG: pool-monitor.enabled=true"}
{"level":"debug","timestamp":"2025-08-17 20:51:02.322","message":"CFG: log.level=debug"}
{"level":"debug","timestamp":"2025-08-17 20:51:02.322","message":"CFG: pool-monitor.database.enabled=true"}
{"level":"debug","timestamp":"2025-08-17 20:51:02.322","message":"CFG: log.victoria-logs.flush-interval=5"}
{"level":"debug","timestamp":"2025-08-17 20:51:02.322","message":"CFG: jwt.signing-method=HS512"}
{"level":"debug","timestamp":"2025-08-17 20:51:02.322","message":"CFG: help=false"}
{"level":"debug","timestamp":"2025-08-17 20:51:02.322","message":"CFG: vmodule="}
{"level":"debug","timestamp":"2025-08-17 20:51:02.322","message":"CFG: sentry.enable-tracing=true"}
{"level":"debug","timestamp":"2025-08-17 20:51:02.322","message":"CFG: log.victoria-logs.timeout=10"}
{"level":"debug","timestamp":"2025-08-17 20:51:02.322","message":"CFG: redis.database=0"}
{"level":"debug","timestamp":"2025-08-17 20:51:02.322","message":"CFG: jwt.expired=2h"}
{"level":"debug","timestamp":"2025-08-17 20:51:02.323","message":"CFG: redis.pool-size=10"}
{"level":"debug","timestamp":"2025-08-17 20:51:02.323","message":"CFG: redis.addr=127.0.0.1:6379"}
{"level":"debug","timestamp":"2025-08-17 20:51:02.323","message":"CFG: sentry.release="}
{"level":"debug","timestamp":"2025-08-17 20:51:02.323","message":"CFG: config=configs/apiserver.yaml"}
{"level":"debug","timestamp":"2025-08-17 20:51:02.323","message":"CFG: sentry.debug=false"}
{"level":"debug","timestamp":"2025-08-17 20:51:02.323","message":"CFG: feature-gates="}
{"level":"debug","timestamp":"2025-08-17 20:51:02.323","message":"CFG: log.victoria-logs.environment=development"}
{"level":"debug","timestamp":"2025-08-17 20:51:02.323","message":"CFG: jaeger.sampler-param=1"}
{"level":"debug","timestamp":"2025-08-17 20:51:02.323","message":"CFG: jaeger.agent-port=6831"}
{"level":"debug","timestamp":"2025-08-17 20:51:02.323","message":"CFG: http.timeout=10s"}
{"level":"debug","timestamp":"2025-08-17 20:51:02.323","message":"CFG: log.enable-color=false"}
{"level":"debug","timestamp":"2025-08-17 20:51:02.323","message":"CFG: redis.min-idle-conns=0"}
{"level":"debug","timestamp":"2025-08-17 20:51:02.323","message":"CFG: grpc.addr=0.0.0.0:9090"}
{"level":"debug","timestamp":"2025-08-17 20:51:02.323","message":"CFG: redis.read-timeout=3s"}
{"level":"debug","timestamp":"2025-08-17 20:51:02.323","message":"CFG: mysql.enable-trace=true"}
{"level":"debug","timestamp":"2025-08-17 20:51:02.323","message":"CFG: log.disable-stacktrace=false"}
{"level":"debug","timestamp":"2025-08-17 20:51:02.323","message":"CFG: redis.write-timeout=3s"}
{"level":"debug","timestamp":"2025-08-17 20:51:02.323","message":"CFG: log.victoria-logs.version=v2.0.0"}
{"level":"debug","timestamp":"2025-08-17 20:51:02.323","message":"CFG: redis.pool-timeout=4s"}
{"level":"debug","timestamp":"2025-08-17 20:51:02.323","message":"CFG: redis.dial-timeout=5s"}
{"level":"debug","timestamp":"2025-08-17 20:51:02.323","message":"CFG: grpc.timeout=10s"}
{"level":"debug","timestamp":"2025-08-17 20:51:02.323","message":"CFG: sentry.server-name="}
{"level":"debug","timestamp":"2025-08-17 20:51:02.323","message":"CFG: sentry.attach-stacktrace=true"}
{"level":"debug","timestamp":"2025-08-17 20:51:02.323","message":"CFG: log.victoria-logs.buffer-size=1000"}
{"level":"debug","timestamp":"2025-08-17 20:51:02.323","message":"CFG: mysql.database=protoc"}
{"level":"debug","timestamp":"2025-08-17 20:51:02.323","message":"CFG: sentry.ignore-errors=[]"}
{"level":"debug","timestamp":"2025-08-17 20:51:02.323","message":"CFG: jaeger.enabled=true"}
{"level":"debug","timestamp":"2025-08-17 20:51:02.323","message":"CFG: jaeger.service-name=apiserver"}
{"level":"debug","timestamp":"2025-08-17 20:51:02.323","message":"CFG: log.victoria-logs.timezone=UTC"}
{"level":"debug","timestamp":"2025-08-17 20:51:02.323","message":"CFG: redis.max-retries=3"}
{"level":"debug","timestamp":"2025-08-17 20:51:02.323","message":"CFG: mysql.username=root"}
{"level":"debug","timestamp":"2025-08-17 20:51:02.323","message":"CFG: jwt.max-refresh=2h"}
{"level":"debug","timestamp":"2025-08-17 20:51:02.323","message":"CFG: mysql.max-connection-life-time=10s"}
{"level":"debug","timestamp":"2025-08-17 20:51:02.323","message":"CFG: sentry.dsn="}
{"level":"debug","timestamp":"2025-08-17 20:51:02.323","message":"CFG: jaeger.server=127.0.0.1:6831"}
{"level":"debug","timestamp":"2025-08-17 20:51:02.323","message":"CFG: sentry.traces-sample-rate=0.1"}
{"level":"debug","timestamp":"2025-08-17 20:51:02.323","message":"CFG: sentry.send-default-pii=false"}
{"level":"debug","timestamp":"2025-08-17 20:51:02.323","message":"CFG: pool-monitor.collect-interval=30s"}
{"level":"debug","timestamp":"2025-08-17 20:51:02.323","message":"CFG: version=false"}
{"level":"debug","timestamp":"2025-08-17 20:51:02.323","message":"CFG: sentry.environment=development"}
{"level":"debug","timestamp":"2025-08-17 20:51:02.323","message":"CFG: mysql.log-level=1"}
{"level":"debug","timestamp":"2025-08-17 20:51:02.323","message":"CFG: jwt.key=onex(#)666"}
{"level":"debug","timestamp":"2025-08-17 20:51:02.323","message":"CFG: log.victoria-logs.batch-size=100"}
{"level":"debug","timestamp":"2025-08-17 20:51:02.323","message":"CFG: log.victoria-logs.enabled=true"}
{"level":"debug","timestamp":"2025-08-17 20:51:02.323","message":"CFG: redis.username="}
{"level":"debug","timestamp":"2025-08-17 20:51:02.323","message":"CFG: mysql.password=proj(#)666"}
{"level":"debug","timestamp":"2025-08-17 20:51:02.323","message":"CFG: sentry.enable-profiling=false"}
{"level":"info","timestamp":"2025-08-17 20:51:02.323","message":"Connection pool metrics collection is enabled through dependency injection"}
{"level":"info","timestamp":"2025-08-17 20:51:02.323","message":"Metrics will be automatically collected by the PoolMonitor when database connections are established"}
{"level":"info","timestamp":"2025-08-17 20:51:02.323","message":"Database pool monitoring enabled","slow_query_threshold":1000,"collect_interval":30000}
{"level":"info","timestamp":"2025-08-17 20:51:02.323","message":"Redis pool monitoring enabled","collect_interval":30000}
{"level":"info","timestamp":"2025-08-17 20:51:02.324","message":"Logger configuration","level":"debug","format":"json"}
{"level":"debug","timestamp":"2025-08-17 20:51:02.324","message":"Debug logging enabled","caller_skip":2,"enable_color":false}
{"level":"info","timestamp":"2025-08-17 20:51:02.324","message":"Validating service connections before startup..."}
{"level":"info","timestamp":"2025-08-17 20:51:02.324","message":"Testing MySQL connection..."}
{"level":"info","timestamp":"2025-08-17 20:51:02.330","message":"MySQL connection test passed"}
{"level":"info","timestamp":"2025-08-17 20:51:02.330","message":"Testing Redis connection..."}
{"level":"info","timestamp":"2025-08-17 20:51:02.333","message":"Redis connection test passed"}
{"level":"info","timestamp":"2025-08-17 20:51:02.333","message":"Testing Jaeger connection..."}
{"level":"info","timestamp":"2025-08-17 20:51:02.333","message":"Jaeger connection test passed"}
{"level":"info","timestamp":"2025-08-17 20:51:02.333","message":"All service connections validated successfully"}
{"level":"info","timestamp":"2025-08-17 20:51:02.436","message":"Start to listening the incoming requests","protocol":"kratos"}
{"level":"info","timestamp":"2025-08-17 20:51:02.437","message":"","ts":"2025-08-17T20:51:02+08:00","caller":"http/server.go:330","service.id":"costalongdeMacBook-Pro.local","service.name":"apiserver","service.version":"v0.0.0-master+$Format:%h$","msg":"[HTTP] server listening on: [::]:8080"}
{"level":"info","timestamp":"2025-08-17 20:51:02.437","message":"","ts":"2025-08-17T20:51:02+08:00","caller":"grpc/server.go:220","service.id":"costalongdeMacBook-Pro.local","service.name":"apiserver","service.version":"v0.0.0-master+$Format:%h$","msg":"[gRPC] server listening on: [::]:9090"}
{"level":"info","timestamp":"2025-08-17 20:52:53.252","message":"Starting application","name":"apiserver","version":"{\"gitVersion\":\"v0.0.0-master+$Format:%h$\",\"gitCommit\":\"$Format:%H$\",\"gitTreeState\":\"\",\"buildDate\":\"1970-01-01T00:00:00Z\",\"goVersion\":\"go1.25rc2\",\"compiler\":\"gc\",\"platform\":\"darwin/arm64\"}"}
{"level":"info","timestamp":"2025-08-17 20:52:53.252","message":"Golang settings","GOGC":"","GOMAXPROCS":"","GOTRACEBACK":""}
{"level":"debug","timestamp":"2025-08-17 20:52:53.252","message":"CFG: log.level=debug"}
{"level":"debug","timestamp":"2025-08-17 20:52:53.252","message":"CFG: sentry.debug=false"}
{"level":"debug","timestamp":"2025-08-17 20:52:53.253","message":"CFG: jaeger.server=127.0.0.1:6831"}
{"level":"debug","timestamp":"2025-08-17 20:52:53.253","message":"CFG: pool-monitor.database.enabled=true"}
{"level":"debug","timestamp":"2025-08-17 20:52:53.253","message":"CFG: sentry.attach-stacktrace=true"}
{"level":"debug","timestamp":"2025-08-17 20:52:53.253","message":"CFG: log.disable-stacktrace=false"}
{"level":"debug","timestamp":"2025-08-17 20:52:53.253","message":"CFG: log.victoria-logs.version=v2.0.0"}
{"level":"debug","timestamp":"2025-08-17 20:52:53.253","message":"CFG: pool-monitor.collect-interval=30s"}
{"level":"debug","timestamp":"2025-08-17 20:52:53.253","message":"CFG: http.timeout=10s"}
{"level":"debug","timestamp":"2025-08-17 20:52:53.253","message":"CFG: sentry.sample-rate=1"}
{"level":"debug","timestamp":"2025-08-17 20:52:53.253","message":"CFG: log.victoria-logs.endpoint=http://127.0.0.1:9428"}
{"level":"debug","timestamp":"2025-08-17 20:52:53.253","message":"CFG: log.victoria-logs.buffer-size=1000"}
{"level":"debug","timestamp":"2025-08-17 20:52:53.253","message":"CFG: sentry.environment=development"}
{"level":"debug","timestamp":"2025-08-17 20:52:53.253","message":"CFG: redis.enable-trace=true"}
{"level":"debug","timestamp":"2025-08-17 20:52:53.253","message":"CFG: config=configs/apiserver.yaml"}
{"level":"debug","timestamp":"2025-08-17 20:52:53.253","message":"CFG: version=false"}
{"level":"debug","timestamp":"2025-08-17 20:52:53.253","message":"CFG: redis.min-idle-conns=0"}
{"level":"debug","timestamp":"2025-08-17 20:52:53.253","message":"CFG: v=0"}
{"level":"debug","timestamp":"2025-08-17 20:52:53.253","message":"CFG: log-flush-frequency=5s"}
{"level":"debug","timestamp":"2025-08-17 20:52:53.253","message":"CFG: mysql.max-idle-connections=100"}
{"level":"debug","timestamp":"2025-08-17 20:52:53.253","message":"CFG: jaeger.agent-port=6831"}
{"level":"debug","timestamp":"2025-08-17 20:52:53.253","message":"CFG: sentry.max-breadcrumbs=100"}
{"level":"debug","timestamp":"2025-08-17 20:52:53.253","message":"CFG: log.victoria-logs.enabled=true"}
{"level":"debug","timestamp":"2025-08-17 20:52:53.254","message":"CFG: jwt.key=onex(#)666"}
{"level":"debug","timestamp":"2025-08-17 20:52:53.254","message":"CFG: log.victoria-logs.flush-interval=5"}
{"level":"debug","timestamp":"2025-08-17 20:52:53.254","message":"CFG: sentry.dsn="}
{"level":"debug","timestamp":"2025-08-17 20:52:53.254","message":"CFG: pool-monitor.enabled=true"}
{"level":"debug","timestamp":"2025-08-17 20:52:53.254","message":"CFG: mysql.log-level=1"}
{"level":"debug","timestamp":"2025-08-17 20:52:53.254","message":"CFG: jaeger.reporter-log-spans=true"}
{"level":"debug","timestamp":"2025-08-17 20:52:53.254","message":"CFG: log.victoria-logs.environment=development"}
{"level":"debug","timestamp":"2025-08-17 20:52:53.254","message":"CFG: help=false"}
{"level":"debug","timestamp":"2025-08-17 20:52:53.254","message":"CFG: log.enable-color=false"}
{"level":"debug","timestamp":"2025-08-17 20:52:53.254","message":"CFG: log.format=json"}
{"level":"debug","timestamp":"2025-08-17 20:52:53.254","message":"CFG: grpc.network=tcp"}
{"level":"debug","timestamp":"2025-08-17 20:52:53.254","message":"CFG: sentry.server-name="}
{"level":"debug","timestamp":"2025-08-17 20:52:53.254","message":"CFG: sentry.release="}
{"level":"debug","timestamp":"2025-08-17 20:52:53.254","message":"CFG: redis.write-timeout=3s"}
{"level":"debug","timestamp":"2025-08-17 20:52:53.254","message":"CFG: log.victoria-logs.service=apiserver"}
{"level":"debug","timestamp":"2025-08-17 20:52:53.254","message":"CFG: jaeger.enabled=true"}
{"level":"debug","timestamp":"2025-08-17 20:52:53.254","message":"CFG: redis.addr=127.0.0.1:6379"}
{"level":"debug","timestamp":"2025-08-17 20:52:53.254","message":"CFG: sentry.traces-sample-rate=0.1"}
{"level":"debug","timestamp":"2025-08-17 20:52:53.254","message":"CFG: redis.dial-timeout=5s"}
{"level":"debug","timestamp":"2025-08-17 20:52:53.254","message":"CFG: jaeger.env=development"}
{"level":"debug","timestamp":"2025-08-17 20:52:53.254","message":"CFG: redis.username="}
{"level":"debug","timestamp":"2025-08-17 20:52:53.254","message":"CFG: jaeger.agent-host=127.0.0.1"}
{"level":"debug","timestamp":"2025-08-17 20:52:53.254","message":"CFG: sentry.ignore-errors=[]"}
{"level":"debug","timestamp":"2025-08-17 20:52:53.254","message":"CFG: log.disable-caller=false"}
{"level":"debug","timestamp":"2025-08-17 20:52:53.254","message":"CFG: mysql.username=root"}
{"level":"debug","timestamp":"2025-08-17 20:52:53.254","message":"CFG: mysql.max-connection-life-time=10s"}
{"level":"debug","timestamp":"2025-08-17 20:52:53.254","message":"CFG: log.output-paths=[stdout logs/app.log]"}
{"level":"debug","timestamp":"2025-08-17 20:52:53.254","message":"CFG: redis.read-timeout=3s"}
{"level":"debug","timestamp":"2025-08-17 20:52:53.254","message":"CFG: vmodule="}
{"level":"debug","timestamp":"2025-08-17 20:52:53.254","message":"CFG: redis.database=0"}
{"level":"debug","timestamp":"2025-08-17 20:52:53.254","message":"CFG: sentry.enable-tracing=true"}
{"level":"debug","timestamp":"2025-08-17 20:52:53.254","message":"CFG: jaeger.sampler-type=const"}
{"level":"debug","timestamp":"2025-08-17 20:52:53.254","message":"CFG: log.victoria-logs.batch-size=100"}
{"level":"debug","timestamp":"2025-08-17 20:52:53.254","message":"CFG: mysql.password=proj(#)666"}
{"level":"debug","timestamp":"2025-08-17 20:52:53.254","message":"CFG: redis.pool-timeout=4s"}
{"level":"debug","timestamp":"2025-08-17 20:52:53.254","message":"CFG: grpc.timeout=10s"}
{"level":"debug","timestamp":"2025-08-17 20:52:53.254","message":"CFG: http.network=tcp"}
{"level":"debug","timestamp":"2025-08-17 20:52:53.254","message":"CFG: mysql.host=127.0.0.1"}
{"level":"debug","timestamp":"2025-08-17 20:52:53.254","message":"CFG: sentry.enabled=false"}
{"level":"debug","timestamp":"2025-08-17 20:52:53.254","message":"CFG: sentry.flush-timeout=5s"}
{"level":"debug","timestamp":"2025-08-17 20:52:53.254","message":"CFG: mysql.log-mode=1"}
{"level":"debug","timestamp":"2025-08-17 20:52:53.254","message":"CFG: jwt.signing-method=HS512"}
{"level":"debug","timestamp":"2025-08-17 20:52:53.254","message":"CFG: pool-monitor.namespace=apiserver"}
{"level":"debug","timestamp":"2025-08-17 20:52:53.254","message":"CFG: jaeger.sampler-param=1"}
{"level":"debug","timestamp":"2025-08-17 20:52:53.254","message":"CFG: jaeger.service-name=apiserver"}
{"level":"debug","timestamp":"2025-08-17 20:52:53.254","message":"CFG: pool-monitor.redis.enabled=true"}
{"level":"debug","timestamp":"2025-08-17 20:52:53.254","message":"CFG: sentry.profiles-sample-rate=0.1"}
{"level":"debug","timestamp":"2025-08-17 20:52:53.254","message":"CFG: redis.pool-size=10"}
{"level":"debug","timestamp":"2025-08-17 20:52:53.254","message":"CFG: jwt.max-refresh=2h"}
{"level":"debug","timestamp":"2025-08-17 20:52:53.254","message":"CFG: mysql.enable-trace=true"}
{"level":"debug","timestamp":"2025-08-17 20:52:53.254","message":"CFG: sentry.send-default-pii=false"}
{"level":"debug","timestamp":"2025-08-17 20:52:53.255","message":"CFG: grpc.addr=0.0.0.0:9090"}
{"level":"debug","timestamp":"2025-08-17 20:52:53.255","message":"CFG: log.victoria-logs.timeout=10"}
{"level":"debug","timestamp":"2025-08-17 20:52:53.255","message":"CFG: redis.password="}
{"level":"debug","timestamp":"2025-08-17 20:52:53.255","message":"CFG: mysql.database=protoc"}
{"level":"debug","timestamp":"2025-08-17 20:52:53.255","message":"CFG: redis.max-retries=3"}
{"level":"debug","timestamp":"2025-08-17 20:52:53.255","message":"CFG: mysql.max-open-connections=100"}
{"level":"debug","timestamp":"2025-08-17 20:52:53.255","message":"CFG: pool-monitor.database.slow-query=1s"}
{"level":"debug","timestamp":"2025-08-17 20:52:53.255","message":"CFG: sentry.enable-profiling=false"}
{"level":"debug","timestamp":"2025-08-17 20:52:53.255","message":"CFG: feature-gates="}
{"level":"debug","timestamp":"2025-08-17 20:52:53.255","message":"CFG: jwt.expired=2h"}
{"level":"debug","timestamp":"2025-08-17 20:52:53.255","message":"CFG: http.addr=0.0.0.0:8080"}
{"level":"debug","timestamp":"2025-08-17 20:52:53.255","message":"CFG: log.victoria-logs.timezone=UTC"}
{"level":"info","timestamp":"2025-08-17 20:52:53.255","message":"Connection pool metrics collection is enabled through dependency injection"}
{"level":"info","timestamp":"2025-08-17 20:52:53.255","message":"Metrics will be automatically collected by the PoolMonitor when database connections are established"}
{"level":"info","timestamp":"2025-08-17 20:52:53.255","message":"Database pool monitoring enabled","slow_query_threshold":1000,"collect_interval":30000}
{"level":"info","timestamp":"2025-08-17 20:52:53.255","message":"Redis pool monitoring enabled","collect_interval":30000}
{"level":"info","timestamp":"2025-08-17 20:52:53.255","message":"Logger configuration","level":"debug","format":"json"}
{"level":"debug","timestamp":"2025-08-17 20:52:53.255","message":"Debug logging enabled","caller_skip":2,"enable_color":false}
{"level":"info","timestamp":"2025-08-17 20:52:53.255","message":"Validating service connections before startup..."}
{"level":"info","timestamp":"2025-08-17 20:52:53.255","message":"Testing MySQL connection..."}
{"level":"info","timestamp":"2025-08-17 20:52:53.266","message":"MySQL connection test passed"}
{"level":"info","timestamp":"2025-08-17 20:52:53.266","message":"Testing Redis connection..."}
{"level":"info","timestamp":"2025-08-17 20:52:53.272","message":"Redis connection test passed"}
{"level":"info","timestamp":"2025-08-17 20:52:53.273","message":"Testing Jaeger connection..."}
{"level":"info","timestamp":"2025-08-17 20:52:53.273","message":"Jaeger connection test passed"}
{"level":"info","timestamp":"2025-08-17 20:52:53.273","message":"All service connections validated successfully"}
{"level":"info","timestamp":"2025-08-17 20:52:53.389","message":"Start to listening the incoming requests","protocol":"kratos"}
{"level":"fatal","timestamp":"2025-08-17 20:52:53.389","message":"Failed to serve kratos application","err":"listen tcp 0.0.0.0:9090: bind: address already in use","stacktrace":"github.com/costa92/go-protoc/v2/pkg/log.Fatalw\n\t/Users/costalong/code/go/src/github.com/costa92/go-protoc/pkg/log/log.go:198\ngithub.com/costa92/go-protoc/v2/pkg/server.(*KratosServer).RunOrDie\n\t/Users/costalong/code/go/src/github.com/costa92/go-protoc/pkg/server/kratos_server.go:49"}
{"level":"info","timestamp":"2025-08-17 22:05:03.723","message":"Shutting down server..."}
{"level":"info","timestamp":"2025-08-17 22:05:03.728","message":"Gracefully stop kratos application"}
{"level":"info","timestamp":"2025-08-17 22:05:03.728","message":"Server exited successfully."}
{"level":"info","timestamp":"2025-08-17 22:05:03.726","message":"","ts":"2025-08-17T22:05:03+08:00","caller":"http/server.go:345","service.id":"costalongdeMacBook-Pro.local","service.name":"apiserver","service.version":"v0.0.0-master+$Format:%h$","msg":"[HTTP] server stopping"}
